"PG.ProteinGroups","C_1","C_2","C_3","C_4","C_5","C_6","C_7","C_8","C_9","AA_1","AA_2","AA_3","AA_4","AA_5","AA_6","AA_7","AA_8","AA_9"
"A0A087X1C5;A0A1B0GTQ1;P10635",-1.55406120024556,-1.74955504723195,-1.5045403529928,-1.81043708624145,-1.30439740655607,-1.85764896596844,NA,-2.4138284174012,-1.52825138536015,-0.715022052502178,-0.489163004543887,-1.14980777171883,-0.752542627302319,-0.225565574785607,-0.883996792204417,-0.771900305665314,-0.778595519153297,-0.128166681484235
"A0A0G2JMD5;O60809;Q5VTA0",1.46840974028852,1.1082035768016,1.44779906782493,-0.211389801320601,0.902658170894879,0.670988174455225,1.00692580587108,0.783590713897164,0.965278402374553,-1.19112556002035,0.290626651143864,0.555554976008816,0.487919417702956,0.517964587024569,0.268002492498804,-0.0105750203852484,0.183821188620684,0.367838511836739
"A0A8I5KW96;P27144",NA,-3.14360247438686,-5.07815238944772,-4.36663382762337,NA,NA,-5.14441239838084,NA,-4.6968716787428,-3.49274676697984,-3.5480485912134,-3.31540702731382,-2.69469694616808,-2.60235562162659,-3.54869612701931,-2.69361671871651,-4.42948987630056,NA
"A0AVT1",-2.64899299592401,-2.62117181141977,-3.31560333681283,-3.5468700936778,-3.24790142565311,-3.08959435462338,-2.87278242963808,-2.65634466788583,-3.0389236150925,-2.90458416378155,-2.27087583071451,-1.83835347399501,-2.03618404670401,-2.12037467972362,-2.44965190846953,-2.3955285065738,-2.22554548540374,-2.37497486836101
"A0AAG2UXZ5;P39060",1.54869107978281,1.30538211873605,1.43545873702905,0.970406370085993,1.19376382594864,0.678205619681403,1.33629835453767,0.473138263191558,1.02713215391742,0.50543080510052,1.44203693118045,1.15444381994092,1.5696905809815,1.49665721505251,1.34221564383583,1.01583672883657,1.43250567523815,1.26917913111764
"A6NCE7;Q9GZQ8",0.556730590434551,0.972534147152528,1.56201271910178,0.745331698220868,1.1468337224689,0.509443148668497,1.04366166920293,0.627154322897296,0.724697306951928,1.58059965841581,1.80455076091504,1.90682734081191,2.62646706734342,2.36375603283331,2.41631520722504,2.12362113067098,2.42733116174099,2.11178922239225
"A6NDG6",-0.525434591570857,-0.185332326604458,-0.212699807697916,0.317978819815441,0.124539197310787,-0.0646678901024824,0.336995629128857,0.534746536791934,0.0693246621044423,0.464619075726427,0.559080563997338,0.591205721130063,0.780488176602354,0.818567506179068,0.430901319485034,0.620706696040571,0.507400328111967,0.604240463426407
"A6NHL2",-0.870645064906744,-0.905169262976192,-1.04764839062264,-0.751361673028061,-1.5505232032997,-0.790554702530157,-1.62440477332071,-1.02405330605927,-0.814630583640217,0.81145039455415,-0.311232696146231,-0.307530874446972,-1.60431089322217,-0.260279977371942,0.175206899361115,0.0141442835440611,-0.518126893702476,-0.733614223638932
"A6NJZ7;A6NNM3;Q9UFD9",-2.50363546249817,NA,NA,NA,NA,-1.92233263931273,NA,NA,-5.13338419592018,-0.698761080368469,-1.89176916874997,-1.60327700143269,-2.53738037206096,NA,-2.86913223725632,-1.64766255278164,NA,NA
"A8MWD9;P62308",0.571698012567778,0.110790170598747,0.531154145898784,0.158176608703704,0.0728802452244448,-0.128774176013257,-0.741013444046255,-0.778658783348323,-0.726420102383154,0.791544624009811,0.174811023502683,0.608674847843766,-0.536908090954872,-0.312119722942393,-0.0484769656171284,0.280300405041595,-0.675663090186087,-0.260178818343819
"A8MXV4",-3.31085395106122,NA,-4.15821819044193,NA,NA,NA,-3.24725768672851,NA,-4.30328065920999,-2.24050941693295,-2.88065012645902,-2.68373079764385,-3.24133593889215,-2.98604850481238,-3.08912221484656,NA,-1.86809102838363,-2.94778234209384
"A9QM74",-1.98039986827874,-1.41249300416585,-1.65307704086721,-1.6927259740952,-3.61091768999263,-2.54743386623847,-1.56016504286774,-1.36301309615679,-2.91664519950947,-2.42216598362208,-0.868927946885829,-0.230783353593344,-0.862712421964915,-1.52828504839978,-1.01622632075836,-1.10012108340078,-0.801005689734041,-1.99097748080148
"B9A064",2.54422213038066,2.97809784217437,2.06426790565826,1.52300127978504,2.79433737661113,2.29794493891626,2.75497952877395,3.02999971239419,2.47720949706803,1.86345706730623,1.11680548404112,1.19065999416178,1.40671126425426,1.4456564680959,1.7524006510934,0.338351137925805,1.37609939497332,-0.175852663254782
"C9J202;Q9BT22",20.1536365183352,10.0789427504488,9.35805704433569,19.7974838461582,10.176445643192,10.0876248868134,9.65589841635099,10.3094809689157,10.0525075186972,9.75113160438218,9.43228812772182,9.44398218148867,9.24845295905491,9.8039032803256,19.5718854408797,20.0507805328923,19.7585097856354,9.85793953608256
"E9PAV3",1.01926111250187,0.519751406389686,0.923370635792331,0.992828712421513,0.523046196014878,0.949002340457774,0.773533403147969,0.539713433348505,0.455292170972635,1.5188366708018,1.4499909609331,1.42438208504736,1.10949344211215,1.4885643262145,1.00902432403872,1.14863489703614,0.902437600003818,0.427112491863893
"O00115",4.51994866225265,4.3966385847201,4.66047951087571,4.56997991115385,4.71258021333792,4.44433990073645,4.79590911498898,4.6452219278746,4.52444835420893,3.79595134169152,4.22562243060207,4.11878522051365,4.32637920535293,4.21128994570871,3.7401996658504,3.69921218575058,4.25730178031869,4.37117062004629
"O00139",NA,-3.43355856957422,-3.37273290366704,-3.26036059203146,NA,NA,-2.15176245036747,NA,NA,-2.38021921464351,-2.70041697771406,-3.11417675749738,-1.8864361845637,-2.9518057959012,-2.7548444759261,-2.34091307008356,-1.47468258863359,-3.58048663939443
"O00148",-1.86388959255338,-1.52918742721886,-1.59617667814745,-1.33352142755694,-3.05994908813993,-1.93267648810569,-1.46210992472743,-3.01808203537375,-1.0824821303948,-1.24359061488147,-1.92464372650459,-1.87021989163588,-2.56033124483194,-1.56547654215273,-1.60151574107181,-1.67723480439713,-2.60000928654694,-2.07253074351843
"O00151",-0.0561516355058274,-0.0155106436816954,0.106385565092967,-0.271841366918787,0.68857828180718,0.34101786342619,0.196702625918874,-0.224346625537851,0.195645854623347,0.705123999556561,0.529443826050468,0.657937351768298,0.44784341915881,-0.432062478699054,0.555524976501745,0.106080420639465,0.168974309325291,0.183262337226276
"O00154",1.3483307916464,1.1672392993049,1.48991059535812,1.03935595095141,1.34356050165333,1.54066816175493,1.42651340602623,1.02787097566347,1.26735034390003,2.07050697760063,2.00639521888702,2.10396307116334,2.14383109021438,2.06814598096128,2.02526376206354,1.96574897615173,1.99233558249975,1.61329003662715
"O00159",-3.50848453638906,-3.15259096408847,-2.99166752982447,-3.94687282130713,-2.39123459574721,-2.62316628629777,-3.20623443332632,-3.25433026320023,-3.4931188337461,-1.75322420373506,-2.58902921482219,-1.86588043229744,-1.78053777873665,-2.47947008228011,-1.48960498379514,-1.76579619216887,-1.06245667134103,-1.93318628013804
"O00170",-1.09137071143982,-0.542442797093637,-0.614774031363654,-0.462415584551804,-0.68326640836528,-1.2836183329666,-1.68340921685768,-0.868033090209869,-1.62653403509156,0.0660396025221743,0.277607504688763,0.120452126067732,0.34857451023217,-0.0387313528051187,-0.131001794819406,0.344752943985576,0.294699782046283,0.0278243554652136
"O00187",-1.83442316083679,-1.25273232090414,NA,-1.62087120516087,-3.3682450656163,NA,-2.36635513985081,-5.14957320327109,-3.52065248232481,-2.60347259374566,-3.14267242390023,-4.94797374016301,-5.01130650023535,-2.09656220698832,-2.05831828722811,-2.38657297717417,-6.4344839851945,NA
"O00193",-1.93930880974922,NA,-2.4605332517899,-1.08215677872194,-1.86330533831858,-2.46740211268116,-1.70079375685674,-1.08824589765593,-1.29372361064497,-0.76755917720826,-1.49398373822598,-1.17980553229535,-2.15226676150978,-1.04362791985229,-2.24281143233076,-1.1743977825129,-1.65629564339151,-2.24105450642897
"O00203",1.39442262130664,0.873629082341164,0.867183973223538,1.38659672337826,1.45441765851698,1.1563589048976,0.673394486239197,1.6730755720751,1.5775251597053,1.30612618093813,1.58811135300847,1.92698579544432,2.05977922677839,2.39000877954456,1.97802177099586,1.74358685132355,1.70588694734863,1.20484888942205
"O00214",0.266272654941622,0.0555809696809053,0.527387718464684,0.322596138295548,0.0722175405353926,0.0555791361839599,0.496811734362586,0.791694384103687,0.341532870266322,-0.946540136281938,-0.78251127263791,-1.02321221562453,-1.33564367890652,-0.800679238038687,-0.868321865405528,-1.32812010289245,-1.37679437260006,-1.23208989788233
"O00231",-0.369516721811005,-0.518037057730687,-0.188429233424648,-0.558439833381838,-0.48353896202501,-0.238912491634304,-0.123545425945373,-0.543774699056966,-0.221016874649491,0.15374704251885,-0.0249115013182983,-0.101485604214547,-0.021429859207478,-0.40286338563205,0.194589886917603,0.391795049276176,0.0292004747565375,0.0859710771095585
"O00232",-0.914675941266801,-0.732793103725112,-0.919967578046404,-1.86274296167384,-1.62787566358649,-1.05628111128188,-1.0398199395986,-0.803644462383279,-0.776622375421948,-0.937291474237736,-1.10656415833667,-0.729532426075594,-0.549440571145754,-0.837652771944042,-1.11709266408097,-0.719793605693958,-0.952379223893756,-1.23646371342191
"O00233",-1.17927896231884,-0.6865513290364,-0.79267170942149,-1.01372988239074,-0.464056251743912,-0.606124397060418,-0.34413951620548,-0.525689811912061,-0.852130784527979,-0.107225145016303,0.248689161269491,-0.00132681388534373,-0.450954982544011,-0.115202824534769,-0.286505044217005,-0.300877845931819,-0.840677735117485,-0.354343059904378
"O00244",-0.422795403597316,-0.0369165974888581,0.47329890835049,-0.503172589535165,-0.889476667549785,-0.201168897508891,0.176739216577083,-0.319152014581041,-0.298928174237027,1.43132048178435,0.99299706322261,1.48084597788302,1.63639350969359,0.874050508407729,1.34188534054116,1.18250113530472,1.34048379344132,1.61992913518505
"O00264",-1.33223692860859,-0.717620415897422,-0.331643848170735,-1.43119705903308,-1.18524264070983,-1.06576686089212,-1.4421517850425,-1.97033268913235,-0.89213391308036,-0.963641343226657,-1.45652065839733,-1.34251289001864,-1.31854030444234,-1.50445849591789,-1.69774008660698,-2.09236024542512,-1.5713587284235,-0.842026184409333
"O00267",-5.19742161168057,-3.56509538773969,-2.92002203364708,-1.98959837077846,-2.71104891845969,-3.05921266006797,-2.47833214284533,-2.82258619244347,-2.95563774950073,-1.416060315596,-2.28552054108521,-2.52889491084873,-2.12379745706128,-2.12864820307009,-2.81606073765789,-2.19196292581173,-2.57329312285015,-2.28635963193271
"O00273",-3.44920423939179,-3.01131325814883,-3.7133165960319,-2.07819927210408,-3.04753884062534,-4.40292204462216,-4.7614888033787,-3.6754411292512,-2.99611753272307,-2.11083192814341,-2.48188143295617,-2.59966634467465,-2.75612742280772,-3.04031590005073,-2.53520756796935,-2.4646064963724,-2.87153311771263,-2.60946748674107
"O00299",4.58683341448055,4.75951409129406,4.94389933910186,4.92617673837803,4.80884501433566,4.88383814813302,4.63716169869472,4.6649743574935,4.69457884111111,5.28291178635128,4.92646306588975,5.00886108586756,4.96002389194858,5.1902271276897,5.4435839221964,5.31771969923058,5.12805851137748,5.31343283469282
"O00300",1.95898053638967,2.13843200477929,2.37729641119206,1.8593777792226,1.36731530729082,1.35273333375302,2.3289157011447,1.9666889983334,2.26063216312921,-0.234258958642366,0.0116512701278371,-0.0549123541495948,-0.157564719322965,0.276979452585119,-0.00411033428513718,-0.223990929203392,0.294384496405577,0.111418491940299
"O00303",0.11525474486001,-0.144987364368953,-0.0107466332655068,-0.359761157257964,-0.678651990650454,-0.263194699485869,-0.141162912445738,-0.41728256087233,-0.0517424239145221,0.458817681319442,0.472107714060579,0.367079500884234,0.402882154200654,0.490521013270826,0.336233065236717,0.128466961214642,0.143535183620971,-0.137070578882797
"O00339",4.5451560729261,4.63660757865379,4.9252747561314,3.65014922962058,3.77092707005781,3.63268870488793,4.0369629680058,3.10373086311791,4.10906803050179,1.50855126955252,1.50635903049706,1.56358325928587,1.12744171345395,1.15696400441288,1.34786909679788,1.68602717434879,1.4235455631814,1.45047336124289
"O00391",8.5055869024177,8.53929130871764,8.64868692618631,8.62304536241839,8.5874104965668,8.40155845301984,8.69722275622692,8.58326332722626,8.69139592436543,7.0303462859979,7.14060751691261,6.80759824109131,7.07180980191673,7.32437119265452,7.0940073228048,7.24292870121481,6.98653608120546,16.8729376825535
"O00410",2.80692961536449,2.53664049416739,2.62550310726035,2.45913723512126,2.52822841470794,2.40390512529581,2.54991744744159,2.72107197252641,2.59170731141191,3.57332952563308,3.43645051330145,3.35854510021391,3.69043807496023,3.81908013632718,3.51839024352893,3.87186169672916,3.6817477664448,3.74333925767225
"O00429",-1.33961153275488,-1.00875717942118,-1.51647742787875,-1.38897025516963,-1.09801383464162,-0.979719244323966,-1.42771353346796,-1.78310135711247,-1.43351827411949,-0.542210527326683,-0.580774055348654,-0.252824643800494,-0.417539509116095,-0.282749751224255,-0.183234394739232,-0.342506209160943,-0.573652087347538,-0.20693808567234
"O00461",-0.927248554222823,-0.161774201560075,-0.359091714884375,-0.330744319645298,-0.601185291283429,-0.576309265803824,-0.319753170871977,-0.590557555783592,-0.956160964095813,-0.69972343767204,-0.78081057959835,-0.439338831074449,-0.425239804319028,-0.219771294841975,-0.545659095970215,0.00110411573386138,-0.673249005322578,0.175409944277943
"O00462",1.07826488890557,1.24949175237725,1.40215089076094,1.38396533089604,1.37652460417748,1.30439075934108,1.36474558457004,1.32028845508853,1.47684118406814,0.494204112640423,0.932669993126668,0.733502341093503,0.791920365485595,0.780745204415538,0.504187528191908,0.25953369022343,0.782587088697703,0.557991337824875
"O00468",6.83723901265845,6.94136409743987,6.98901648210686,6.52289298155475,6.44542409887462,6.28705120196594,6.73217981972271,5.82519128914127,6.73350971351696,6.14044241887957,6.52726374778574,6.52315813475746,6.62933644491932,6.40329320732779,6.16023783628178,5.97438884501037,6.49894401609394,6.54356941934027
"O00469",2.00526904861594,2.07277980528428,2.03997737924656,1.99442712694996,1.84375936897078,1.77789323424028,1.93082162021383,1.88031853182847,1.94828263668925,2.0968275043745,2.34745351385541,2.19085033685666,3.18329698446322,3.37980330650803,2.96797742757447,3.1721042432752,3.27401506571989,3.28289892552571
"O00487",-0.0408676411504043,0.249422855959059,-0.112723888581193,0.126733010210899,-0.343524324373099,0.110204561308267,0.308888655128037,-0.0978301258985255,-0.179765603142856,0.257891733931622,0.548789801815033,0.628810711183277,0.502562351019392,0.239330331920964,0.424568781304318,0.217147957657495,0.521783097616984,0.125671322792254
"O00505",-0.289720817142587,-0.618195954606,-0.294546044712332,-0.24371102450664,-0.658263173755152,-0.862496322695128,-0.317328955842063,-0.849127933818941,-0.0386167245710407,0.639982664645299,0.283366316879635,0.217261452601635,0.672826263232288,0.354164626250196,0.286295063162184,0.244025229659233,0.700967483042094,-0.0525990676569172
"O00560",0.627893906683607,0.819971490389696,0.899934040746293,0.989411244904748,1.12972488667119,0.90394863892454,0.740163698771752,0.125390182287836,0.756162614747005,0.481560359701943,0.414103096799286,-0.167273585986571,-0.113593803825863,0.506454061821742,0.497183630764001,0.698392278167901,0.554364025507107,0.630380887923231
"O00567",-5.46736855591758,-2.89283670563892,-7.3964027486493,-3.72239449909969,NA,NA,NA,NA,NA,-4.07811955437845,-1.37065398440207,-2.90956207982392,-7.16882732122217,-3.61967387423198,-5.92538463586564,NA,-4.18338341618188,-2.23493842695384
"O00571",NA,-1.23714951755045,-1.62706373772256,-1.88051908813977,-3.14176363677954,-2.79581136740784,-1.96271551128359,-1.60590349152024,-2.42639203846841,-2.39369712104961,-1.66185413763026,-1.57894375051629,-2.6641542399777,-3.248983322279,-2.85376858114546,-2.87890387026851,-2.03511556675951,-4.30363183734996
"O00584",2.03958868167297,1.98598050032587,2.38797329391133,2.16976034823919,2.17798263283065,2.00034881419204,2.50539501715733,2.18344230699107,2.29578764218888,1.58213819542355,2.01611896648319,1.7923135787038,2.2131219516176,2.25087384787443,1.71333393797886,1.65041017154432,2.3307558140974,2.24267742790093
"O00592",0.203747055857955,1.00379235844479,1.00620549399352,1.09772961583113,1.11649413034244,0.840036004071951,1.28700729572528,1.21355754888778,0.91012423061002,0.811496046907308,1.68673208471023,1.87059452179317,2.27075670036857,2.17018712629059,1.70555099979276,2.13028598791649,2.29365248273291,2.10384678677665
"O00622",6.75739178262377,6.80765087163257,7.12545048394712,6.63121490479889,6.28558737610336,6.13351454293477,6.75777413549411,6.15066186673604,6.68124704466567,7.35615806499591,6.26472445161836,6.48124996416682,6.16619980344765,5.9781345952712,7.19257526167652,7.13700132576504,6.02838281121723,6.2518088260225
"O00629",-2.46179754754909,NA,-3.99282345976943,-2.62654186527779,-3.51291184172326,-2.72102077108723,-4.26907696592332,NA,NA,-2.07164950688179,-3.0631016154507,-2.95435754812376,-3.59741135329317,-2.18295225524058,-3.01750591070173,-2.26744872621258,-4.98627919428396,-3.03631725353587
"O00743",NA,-1.67404693858553,-1.76293820931572,-2.2406665839522,-3.16517875112733,-1.8352176168975,-1.67809426382234,-1.4768187940927,-2.30756913499316,-1.56462291813637,-1.69798223934872,-2.09246071945918,-1.54749037518668,-2.24235608601429,-1.75232032176074,-2.31904052249798,-1.96854751944276,-2.34256556480793
"O00754",3.21759812705117,3.23731650330036,3.376319177795,3.21290566300773,3.06731034266545,2.86990315067029,3.4074160965683,3.20369098156197,3.34125654300448,2.26483530950606,2.7772318109937,2.59218377385596,2.66209974291746,2.52529530926009,2.1432704976328,2.17081097758644,2.68296182565538,2.6517201953268
"O00762",NA,NA,NA,NA,NA,NA,NA,NA,NA,-1.32841138594386,NA,-3.47639572830756,NA,NA,NA,NA,NA,NA
"O00764",-3.2291061181866,-1.28729588280956,-1.94133379386861,-1.89023616677503,-1.94040093068495,-2.24032870720283,-2.03368623950206,-2.28753839122752,-2.21120894216723,-2.41125988663931,-1.23826164635802,-1.16344217557804,-1.02578839771378,-1.05619364745146,-1.25960884155433,-0.87044064890884,-0.696408817334043,-0.983984559362793
"O14579",-0.105729617749661,0.656842292367804,0.339646092003502,-0.00872371131851679,-0.0992833547141512,-0.104271079011543,-0.495676741355394,-0.0623896597433653,0.0403494175427053,1.16160915044483,0.789232441167162,0.950295906458289,1.22008885549895,0.827992586481161,1.15411998253356,0.747425591133595,0.864091364269079,1.07267388640059
"O14617",-2.95835939772495,-3.56473654456619,-3.22434276528924,-2.38040513817544,-2.14681570021736,-2.94645518508804,-2.450136551139,-2.83118331432318,-2.3732439586026,-1.96729245619903,-1.90155747873278,-2.74839649975618,-2.546464817038,-3.56306883078834,-2.83030910211833,-2.57002280425846,-3.65459522858537,-3.23798452078929
"O14618",-2.18240302856089,-2.31420447126216,-1.48105938085577,-2.93491369353045,NA,-1.28148559098903,-2.24619569232086,-1.7742412930096,-2.66327435678805,-0.787645740702192,-0.532766411795522,-0.698468846266818,-0.37197631155334,-0.696817561481167,-1.11178264554883,-0.866768107940341,-0.54603093075452,-0.663656186262502
"O14657",1.83055816323257,2.23379946954989,2.24747775257699,1.9639578423696,2.05454922163364,1.72534937706237,2.17298824772976,2.02848097316746,2.14226875228359,0.883196897134569,0.891535511628037,1.12025075774769,1.6737881827901,1.36496350661728,1.30006138302315,1.3822872152026,1.43654806912669,1.21289807374343
"O14672",3.54571671220406,3.33457273512555,3.74222165549931,3.80091879344229,3.77022797685112,3.44535679332621,3.83658201810949,3.5250180021747,3.79268897620678,2.01358508551205,2.14064523078824,2.2638981580372,2.73748276310466,2.77410279331335,2.38958800450071,2.38980112868867,2.84205765239091,2.9156397102687
"O14737",-0.894254043721427,-0.918779017948117,-0.0783974667986627,-0.55358229124537,-0.821242037894807,-0.645475999773923,-0.421665534066975,-0.874177372827303,-0.345844260171855,0.595801165818537,0.433798057795832,0.818339596275209,0.600177640199044,0.287598704624854,0.323749921268336,0.316920750276237,0.53930647577263,0.00639771760942587
"O14744",-1.1476955111958,-0.988884889853675,-0.602261025526683,-0.953086227329573,-1.35292157876902,-1.0515403411211,-0.888344625850944,-1.20166938832719,-0.179658637660776,-0.219408582548661,-0.118159462990187,-0.0917630916343715,-0.0174294692392749,-0.0661767906542909,-0.281559860462441,-0.175441660094876,-0.378348574222423,-0.337603224496542
"O14745",-1.52803871934479,-1.73680819085581,-2.11598399198395,-1.36600809210084,-1.79313799951586,-1.56533750054902,-1.84396231340271,-1.78717669664019,-1.23592182135021,-1.57635554769618,-1.005635306073,-1.71313046851575,-1.26956697241561,-0.948101501450679,-1.54917066573862,-1.20656327177249,-0.969063060010598,-0.777458878977862
"O14773",3.38246252521428,3.3216646660754,3.52640013082558,3.52397693220338,3.43729184278449,3.1228558745068,3.52958231524065,3.48663968872966,3.42910789444819,2.86894303707088,3.52171890061692,3.23956140806825,3.71786339521873,3.93088573432822,3.53370247889168,3.34679240789911,3.67742631152854,3.53408745370279
"O14776",NA,-2.68051467696348,-3.13105353891174,-2.22035020621003,-4.28107872695279,-3.0656977971264,-3.37098285539626,-3.6990940691272,-2.5464826697279,-2.54725277930117,-2.82408791972929,-2.18109852436,-3.13342848325986,-3.04661811699155,-2.7589961051213,-2.71302311751589,-3.29600435670905,-3.03591992175397
"O14786",4.16976631256453,4.35755791262029,4.5469465629157,4.53335709264896,4.50609324010696,4.25364657105036,4.61253615024514,4.44161681717651,4.60875787040822,3.45200433009447,3.85457054194447,3.82191233350191,3.83283516342533,3.70098636144924,3.28812008930703,2.84188417049138,3.19998580346573,3.29563651487599
"O14787",-0.817355701281142,-0.633841195308236,-0.60684964727066,-0.417766452225301,-0.629189017254825,-0.66430183546789,-0.911600114784961,-0.65782065340208,-0.759855538411863,-0.129352025253445,0.00343029504074543,0.0207801894268371,-0.136594263380946,-0.136479700212076,-0.331964580716571,-0.208837196962095,-0.657055028211174,-0.125216297192924
"O14792",2.63042568204118,2.47838943095563,2.66527752189809,2.37018800530417,2.14969144038751,2.20319754029595,2.62414637824692,2.39819380308156,2.51132064365666,-0.168445068186815,0.123581232640788,0.514548611132522,-0.246755425590436,-0.247085881303205,0.299243663135714,0.339546080386716,0.317964747200129,0.247740292644787
"O14817",-5.08770395594373,-3.67277159967457,-2.81571843525303,-2.63160455490828,-2.57220026055079,-3.38320436109187,-2.58508156067343,NA,-0.721584179139063,-2.5911442731441,-3.02140233933887,-4.18035051683604,-2.94403151263033,-3.202713982893,-2.96175298950408,NA,-2.90055492816179,-3.89999918539496
"O14818",2.46061312017203,2.40228296407327,2.54162332682524,2.62234009704415,2.38324989178068,2.27745842272567,2.55143508661601,2.56006786683252,2.54769985576088,2.4721933268558,2.56184841758328,2.18838074713153,1.81222291694896,2.2514756611414,2.24605020830115,2.47700969027832,2.00655449191326,1.90869792492121
"O14879",NA,NA,-2.99449401037986,NA,NA,-3.05115877417647,-2.71671051206157,NA,-1.91178864198698,-2.44211669024157,-2.60240889995875,-1.88111687987107,-1.86341843747449,NA,NA,-2.31621076211266,-2.74607686574356,-1.56938166567856
"O14907",1.26439534418726,-1.58050120927106,0.909665596532358,1.59244458892005,0.224760384728055,NA,0.0916344665512998,0.327435194542602,1.77415741704143,1.12006351501702,1.00828702781215,0.43220090902965,0.52364878200841,0.720496449556196,-1.18264568582091,-0.384609406908661,0.730442241622335,-2.74768046962922
"O14908",-1.90973833972442,-2.41985438501063,-2.25762067706032,-0.807631301361934,-2.35681446203131,-1.72534856908911,-2.65988575293411,-1.58044657065767,-2.27630226925945,-1.98111554077848,-2.53078496564259,-1.81009086091502,-2.49501130673307,-2.37977845599211,-2.26012883855263,-2.46143027067324,-2.87372831447996,-2.12121157577371
"O14950;P19105",2.13249675025317,2.35905041803441,2.65085170231485,2.30694883256754,2.61288011249698,2.68020577649016,2.09779272684667,2.18570190103955,2.27820047151518,3.2617542065189,3.24869074156071,3.32052656490794,3.15897022031075,2.88590370241909,3.0760124731277,3.18969866751914,3.09169006458426,3.01191001807005
"O14964",-1.42517833959661,-1.8678016000408,-1.83819181667699,-1.86029099131939,-2.00003692603129,-2.31172868292874,-1.80179116494487,-0.450211179126736,-2.4048309843732,-1.24200069893353,-0.972321599003961,-0.744049516959853,-1.02297572242482,-1.18223574377936,-0.974619138510151,-1.09854429555524,-0.737433924523024,-2.22011002101713
"O14974",-1.14908407186602,-1.89739834617242,-1.05403951171376,-1.19862917767041,-1.25681490592678,-1.52596357304079,-1.26475008007396,-1.07598701596199,-1.08371033764427,-0.405221958386992,-0.58437155041227,-0.445593652475155,-0.829558705069682,-0.945010051871574,-0.637786242313548,-0.5663754727007,-0.63163512970803,-0.609356004001067
"O14979",0.874840119153307,0.861129675996832,1.44201840966237,0.633293211473736,1.12039190798532,0.985874117581528,0.76531573149575,0.377422632370067,0.904829262161522,1.76540655014723,1.1506086863433,1.78603183167077,1.50550064383619,0.828543924168443,1.02888955525684,1.07122100884748,1.15914856986409,1.2617425873808
"O14980",1.32624064618899,1.16895997338982,1.09895739181715,0.997141479070986,0.869751146607731,0.894586511586304,1.11323626321148,1.02228040648772,1.11124199576546,1.74454297631132,1.57706848558815,1.59436242562666,1.52829867755187,1.51029175564675,1.63584584051906,1.77141118300669,1.59518674587943,1.67115137946554
"O15031",0.953910426822846,1.43696289193158,1.29893848154319,1.08234798398515,1.23418554392999,1.04688510279794,1.16190602804326,1.43983822103853,1.48601784103795,0.396447684987773,0.718110328438399,0.746986888998148,0.676312560244623,0.783478932458397,0.568957860189665,0.423389330629309,0.697411733418907,0.573931741238724
"O15050",-3.02070254276917,-1.28868451766303,-3.10381945560951,-2.3462909621087,-2.15711024137833,-3.54410592208572,3.12255930548812,-1.95233161437121,-3.05064091276647,-1.42668571381529,NA,-1.97940787047017,2.95582305874887,-2.19009715638343,-1.20915617524479,-1.86280971699499,0.627212596672324,2.94066641890036
"O15067",-0.431338535541974,-0.212729608722382,0.410755474151598,0.0678473048165387,0.090622030563166,0.118478732493475,-0.0671286809610763,0.0615853485854139,0.278433979006259,1.11784086482547,1.47834212362149,1.46230734370957,1.70241571658702,1.61223923555749,1.50286792083372,1.19061048940641,1.49128958313872,1.71644901024133
"O15116",-1.5997876569331,-1.38395851696136,-0.397429823685129,-1.03467680446195,NA,0.0645394294598702,-0.227729259079563,-1.18667091031045,-0.565488684876735,0.078211475874463,-0.337876307188914,0.10741521269456,0.475436569889187,-0.271978242694551,0.299988708761807,-0.153102720793672,NA,0.203497105858174
"O15118",0.0494172029271756,0.745228052791633,0.421294924473244,0.836251441469351,0.984836516424862,1.2249223301893,0.895872668403586,1.19800620704181,1.14087120359481,0.182485357060637,0.635925667788561,0.342267017795658,1.03859548212764,1.00631084799398,0.490621410325799,0.664462633423174,0.619421422515831,1.15579289347728
"O15143",0.597992778825656,0.340727655929271,0.776030507025206,0.586862325780514,0.626642715473093,0.230341238268441,0.447233191263937,0.461436907816804,0.424218210713056,1.38019249508283,1.62022097816669,1.77735274907905,1.67141328110317,1.70226792636008,1.51774487712556,1.28515270787431,1.63231077302932,1.33952821477863
"O15144",1.1024544568315,1.29600187893801,1.65730467673234,1.28721020003009,1.26521149665142,1.36939301622554,1.3027735753519,0.998445658254372,1.34428201631385,2.2929630824772,2.28748379355434,2.5236223079518,2.53888899646582,2.37475450556018,2.33329887110611,2.20596875066729,2.45657049178043,2.40181603270858
"O15145",0.877832331735529,0.245758520517494,0.709793686285547,0.311086861309876,0.651074858861209,0.629469708296254,0.526690283996444,0.0278988190985032,0.744700485682506,1.38394821874459,1.74871764784178,1.23213646457963,1.31446919167534,1.86289683691656,1.64033415306019,1.24479250555451,1.41585068202386,1.21190489340471
"O15173",-0.950345436176861,-0.98649604828361,-0.654716172246521,-0.633035727700261,-0.838528771608842,-1.41634121344453,-1.50475470166903,-1.45849886486828,-0.77972037916608,-0.641070718640902,-0.268943295946169,-0.0555735214560062,-0.0839423033025977,-0.528092190051749,-0.123177159576819,-0.507337142938873,-0.0600663212004022,-0.597344702757866
"O15212",-0.00470505138546429,-0.05612979472013,-0.096483994428608,-0.11457915921711,-0.229808225968705,0.325871623672878,-0.11472240753414,0.0374387986812152,-0.688182023892258,0.568553399643871,0.246576457734621,0.584218394220301,0.188231010180505,-0.000816863153390912,0.288229329937385,0.435336470803374,0.213135199203183,-0.0649570287194337
"O15230",3.60600912876627,3.66673658002365,3.72109404392416,3.27140731579648,3.23342449686279,2.91489233827656,3.51444437333863,2.44018590596398,3.51878774001023,2.50241189606671,2.93803814564705,2.6910519876262,2.75886841575076,2.60908763058885,2.12380357868635,1.70985172308933,2.38068668376063,2.39153995553572
"O15231",-2.22800746733728,-3.64847353789844,-2.81928618027611,-3.29347384179847,-2.28030731965394,-3.23502889532406,-2.47706337887244,-1.96738455982678,-2.20778979132501,-1.47869737446502,-0.968636964007876,-1.0399812962344,-1.32852960358604,-1.7838484858939,-1.75424735671238,-1.68837800663852,-1.64388458307017,-0.986700503649357
"O15232",-0.653642248966233,0.0954854441894994,-0.186860657023075,-1.09562550032307,-0.746420008622491,-0.934204378863649,-0.793071235391314,-0.838371936697118,-0.0935624536521313,-0.711845348240511,-1.50946659896124,-1.2416253220362,-0.176385070502301,-0.0755321704118312,-0.484817642098847,-1.26258568333257,-0.817381467707487,-0.893664851930917
"O15305",-0.877418773987941,-1.49192556906801,-1.57004206686657,-1.50526035309586,-1.68872919034089,-1.00279693856425,-2.1336835257108,-1.34671235224229,-2.16020102969211,-0.452090045200703,-0.933111162762523,-0.674864623652541,-1.16246796219783,-0.932609927707168,-0.528470353675036,-0.545420521200461,-0.49363608950666,-0.719027458921398
"O15347",0.192106290786231,-0.472391235132489,0.53968622277498,0.809924227547212,0.212386978888469,0.779289977537161,-0.0962580894954002,-0.148352039505806,0.616738737592708,1.53472310960185,1.28959540973662,1.26490532634875,0.692546410155092,0.894532002774255,0.508513183431294,0.769995283681727,0.74423591829234,0.518939404502397
"O15355",1.46082492432882,0.37164467428936,0.995190668753098,0.993355732235223,1.19165189800205,1.25258898506681,1.13655561005455,1.20307002968702,1.57743949544662,1.62202465275724,1.80310017109304,1.49790046353046,1.11267796343597,2.04142874599451,1.24454668575879,2.1578758136673,1.82032145533066,0.846752833836748
"O15371",-0.611079612109922,-0.487991701191801,-1.22199867029998,-0.673201913804119,-0.560592136064121,-1.11653439283508,-0.676379625814721,-0.832596493572288,-0.855367179535697,0.566001127433562,0,-0.293719207371353,-0.423306666052379,0.314438376791704,0.233100666717913,0.379296567733048,-0.775552928394623,-0.578985971598946
"O15372",-2.51713750922778,-2.19251975735675,-1.8029976834847,-2.91262725961938,-2.11241976751265,-2.21290145767677,-2.93171632439781,-2.61337801815302,-2.58253109187647,-1.43799020608491,-1.27772771333543,-1.39924879368832,-1.2380342368505,-1.0807400350893,-1.08786901152362,-1.4662545660303,-1.62438322731406,-1.30828594679831
"O15382",-1.16958428360775,-1.87574140779632,-0.948752913198284,-1.65978725799473,-1.29252842636986,-2.12535290240614,-0.90183562688545,-0.719683464385263,-1.32002140764182,-0.909552828196147,-0.674935346568536,-0.38482894965971,-0.429186557362749,-0.833434283248017,-1.03676827580927,-0.621428386897266,-0.772429909033574,-0.718571608727065
"O15394",-1.7577274721731,-1.09087140135242,-1.83360487233837,-1.03539722260884,-1.11640565110524,-1.42760984884081,-0.582463557951869,-1.07918094495437,-0.955338208372572,-1.80718477156981,-1.78924527742654,-2.45405489560737,-2.07383828614106,-1.16175294381706,-1.82108420430877,-1.04510041489091,-0.967184365376751,-1.57323074587173
"O15400",-1.23860002928453,-1.53767880383394,-0.419801912253931,-1.09982232440267,-0.734936513944099,-1.73608621418971,-0.878894805595757,-0.988099546181303,-1.08113961480679,-0.101903675415258,0.00236650095539481,-0.180160947089508,-0.349720371082189,-0.420902280986755,-0.462547133192244,-0.639808891187037,-0.139334074386964,-0.353742581852208
"O15427",-4.66649270218952,-2.85487107209707,-3.60811315683053,-1.66952606911032,-2.20955620271392,-2.84025535633964,-4.34603257433857,-2.33251343384452,-2.43063767761383,-0.627602674037157,-1.63338620225971,-1.84985771816914,-2.31967380483026,-2.30485624438241,-1.98963542838162,-1.32092947127087,-1.65949265426227,-1.4219338387913
"O15498",-0.981889056085105,-1.33955178216038,-1.43710928535414,-1.2458910272706,-1.38012404258432,-1.13912576174813,-1.67849644640963,-1.66152474911571,-2.07456141390107,-1.28774371096542,-0.849316528761736,-0.79916434934777,-0.717513514281021,-0.566291391314553,-0.784565684654256,-0.668055198164735,-0.935432497236836,-0.472875487730789
"O15511",0.407102185534892,0.325229350819138,0.627467315828179,0.104267871337697,0.0531268951204193,0.654928820222825,0.306559020731306,0.154927328816473,0.337284246027782,1.23677290389533,1.20566882902534,1.32681167987314,1.68963514843855,1.68701691042354,1.401798641815,1.10340812359866,1.67727265892854,1.70169758919946
"O43143",-0.161718347216304,-0.0754212954586855,0.157538938025438,-0.262862786861026,-0.0602352901708301,-0.242786716776699,-0.472619494019003,-0.389102447629249,-0.198290365514739,0.145939659038554,-0.116338057639801,0.0488288502037264,-0.292546800037567,-0.483822628285533,-0.302661210847006,-0.474459059141877,-0.677333649182263,-0.760108385042953
"O43148",-3.35469374962484,NA,NA,NA,-2.58343249015394,NA,NA,-2.66698653144474,-2.34797303239638,-1.862769947747,-2.91861435995722,-1.93137535906872,NA,NA,-1.71614448602475,NA,NA,-1.66383889073089
"O43155",0.407038392113236,0.571165781509286,0.606624138517656,0.675671104293667,0.835625476071012,0.72693316355393,1.12861609677014,0.910572340050061,0.583411441562214,-1.48316362595302,-0.888127505312495,-1.10116090663038,-0.180210804309437,-0.488909314238197,-0.896589417693452,-1.63738470895167,-0.428561621989077,-0.428475966983704
"O43172",-3.16653323934409,-2.28487850981547,-1.80472850350045,-2.94709042168103,-2.61434877954203,NA,-2.50280257356028,-2.42205634391461,-1.83327643776172,-1.56398520316873,-1.99231608550205,-1.99148358554731,-2.25714171636997,-2.89076899621942,-3.00907151083642,-2.29678370766572,-3.16239403645501,-1.99437995720436
"O43175",-0.301760571834285,-0.814444161095008,-0.297848382021733,-0.833897663512542,-0.859762788472614,-0.0880369131289527,-0.49525797780859,-0.176955148676281,-0.967955350573227,-0.344423515743296,-0.67004329688896,-0.452732906823604,-0.699491134450601,-0.370557685578685,0.0729586281104275,0.32106365532329,-0.626716277688189,-0.0686958880946325
"O43237",NA,-3.19712561975401,NA,-2.30482828436267,NA,-1.40342194496993,NA,NA,-3.48111602450599,-1.79392159424386,-1.54408687883648,-1.32139641355955,-0.555294234415299,-1.99026863778276,-1.19980179788334,-0.888110316633336,-2.09580180111451,-2.05504646042508
"O43242",0.118751780506097,-0.103645631105405,-0.0475813571590535,-0.424154745362111,-0.411239747601632,-0.502429015166799,-0.530628498118357,-0.137640898835526,-0.482161927097248,0.0939330289854894,-0.297754100548628,0.172524674012545,0.0871962793157106,-0.776391208351286,-0.0415446657166001,-0.202213671280177,-0.0264425588204169,0.114880585861719
"O43252",NA,NA,-3.83562877285497,-2.05234075451237,-1.69240447668611,NA,-2.4708832544511,NA,-2.42830760150714,-3.64111010861127,-2.65231302377554,-3.29435098107114,-2.59086203171704,-4.30784115618579,-3.20035128114908,-4.17178688172532,-3.67626131084681,-3.21535675501017
"O43278",-1.23736300703418,-0.942788322714756,-0.970020750112031,-1.08586799940484,-1.27366748019419,-1.55717038016912,-0.724028479482357,-1.42558462935108,-1.43368736767281,-2.46474575369197,-2.12521670075292,-1.85316253373576,-0.998844903855419,-1.32699763874747,-1.90607261832211,-1.80083368396622,-1.02291553289044,-1.1427771214735
"O43286",-0.96739632605118,-1.03513239744377,-0.462093682571495,0.0063354852242643,-0.488356703471631,-1.27137333484985,-0.78181408607841,-0.702891487163944,-0.253644535248815,-0.418649643074783,-0.634302583934269,-0.711588014148145,0.331640754612096,0.435217054132623,0.118095218201917,0.016450930957248,0.0686998853634169,-0.417935644094102
"O43291",3.32925875686614,3.5021809248697,3.79451642801445,3.89012527501999,3.72135525525824,3.73362010666007,4.14202072000807,3.83627874956447,3.74436185988891,2.56615922399685,3.09990039805661,3.0829904198201,3.26444410940459,2.81780343845371,2.47599562428405,2.52774157815931,2.90858907178226,3.24951141753101
"O43324",-1.59977778250415,-1.31946282449546,-1.08234898246955,-2.19292954471916,-2.42460273315759,-2.66134244279964,-1.74442584915976,-1.46295279034056,-2.05810289108729,-0.75788201431862,-1.01566225140147,-0.778470396434471,-0.540551290159391,-1.21582284311532,-0.873669896387186,-0.777619721114101,-0.927370408458172,-0.819364780816962
"O43390",0.353422569092732,0.438905440422888,1.17056925582903,0.456967967836402,0.049367928025104,-0.189521222341609,0.606043456524267,0.240568464139704,0.634703144512608,1.34360506121961,1.39569611028667,1.27584807581259,0.843647060686463,0.932081316141369,0.787675966332236,0.588523966138579,1.04902163295175,0.556898462026464
"O43396",1.24489544209148,1.03112761918849,1.50910978338866,1.4184445670485,1.39708475747344,1.18925274929423,1.3665650437215,1.08463652717286,1.26375158136261,1.29883776120387,1.04163640561881,1.07776547477006,1.04440326004873,1.09967910151387,0.57827438443524,0.972631341266124,0.873008772954945,0.97770082667498
"O43399",0.870580350739587,1.21035347930412,1.58588164866485,0.880926020670728,0.909902754681459,0.808950982520422,1.31596630371485,1.15799817055071,1.01519674160284,2.60335164218171,2.29244318534446,2.51355365136842,2.30384857179116,2.11888007944963,2.17860650117432,2.24178690167446,2.22252634877969,2.40184005571657
"O43447",-0.709618585192399,-0.958853306450055,-0.638065270651794,-0.779226746031282,-0.644194723774415,-0.531314284990417,-1.43224381992269,-0.98367785727478,-0.955339136726328,0.254052590573327,-0.141314665180856,0.111787129577147,-0.631784623988965,-0.279502255754274,-0.27314184453742,-0.479328525198587,-0.221298695318092,-0.559522110558032
"O43488",-2.38388950752882,-1.67228664605655,-1.52215475165952,-2.15615681244236,-1.36400810149545,-3.23426916525393,-1.58851873846696,-2.45493808245894,-1.85409626353199,0.0356082795476009,-0.413041038441579,-0.821790219895921,-0.262984065274486,-0.349696341580014,-0.139129196112489,-0.00670845329884884,-0.64377050109571,-0.330025866984805
"O43491",-3.46729648990481,-2.45429571616692,-2.48422521314196,-2.33173269595196,-1.88276312912991,-1.82487013344823,-3.32999536558517,-2.13209243503584,-2.43845567929267,-1.01773611021475,-1.78183008613402,-1.66382914880375,-1.36735010122388,-2.12238560435781,-2.43622357448323,-1.45919883469087,-1.66933158920877,-0.763768978565597
"O43493",0.362145387969937,0.411122389543696,0.942686092066365,0.856591663062074,0.793747899516777,0.747245638300514,0.95840337834194,0.70894565617216,1.03300764351143,-0.065504266122165,0.349736028915974,0.43468886047177,0.888668459449899,1.0191912041348,0.65231555690205,0.535768528903583,1.0265380148053,1.1558995611234
"O43505",4.13034834879102,4.24318047871847,4.49505694666904,4.46959236440563,4.32987430862729,4.36782641910135,4.63961868509156,4.4744405503825,4.53968882044643,3.02307795223231,3.18980010961323,3.17327264832713,3.66095843473284,3.67033924976115,3.07777350330649,3.20867723490807,3.4331098407278,3.34638979851278
"O43529",-0.114319897106983,-1.14242143311897,0.0659694053802209,0.118712177018978,-0.224865070910827,-0.22952560429801,0.0707687630946516,0.192134564235811,0.227198542191585,-2.20272800216535,-0.984658813732001,-1.65237074085665,-1.75594313945579,-1.85381609085571,-2.32936771167577,-1.44531119361429,-1.59926804065733,-1.6053443281984
"O43556",2.03948747158797,1.89201460310648,2.13489144461374,1.95378863948315,2.17914835457288,1.81456340281622,2.38332787759905,2.02195568257309,2.27181501901726,-0.265248953570721,0.371282489939125,-0.00267981539048101,0.543089280694652,0.5334444663859,-0.0559388434362109,-0.279835112441409,0.701281438380905,0.83697474178495
"O43567",-2.64909508046885,NA,-4.65578931279639,-2.54548239966496,-4.55971073402031,NA,-4.65051762914371,-1.65693968009211,NA,-2.6760150187043,-2.71968319456082,-3.74296861166158,-4.33449348224042,-4.87183040136885,-4.2275538720161,NA,NA,NA
"O43570",-2.26554541921284,-2.35339645798314,-1.65788586650514,-1.77923837095901,-1.48151048719636,-2.20694305382825,-1.55806177326292,-2.10706117228159,-1.63432406518313,-2.74564712138096,-3.94144777192441,-4.05515860816789,-2.88984568291612,-2.40237939323669,-2.97766322349538,-2.4722077272075,-2.11875131641972,-3.12510185250452
"O43583",0.575416766236875,0.539031580775992,1.19884525762729,0.530537458022321,0.634475765203652,0.825908159757846,0.84092018345835,0.612003325827027,0.919251833062889,1.32555405391235,1.50587044234337,1.53239003681618,1.17322386222739,1.32132130780114,0.841327304726983,0.507590014439407,1.29285733013466,1.14310451700679
"O43592",-0.639586217880559,-0.811600321921301,-0.338667253629126,-0.586090291936032,-0.923055905435837,-0.686828324573388,-0.69709622907758,-0.593282362717932,-0.158347512026303,-0.0872333648277692,0.0952390113720565,-0.226859278719571,-0.390941492166876,-0.0258759996766518,-0.42644112938676,-0.0154152432091337,-0.177756350368142,-0.454608704818611
"O43598",-1.61117031832426,-2.26886696416373,-2.08958269466847,-1.78381155176983,-1.54606007212429,-1.05162717044696,-1.84004633359929,NA,-1.78972042099795,-0.350313433151291,0.425988205045796,0.526534387959096,0.500775991486016,0.978525487815528,0.177445109948986,0.322409003180756,0.34692791999146,0.375356139827529
"O43615",NA,-4.25103646361272,-3.6022067713645,NA,NA,NA,-2.17640057006314,NA,NA,-0.901313789710181,-3.07064138254718,-2.67221509000912,-3.18633817016488,-2.59406025634346,-2.04290409067553,-1.28503798972057,NA,-2.94945942000546
"O43617",-1.44002637657844,-2.03397720604351,-1.21216689597114,-0.928913239648239,-1.82432683015246,-2.23731022347227,-1.68224779800558,-1.99004903065243,-1.35381816573843,-0.805811265100811,-0.800336782203545,-0.905557411510423,-0.851463032785762,-0.343499474395504,-1.12113669811146,-0.727494538476275,-0.616644866191513,-0.51707162807657
"O43639;P16333",NA,-3.10258415073076,NA,-2.3622704633359,NA,-3.31747601727553,NA,NA,NA,-3.110677945838,-2.68132497712013,-1.71911329023147,-2.32979073407733,-2.03363365038797,-1.90579225431712,-3.283296718737,NA,-0.826046703368366
"O43657",-3.02970524008391,-1.48085892321998,-4.17216382106138,-3.18507364514487,-3.48489929021445,-3.70974500681771,-3.1256838109758,NA,NA,-3.40468804217714,-3.17556890756244,-3.78695672974761,NA,-3.63766215891455,-2.14293804280675,-3.14080467712669,NA,-3.24147619912486
"O43665",-1.63304756378804,-2.0345101924816,-1.04376572837485,-1.75267992038907,-1.34647732499981,-1.85060970311934,-1.54981690275062,-2.47996761928344,-1.11027993969261,-1.52986265031655,-1.3108951028315,-1.33214443899375,-1.10474909678967,-1.4878336054717,-1.25661726621942,-0.662975353166682,-1.38908742599207,-1.35845768197866
"O43670",-0.755833524886007,-1.25854789251753,0.103736297925659,-0.85571070158703,-0.563713188419317,-0.744815441114477,-0.806300881354846,-0.614886871324652,-0.880710057254525,-0.368707309900334,-0.749108802790037,-0.0703580079585429,-0.939900849802519,-0.764382746728516,-4.23872594641721,-0.958403415513441,-0.600121174087675,-0.569072101865345
"O43681",-0.35747775527455,-0.193938519772033,0.157448805928938,-0.31159118696835,-0.647410127291562,0.542388622019395,0.093766899702004,-0.427797682230947,0.254990006216897,0.877673780299176,0.668418248125864,0.635851204946878,0.493582757796283,0.672462201359798,0.261162748863022,0.45181285165188,0.613352642246415,0.588577129823417
"O43684",-0.0206105876360656,-0.132028415887106,0.136492650379777,-0.295512481853464,0.139167380941451,0.0567961666090628,0.278340431317584,-0.0537670756836395,-0.154191077992911,0.602299341201347,0.136989338828206,0.728431227855847,0.511760462779412,0.416423258898845,0.55001222913072,0.399169270221456,0.615905029233392,0.642303571280582
"O43707",4.12514783977482,4.23212191280427,4.52788364861128,4.23611473062753,4.29352148373855,4.23341760045377,4.14131362853589,4.00652026046746,4.16613367152305,5.28788381306511,5.27949077082531,5.2781459473818,5.21521324407772,5.09832863624853,4.99052522269131,4.86003075931654,4.73919251798091,4.87892395794039
"O43708",-1.98427683551332,-2.2069003843039,-2.68782924403205,-2.38213981602392,-3.07983056729531,-2.34139158326604,-2.95409279574363,-2.91240426545846,-2.42284448426027,-1.31797971928936,-1.07469788559042,-0.838883778434202,-0.605023244677817,-0.984288169657447,-0.683714256687542,-0.391533887057196,-1.23377922733695,-0.353628457967764
"O43747",-0.884165993775341,-0.900796920344145,-1.17436345992602,-1.29205004712922,-1.23237258151569,-0.273480416412031,-1.41913885656692,-1.06410029262548,-0.863311728467926,-0.476874360802666,-0.375376463151858,-0.696347805183127,-0.571487858993938,-0.245848339968266,-0.595405660110721,-0.72601239201645,-0.508717605378305,-0.717192281685638
"O43765",-1.57778893216781,-0.665868472993008,-0.581644381215884,-0.871047687833614,-0.764026359230257,-0.744219076651864,-0.387046229130048,-0.867619253498003,-1.08580261074942,0.369405771335112,0.202521139200387,0.16283198960987,0.0509586921719567,0.113449833433297,-0.191416284738535,-0.0770591965978902,0.119943270759906,0.301597671182833
"O43776",0.808910388199449,0.758207616981686,1.24686982555733,0.606188815521156,0.968076799293829,0.892723949596439,0.752688189670373,0.652523751878974,0.825097301278705,1.44872197685697,1.4590961010095,1.43789379777567,1.29184314093809,1.14394393070427,1.1908022707912,1.11691785212389,1.11221234207011,0.929325300242743
"O43809",-2.09772426385304,-1.79353957706654,-1.06553807503572,-2.34738354564094,-1.68812509271511,-1.50098163123351,-2.13070676552583,-1.65655851734312,-1.43698315021402,-0.943828477892175,-0.831649514466831,-0.706839210570642,-1.26676278518109,-1.19807505804036,-0.951375959583593,-1.2949107067302,-1.49715484449604,-1.45738612925932
"O43813",NA,NA,-5.56583304291497,NA,NA,NA,NA,NA,-2.22589983424212,NA,-4.13097908977019,-3.20246600735059,-3.01491555078973,-3.92305440773026,-4.17220422440935,-2.24174111953062,-3.5306532135907,NA
"O43818",-2.46699325154651,-3.32645635987788,-2.03102073890014,-3.29476197433413,-3.0475258326455,-1.99394994469186,-2.61613926271556,-1.05840181985234,-3.09392251979463,-2.21114385548873,-2.43550800481047,-2.37405238006609,-2.6473892336796,-1.81536724817694,-2.484638906378,-3.11016885183457,-3.10076190404571,-3.17877640009678
"O43847",-1.11105756022729,-2.18088746684713,-2.25536272229002,-0.740006995520637,-1.17048159401625,-2.38255110221499,-1.08378616235423,-0.90068841637483,-1.03014539406505,-0.763249226122451,-0.718452200591625,-1.11691805344267,-1.81854248988606,-1.00019798148548,-1.68975440990262,-0.625139492361674,-0.991468170198689,-2.4219457051917
"O43852",2.72720997401894,2.7923042401536,3.07921332563831,3.0209062901632,2.83194461940005,2.45653511327773,3.03588289507786,2.69643336834106,3.05677846378687,3.23242977816457,3.46219098297146,3.52756635338707,3.84332303594336,3.9516469141652,3.61410366327805,3.88174385012332,3.91377361383567,3.9193013410523
"O43854",5.0486731675603,5.3968151852659,5.62711216737997,5.0829248003757,5.30085035408272,4.90917694889786,5.12481492572106,4.83448424184277,5.17517837776476,4.00929290061188,4.10230422775764,4.21245686025483,4.1391069942007,3.95153067895888,4.13471942900212,3.91848755452702,4.03156195645186,3.87200230883706
"O43865;Q96HN2",-2.33554278035098,NA,-2.89228259475603,-2.57992412691703,-2.94328600775364,-1.83705877987948,-1.97782572666714,NA,NA,-1.64366135134042,-1.76692957633056,-1.23430037963738,-2.62411265920349,-2.1395839963719,-0.755778919314113,-1.14174125158334,-2.07045530070545,-2.38077338057947
"O60220",0.00178083717615962,-0.623695999860027,-0.315167195413645,-0.890249277032302,-1.03130858117647,-0.556375298403934,-0.495720387035831,-0.243486701778801,0.0148480162448124,0.279865767809333,0.755599002018323,0.623646140558483,0.348241223442987,0.401947177451458,-0.753110594283931,-0.367465493559266,-0.346648433950216,-0.343869125201625
"O60232",-0.836641122967193,NA,-0.946015338639727,-0.383062422776847,-1.30655421172079,0.538817759387122,-0.694206096601578,1.46304674566798,0.677709834089216,-1.22275852968943,-0.40805637908635,-0.286039952388304,-1.12313982429976,-1.35514544606341,-0.200802907494344,0.0116256984494889,-0.252773469456805,-0.113550323516915
"O60235;Q8WZ64",NA,NA,-2.42708152991349,-2.86440768245064,NA,NA,NA,NA,-2.3801719597838,-0.711294541826446,-1.94460464340437,-2.02734473361541,-2.71971737698455,-1.91998735052983,-1.67800871177352,-1.97448812170399,-2.10671380289756,-1.02297122805581
"O60243",-1.07110480949245,-2.36420275670699,-1.49791755610277,-1.35636560727805,-0.902954793827068,-2.19251344641083,-1.30475278605768,-1.25022728286558,-2.30747981281315,-3.11363886250144,-2.25539278007785,-3.36569064041302,-2.37521411650399,-2.19969484178366,-3.15349447263576,-2.71796650944938,-3.05377120964469,-2.65246056925334
"O60245",-2.34629534672731,NA,-2.73820259971306,-2.7407709831885,-4.2994589524926,NA,-3.94324045491643,-2.7943201912771,-3.99053247918047,-3.57822415172194,-4.69783245473025,-3.2546830721675,-3.56877518304564,-2.71992586156642,-3.57215286224285,-3.3936512391482,-2.29486449962958,-3.0590762121608
"O60256",-2.27127638484961,-2.91052662592898,-1.91645774139192,-1.46090955404453,NA,-0.425827698285005,NA,-2.28236067927298,NA,-1.50975224291877,-1.94745248309112,-1.42930309118185,-1.91393654480711,-1.20451427789562,-1.54324549067269,-2.12152181207885,-1.62470098005438,-2.04187824840732
"O60264",-3.07124219341988,NA,-2.5593182791344,-2.41925438150161,NA,-0.884202243499219,NA,-2.62774797078626,-1.39480242347248,-1.74374512991599,-1.83337169375071,-1.59833976370889,-1.42740157735104,-1.99543933768601,-1.20378635179024,-1.44618400076793,-1.87911480119684,-1.76536221979275
"O60271",-3.42534626584102,-2.24324428268212,-3.7986252266345,-2.69307762410752,-2.3294746350678,-2.41761207595479,-3.50717506201434,-2.8608623281439,-1.90832930150421,-2.25666942860164,-1.80591678653367,-2.28062603119518,-1.99487146547207,-2.29668631705084,-2.76357679204775,-3.14149476726512,-2.19027871066038,-2.5249782282364
"O60279",1.86498240910153,2.13774417364369,2.17430500423882,2.42563538739703,2.14382342431166,1.8232181807519,2.42909756095364,2.19264256845748,2.26884096563428,-0.454146360575286,0.185687270221667,0.277078387294662,0.582970817770963,0.614601586056615,-0.12542393472074,0.457400215554049,0.421117449917915,0.254851889343358
"O60313",NA,NA,NA,NA,NA,NA,NA,NA,-1.82846437265545,-3.12408794364383,-2.58449331417703,-3.0444012766639,-2.19280663846494,-1.61488818145559,-1.91842542513769,-2.19393428058854,-3.00002501595434,-3.12042383871514
"O60353",1.6737274022383,1.78475170634352,1.7028417781126,1.93419577166118,1.99460628204864,1.70664252009516,2.18726219854939,1.96444311888489,1.83437741190083,-0.277488285557869,0.484057032372814,-0.00973853370508238,0.370765264863046,0.435807216326955,-0.0981499171867881,0.295018887836367,0.715764076544588,0.91429060284433
"O60361",-1.03714306184043,0.0661257498313503,-1.00683685395181,-0.245685472590964,-0.317647595589166,-1.46562333468941,0.13347880088712,-0.653194192163603,-0.269194669370926,0.438974285655384,-0.350221837943524,0.32914989304599,0.34708960426274,0.0438988636816315,0.765755283695125,0.975479684850679,0.509740908873722,1.17693074259329
"O60443",-3.84770450556325,-1.72793490429186,-2.44609017547273,-2.07593580837028,-1.47178278285023,-2.0388210280816,-2.0173958937298,NA,-4.86272284512865,-1.03476999320559,-1.27925583221077,-1.94074722026561,-2.10366757753787,-1.03742314898553,-1.26504891860134,-1.31726087481471,-1.97672874487263,-1.7217599083033
"O60462",0.23793231832772,-0.0135951781506058,-0.0982570865641534,-0.378558607447097,0.163406937658987,-0.108573930790747,0.364854866775241,0.0464815055732029,0.433159696594812,-0.0234499253802927,0.0764281499806199,0.138150175050212,0.430291945775027,0.667379926235043,0.151057022681167,0.23297887145169,0.366492132009837,0.523513756797504
"O60476",-1.70751947412281,-1.57700441348883,-0.737908380768276,-2.40704806269529,-1.46035000250683,-1.24311586977466,-1.05837944806058,-1.6070796461287,-1.8859226041841,-2.46473349699307,-2.21057185234899,-1.59784524343053,-2.22013361706372,-2.09851135322507,-2.14949339352849,-2.21564755121695,-2.27325491044133,-2.16632779734177
"O60493",-1.41564267451724,-0.741185893488131,-0.433983822070882,-0.764720876281731,-0.943774019962147,-0.598979732599902,-0.64500676105992,-0.907598679584961,-1.09329428256891,0.46199248590597,0.00285285444019401,0.51674861619704,0.214792088094946,-0.228320103770651,0.424882282142901,0.282907351170692,0.38625354079392,0.119030754259013
"O60502",-1.80518775993988,-2.64260692152605,-2.51924779218735,-2.30954605908696,-2.84139811958585,-1.98441633697526,-1.87550666865875,-2.16544663681428,-2.82014297166412,-1.74536009472143,-1.60495198261035,-1.45598521174829,-2.62939861652526,-2.15529021240105,-2.7524672326183,-2.3599674382809,-1.82284297310097,-2.16258773930645
"O60506",2.16041547486215,2.14250993090172,2.39228819814004,1.8863433950858,2.1253343077286,1.86049646341914,2.14279119751355,1.90727965508206,2.12087685540691,2.89095146354922,2.96435018938314,3.0475275125389,2.90648014879006,2.73840226374631,2.83486641357872,2.74962115460787,2.55719202408654,2.93581126652015
"O60507",-2.04076521999536,-2.63652650903018,-1.49548799389587,-1.49613444842319,-1.32445494393802,-2.55176930875106,-2.10484245260615,-0.96276829552081,-1.89421642392824,-2.87417853371295,-2.55470188437862,-2.53596341521977,-1.90293945919319,-2.36906918016763,-2.32721561312868,-2.38427549461178,-2.42143424629719,-2.50512533377066
"O60512",-0.87018081560017,-1.41182168160853,-0.765161163252063,-1.49510741645242,-1.92459593281045,-0.376079303744241,-1.08302654243595,-2.24971591959311,-1.06373760395414,-1.91512661179991,-3.01116890259837,-2.23103366782534,-1.95503932865443,-2.57472164621152,-2.64988846599955,-3.45596207296332,-2.08273536574076,-1.89150993550251
"O60547",-1.90340250716324,-2.81737547451623,-2.17874391833073,-2.65000801860844,-2.05611152327255,-2.32886048034111,-3.2772571414002,-2.95576088325651,-2.57944167069808,-1.81593000091753,-1.32949628358315,-2.02834655743666,-1.74901196816528,-1.38851413778412,-1.67102487455412,-0.647420478900238,-1.41172649046231,-1.6657316081697
"O60568",2.05165252398776,2.22149844554554,2.45522103891917,2.05697695989054,2.19285763816445,1.91196655794977,2.08166016115185,1.90074056668089,2.10222571189173,2.00351117786916,2.46229903815183,2.47824963316308,3.14345809586416,3.06122997767475,2.6859451127254,2.3679117467086,2.79216940292955,2.924219409924
"O60610",-1.60322311989597,-1.51055204819543,-2.68345551812813,-2.33070617371765,-2.06076773737908,-0.252415222568139,-1.843946072248,-1.88983493603609,-1.97350275469584,-1.10376569734583,-1.22687763434523,-0.98970116231157,-1.21942869688042,-1.52318644193621,-1.64989359978372,-0.483165954767335,-1.30340618652109,-1.97925729424687
"O60664",-0.601291871101648,-0.616434978152513,-0.512378712441584,-0.64768431735973,-0.673040289028785,-0.385028267356658,-0.963984954569156,-0.587919811480281,-0.443576227544463,1.40645812757461,1.19810324802268,1.18538918318891,1.11559688367797,1.23366125098472,1.21156525997112,0.977720019947359,0.883634820381992,0.905320085650205
"O60684",-2.36324969273916,-1.38381673013244,-1.95617997282755,-1.28943243614384,-2.05942312953175,-2.55603288568769,-4.88008927924864,-2.23696113561111,-2.52965908558192,-1.72490309358957,-1.88294160624037,-1.74768451587487,-1.96689990780333,-1.55070049412748,-1.9067432134452,-1.82277322815533,-2.32535985299709,-5.96532949499417
"O60687",2.42248965467187,2.45735084532399,2.58596815727481,1.89203821521423,2.27519856899313,1.8765496889433,2.22454409647515,2.02285484528104,2.37365138761513,0.540081926229488,1.29237320929069,1.20371671144313,1.52998905176744,1.14454655999372,1.01658274559141,0.603764726841092,0.89830273716832,0.913459946302821
"O60701",-2.35905165718453,-1.6471049412198,-1.61772749142791,-2.47138652998262,-1.95308269760144,-1.87305347049985,-2.25013059680133,-2.0560544774717,-2.86964635270698,-0.223384625391379,-0.224838375347325,-0.40419421914608,-0.599518396341421,-0.334626766812493,-0.457008734386224,-0.931231109828594,-0.802927836112112,-0.752360003252541
"O60749",-2.77757986106547,-3.07990139857812,-2.64757206930599,-1.8279626045588,-2.9316871762277,-2.22658758769137,-2.8333600381685,-3.07496081571267,-2.66643693076448,-1.58732898840486,-1.3156371256871,-1.59847871020386,-1.38392108725478,-1.06675230042117,-1.36587017448971,-1.70006321781049,-1.22844749947076,-1.94954934183981
"O60763",0.0448120372514289,0.380851446038147,0.470170887606578,0.223186226788521,-0.0259742001478074,-0.329132205823177,0.233509240479743,-0.163677966895397,0.330995333342578,0.60709259513782,0.726851169405403,0.949518839854044,0.547165153508759,0.46172381822654,0.656869377255637,0.281382071027389,0.311677506590557,0.280532954160044
"O60814;P57053;P58876;P62807;Q5QNW6;Q93079;Q99877;Q99879;Q99880",6.66914080506164,6.64015139354958,7.14306062544903,6.04683288320967,6.17919145699111,5.99382676011782,6.47216916966864,5.94876903021635,6.77038307286269,6.63356274940344,6.50774174253928,6.69394139283298,5.81866264958593,5.75036942856791,5.49868694292132,4.69507611443546,5.27246025544208,5.35416303835555
"O60832",-1.59797302353121,-0.896518978969648,-2.42312557119895,-2.69331129734717,-2.70018012991818,-4.8045890063354,NA,NA,-1.3237471797426,-1.88543566218437,-2.42163466779183,-1.06379823918302,-1.30137883753643,-2.79909345880343,-1.43311672876598,-3.21237034596693,NA,-3.11258027577075
"O60841",-0.378483420663693,-1.28373592683666,-1.43346048232534,-1.50954924196386,-1.13954489815393,-0.909146926401975,-0.542594095707439,-1.11052874784301,-1.05245509643316,-0.0276842437562337,-0.365228528505724,-0.16249797660014,-0.617905361237752,-0.228159387710971,-0.305915576130413,-0.181970497905901,-0.49560604219096,-0.713955025605904
"O60869",-3.06730444176444,-1.55865921158935,-1.4425578001711,-3.32727926970131,NA,-2.14903476430314,-3.03176992567237,-2.54479371226496,-1.87070713094575,-1.21996000915681,-1.35631460572443,-0.682869819575891,-1.69127110832923,-1.49380895695072,-0.664724387027103,-0.913798984552811,-1.69980795495434,-0.0970766427975764
"O60884",-1.31562557802434,-2.52669415410174,-3.03303071424488,-1.57493489657005,-1.3017365889279,-0.57917010024306,-1.00245557485773,0.131781324270028,-0.811103403187073,-1.22625449492649,-1.10027002599986,-0.906070173664631,-1.7361766999898,-4.26700966949346,0.14140787492239,-0.0787955346941391,-1.64521071366435,-2.26482483340996
"O60888",3.41377617899157,3.33526982982615,1.85130287449862,3.45307455995057,3.47061181588009,3.44953777205279,3.21357209115538,3.46936529085721,3.57408770132933,2.78499277338696,2.67807361505769,1.90368869982335,1.44173060466769,1.7962824282191,2.63905860482292,2.78446532645262,2.05528445721684,2.26399336538218
"O60911",-0.456491232748659,-0.664328230991919,-0.520881896819414,-0.751154525566537,-0.478568655104384,-1.0108199994586,-0.73441249688625,-0.826792291152101,-0.328099723846837,-1.71903115146711,-2.04531329857096,-2.11277795800036,-1.00710033560733,-0.903756683981331,-0.959980409681195,-0.999396443678196,-0.615516806110235,-1.05016397135016
"O60925",-1.19290560831283,-1.07863004997775,-0.431250679236499,-0.78349939796952,-0.489863145611862,-0.803205501077506,-1.04691252956571,-0.897384927073248,-1.17261760739957,0.194293776120594,0.4066587544879,0.564070237884472,0.154857030620089,0.096425033608158,0.215202891511588,0.0040803710175279,-0.218660500856393,-0.220989114312079
"O60936",-2.93415068154611,-2.85664695836349,-2.79737539772404,-1.66657509024809,-2.61590888365201,-2.15480164917545,-2.17591994067855,-2.39258326355428,-1.97087200740213,-1.47652743955805,-2.73728696570444,-2.11615229635877,-2.30876813808742,-1.71647286419744,-1.18896186275165,-0.853804685976647,-1.88790554774166,-1.54226774579341
"O75051",-3.40938881812032,-1.62119907345305,-2.38762148723313,-1.912327133297,-1.83926904842471,-2.4536381386605,-2.13731616709468,-1.52772477256054,-1.69784055338159,-2.95339270843491,-2.28367392484589,-3.01172666610807,-3.33590701156366,-2.46921075625412,-2.53308549093626,NA,-3.71330230318889,-2.97960984682324
"O75063",1.34678054795097,1.34138822814357,1.49538066870366,1.48937410677234,1.51300455728192,1.24750662799131,1.548481731605,1.47647897761293,1.58112279354209,-0.158451620956614,0.229247582243325,0.0617758483005222,0.270570425970805,0.127205855743702,-0.166082395948941,-0.106339847214846,-0.34887827283228,0.311286492320184
"O75083",2.58989017055296,2.56539531553576,2.92165446226283,2.83130585517361,2.85064569217617,2.86205008951075,2.73209796982906,2.64043402225123,2.63758731457721,3.31697395203536,3.47440637582868,3.50941950158629,3.27443976634659,3.3452101108039,2.99367413675006,3.08152646220937,3.2509198755475,3.285661731157
"O75084;Q14332",0.574331948829801,0.888920199375542,0.873423531042093,1.29428337239761,1.36723236812179,1.09858380827052,0.950213284365653,1.19464205296884,0.930909612653107,-0.501962292082325,-0.340874748065351,-0.0957710456347503,0.547908863025556,0.446417241080518,0.238950410244462,0.371058852429545,0.692189912793255,0.48528255026633
"O75093",2.93920790056619,3.14872525533374,3.24839723915314,3.38918423782252,3.52158387894966,2.95151391425617,3.33814074347317,3.10027377273076,3.24650747842268,1.97714994159859,2.11901968998905,1.83164337097686,1.8026034234124,2.03899124910501,1.64654728469719,2.13745706151927,1.81126246706738,1.89951296230394
"O75116",-1.86379462664808,-1.38753894129487,-2.01236203217061,-2.21390296567805,-2.69767448221652,-2.3557802301504,-2.83305820037265,-2.08123518472619,-2.5533436155366,-1.73961606057958,-1.70850840735009,-2.12581464524115,-2.08811966476946,-1.75181463382452,-1.82045825816079,-1.73916313397147,-1.56529943304351,-1.59194381281784
"O75144",1.90667796575165,1.69629226209948,1.80200537746687,1.81043825096394,1.9195656750168,1.95515287266077,2.06288774263111,1.88799360815607,2.06009957627364,1.67100624407501,1.45694105662288,1.48832919780534,1.59843236234514,1.56406673366426,1.55120303610244,1.39218929889518,1.58716819585004,1.60379952399741
"O75197",0.64600915641727,0.41202709446504,0.727491073780415,0.567400278617416,0.604252186320645,0.493265859457336,0.952467836670758,0.782700958120968,0.688742945680039,-0.416754171627989,-0.395103102168143,-0.327877442357511,-0.111766500865214,-0.453859294681023,-0.432618990085691,-0.693390273868831,-0.126988804802771,-0.125985713844528
"O75223",0.806238682784384,0.814197477028936,1.14157351158368,1.05111876283232,0.770787612560976,1.00159385901887,0.834824937389149,0.948851451314354,1.07223252516893,1.14764726811367,1.06299303898269,1.16663241135575,1.39616955552057,1.25134483404315,1.046287509055,1.09559545979842,1.02103958750889,1.27814229974503
"O75312",0.562605194366533,-0.0144744857177894,-0.067802373829096,0.196772830791025,-0.299728296509526,-0.579318153431574,-0.178923101593609,0.336540993336531,0.312222336779394,0.514650872021804,0.220719172033096,0.474052610276356,0.603090667846033,0.553872415919004,1.02393370138505,0.84593766887593,0.278011555343401,0.382490298028404
"O75325",2.53263286647276,2.84507156080688,2.35905177902108,2.42825928653568,2.62012983445219,2.66273866090276,2.1344339113367,2.51294876905517,2.36946669914349,1.56673700549882,2.32536459799877,1.78887917436674,1.73167773026319,1.95594132147448,1.80103467437116,1.94646065295594,2.00653621372302,1.77474096898991
"O75326",3.87078990003961,3.88847422024777,4.08257522797312,4.02136846393913,3.82617677455709,3.71951524870755,3.95273875159367,3.88840403525576,3.89192964049298,2.54092786090707,2.96542987700805,2.90997703422736,3.03191393413776,3.17497047457967,2.45452201175448,2.67284670401842,3.21109672694924,3.2386842650524
"O75340",-1.94933292152349,-1.58129732777161,-2.04729859401652,-2.70960899136552,-2.13494760288966,-2.87661050134969,-2.53246342210076,-3.18272576145182,-2.4489162879138,-1.64578717595603,-1.46770616956335,-1.33472025932731,-1.27036698498188,-2.2149695724524,-2.01802137765738,-1.82852665683794,-1.34047108985282,-1.76281609032039
"O75347",2.46418703067308,2.4814527451935,2.95281156388024,2.50428956977895,2.58444747747146,2.53902221966406,2.40877251437346,2.39309806285538,2.42831808339896,2.84742538546658,3.00736852002261,2.99152350684598,2.94175544683926,2.76470926657833,2.72405425211446,2.8727714852068,2.78763250600748,3.08556953747357
"O75348",NA,-2.92841884340231,-2.56146516382975,NA,-2.19867602769558,-5.48917569496696,NA,NA,-2.58207303527534,-1.44880973879267,-1.80721923918862,-1.27755684257102,-2.48154896418873,-2.45152977534962,-1.45710417814826,-2.09101907192236,-1.60729529897752,-2.1406756814643
"O75351;Q6PIW4;Q9UN37",-2.08775242518896,-2.50714045966384,-2.71150367844333,-2.72887440332513,-1.44008407545983,-2.74568175003241,-1.73567973798202,-2.40643618273693,-2.50489738791292,-2.28004279166791,-1.9942491601115,-1.92816071127527,-1.24325998212583,-2.16686328432223,-1.23360819069418,-1.44189482703026,-1.72963631180346,-3.37079957416083
"O75367",1.44634036474302,1.13158161335182,1.51797704836897,1.14174872219047,0.968702825162913,0.711201131599793,1.37250702221237,0.805779757172774,1.67810905442292,1.49575481896742,1.46423652436141,1.61876137950824,0.694125058111307,0.648814012722605,0.614493156918716,-0.595239266708274,0.415707038597148,0.522684068603642
"O75368",1.03376937408391,0.9226065670716,1.29331921927438,1.35732805138474,1.5550129849487,1.57248662588174,1.15278309784605,1.32336834771138,1.04588379940046,1.78215887582703,1.89814494488234,2.04145870318273,1.60804224844182,1.55076058184957,1.57353654638641,1.49578930415997,1.64831490993497,1.72788341629604
"O75369",6.26298206486476,6.27301289796011,6.60597097493056,6.25737369447655,6.40659313520626,6.28633153037176,6.2525454594068,5.99277361813581,6.27432184330274,7.46653542402048,7.56490909333153,7.5964443820073,7.32134944371936,7.28743866675296,7.20697786518472,6.88126753570407,6.98341784806248,6.96104636040541
"O75390",-0.352537601315504,-0.567601722925037,0.0833449762734553,-0.375624152729847,-0.690691812841465,-0.802201558326536,-0.615514482437746,-0.290996766014713,-0.381431521608933,2.06988745880624,2.2917535705511,2.09121532750189,2.42944977117585,2.35994074948387,2.11349318139804,2.10062840509952,2.26513253776024,2.17847363705321
"O75396",-1.5832462846852,-1.52438895303304,-1.23362570857579,-2.1867101213522,-1.27132047735533,-2.49780353817098,-2.02670139287724,-1.87187387810903,-1.32014288987985,-0.530073830123789,-0.801687738995001,-0.374883129944216,-0.314451150573516,-0.478136053614561,-0.216711116452148,-0.427587521834635,-0.535051931059571,-0.691055586350849
"O75410",-2.05405017081354,-1.63693905972575,-2.62829203229498,-2.26161919540956,-1.91318694755476,-2.29818514890203,-2.37063554996827,-2.08189247883409,-2.54460735090502,-1.91179826840179,-2.49526195416159,-2.29130826207252,-2.08185729264636,-2.63623650668638,-2.54829673335212,-3.15170841213286,-1.83592799575382,-2.49116780558476
"O75436",0.555581383874422,0.046307632677598,0.0356250763687971,0.433321826780372,-8.38301091317106e-05,0.433746919695157,0.391121166487231,0.236437502471254,0.333917510034542,0.698487037225258,0.652453969248338,0.672147564908517,0.331040478556684,0.448251409413764,0.400899087258823,0.550028971929136,0.500691767797912,0.382800172235406
"O75439",NA,-1.94521567003948,NA,NA,-3.67712785238194,NA,-2.76284086875134,NA,-2.58197583343977,-1.13654140941353,-1.53370054186632,-1.17435281246028,-1.64876968702945,-0.925724714620467,-1.46464446119975,-1.05494460991688,-1.38970450593822,-2.10781045132798
"O75493",-1.62135987074654,-1.00743484101412,-0.702477833442074,-1.17501432800641,-1.27882336237338,-1.6676340422536,-0.330684833391361,-0.409215175118206,-0.56999006963892,-2.95075945956966,-1.35108459898972,-2.13379170661424,-1.73548162264246,-1.39134329960343,-3.10236469315136,-2.86321633151973,-2.47871171795195,-1.76540885123434
"O75503",0.782194320666957,0.721910918897708,1.1639506205969,0.946551541434665,0.561487164947776,0.678593743985536,1.21566161520967,1.17480378802982,0.87552087618657,0.0447765779149965,0.363833515149471,0.457783250932865,1.23678347579867,1.12636716735719,0.311494017593958,1.12815327731009,1.43117896493268,1.67869746298233
"O75506",-1.94065906863285,-1.92800650960769,-1.15699798722404,-1.44051185314336,-0.814665845440031,-1.7376643018449,-1.86484466882861,-2.49224322522879,-1.81105489231934,-0.702725388738942,-0.878219418265201,-0.609974441608278,-0.0199907451285206,-0.369730328397507,-0.376107269753321,-0.864826864177997,-0.152120249077354,-0.662750800813641
"O75509",3.12409377908857,3.10152946639539,3.25228579869043,3.40978908413653,3.35220129120473,3.13869589687806,3.64269388261107,3.49630748653428,3.56192333700554,1.84938443990105,2.17288979348244,2.05700905277542,2.40428628434257,1.93855943403439,1.63552590375837,1.86554037871396,2.31490866050505,2.64864977182903
"O75531",2.07350000762252,2.01332043215901,2.27017137279161,2.48657662622378,2.44176051234267,2.26504875734933,2.06518585035183,1.02512814725399,2.05797461866762,2.73330973630456,2.49882477302906,2.66152051905695,2.39675738494822,2.22324642472343,2.10880908299361,1.927787067657,1.97273938811724,2.58757186216585
"O75533",-1.90578314915573,-1.79149884642932,-1.71700114027342,-2.09256110085451,NA,-1.51596204366452,-2.26064407136753,-1.59292627890794,-1.07136891764632,-0.552355759520859,-1.31478428879285,-1.61073244866114,-2.60927119594257,-1.91145244978353,-1.20966804883614,-1.42682862909914,-2.46608552155458,-1.97187243639286
"O75534",-2.67115255204974,NA,-3.34468226900164,-2.69810728410002,-2.29057429341398,NA,-2.76933644594415,-2.82194265314455,-2.78061206298515,-2.0328010354266,-1.99619686671382,-2.18751518672035,-2.3619951428127,-2.52473246120236,-2.02665544386381,-2.18314135127362,-2.3457871547831,-2.07443529084936
"O75581",-0.851585521913815,-0.315423489387138,-0.429607124269298,-0.957535493888972,-0.459483580524942,-0.87202756710469,-0.00812333191185388,-0.488639776983771,-0.365729246153757,-2.05420391733465,-1.76025030922153,-2.3468478423972,-2.44557319132223,-2.13073449276891,-3.05838223310753,-2.24063786923944,-2.58349391275545,-3.12768423090732
"O75607",-3.16516662712776,NA,-1.83265402464093,-1.07339998793618,-1.75463517060684,NA,-2.20342532862613,0.2617693238771,-1.15803150085419,-0.801360549790408,-1.27784542862731,-1.51153851023879,-2.04227893049382,-2.7417662765812,NA,NA,NA,-2.88696822754607
"O75608",-1.53018823829017,-1.46927049886086,-1.32893442245599,-0.940326321185927,-0.674878733405045,-0.915715584155284,-1.24214334621381,-1.01570014643,-0.885054490078185,0.335672209330857,-0.0318655901991072,0.511150765083928,0.0694143746789404,-0.528852332119646,0.418513135960398,-0.111390554775097,-0.0380133869536436,-0.1894111120865
"O75629",0.837116420005149,1.49248559401105,0.662449120903581,1.32099248686942,1.85339514506516,1.71189854613264,1.30210870953135,1.89126572981236,1.12860535884926,0.105239935953957,0.0914448010301676,0.0450920735239873,-0.129599300943154,0.365359356235176,-0.215419524295417,0.549931742013481,-0.233070657207669,0.519848125988529
"O75643",-1.25716150712396,-2.19421629004124,-2.08230692458437,-1.76453563056164,-2.05803762084002,-1.83125178319086,-1.51519870454413,-2.4681159591908,-1.35488714002777,-1.28592670022563,-1.33791088667248,-1.38830052415897,-1.40238706326211,-1.75188232828844,-2.06447479017157,-1.66423256731165,-1.51431173717162,-1.90655007580641
"O75663",-0.649290307026942,-1.00217288868397,-0.389374406811012,-0.89009896063725,-0.26552799749552,-0.720528324553528,-0.495942496858067,-0.521989711448512,-0.421818410252826,-0.368255678953297,0.313858441389097,0.103902883487226,-0.208221513390725,0.12540307488992,-0.509242458089284,-0.271672252320307,-0.0463392521994432,0.0303553284484188
"O75688",NA,-3.01272166530101,-2.81393139294799,-3.04864387430476,-1.21921473070806,-1.86351741476055,-1.75655582107458,-2.46193494750797,NA,-1.49641516441286,-1.59302532328908,-1.74342899978456,-1.2916978855824,-1.31721864532957,-1.3565692292613,-2.84883166422676,-1.39685622357653,-2.08642393412975
"O75718",1.73319273301928,1.89051903472893,1.86243406336286,1.49743134266178,1.54378584065318,1.28198964545618,1.59532170101702,1.35853107743112,1.3813479562786,0.0569445852305979,-0.285172404490215,-0.0716759578652848,0.0410036267252423,0.257715355206811,-0.209924344859344,-0.0360020716006382,-0.307292009496535,-0.126447050586808
"O75752",-0.481264061565641,-0.996163737287647,-1.2344845042708,-0.199325374824626,-0.981961175446206,-1.25097477000327,-0.529018270117435,-0.985675232573109,-0.552120839776872,-4.08681294170728,-3.68414627963694,-2.49811316525698,-2.07172824170107,-2.78563764832409,-3.00725213445439,-3.19961438823556,-2.14732814623767,-2.11013470354779
"O75787",2.39927847105907,2.62584808335896,2.75631148552506,2.78653774500252,1.81356380160638,1.63988809425928,2.86393157792273,2.45020247121201,2.72029953240107,2.2227540138057,2.2352420640742,2.31906435591178,2.51811293143525,2.58192285608913,2.375599347491,2.16142474240759,2.62464131118692,2.37656906561922
"O75821",-1.48463834625062,-2.12508260611555,-0.217027212415658,-1.06884419820642,-0.776850623739286,-0.9447391267762,-0.963371508132981,-1.32417977779472,-0.81027768087164,0.247830197908854,0.105067461426843,0.0966200839042575,-0.16042025396151,-0.139982677530055,-0.167592433291611,-0.162992381485669,-0.27633757755671,-0.0639838638192867
"O75822",-1.08575099238348,-1.08107791642679,-0.648004783911427,-0.435936946009802,-0.394599765849796,-1.0043589500545,-0.753438738448867,-0.762564743109579,-0.766536464546498,0.261502536569168,0.199496446648331,0.288799883234605,0.189573192163108,0.307826989960779,0.142520766480557,0.11961791731121,-0.038659038317677,0.37735400870435
"O75828",0.582558801386396,0.92356084855896,1.52928746884853,1.32174163571503,1.29309708454778,1.12377989838891,0.944656515875362,1.13679309901485,1.20748027005319,1.57394303371379,1.28520895880116,1.44616257657302,0.997650800768136,1.34006595286428,0.980912450943125,0.583863802918026,0.0716423636703603,1.06941033936305
"O75832",-2.1862897493054,-1.59048811341295,-2.08976127452503,-2.80849285162,-2.70779562699274,-1.94568945702495,-2.7498795373444,-2.49081951255242,-2.20564624959211,-1.47562967079261,-1.81957502629555,-1.44913278094887,-2.93239984512144,-1.95968809096988,-1.83672456907735,-1.70166944792918,-2.27378176355798,-2.26151985103544
"O75843",NA,-3.42774662064778,-1.86401240032976,-4.3280726245763,NA,-2.28184422883115,-3.61452618736363,-2.78803841725997,NA,-1.67681791716106,-2.25945683686867,-1.62564233483905,-2.25937562318928,-2.54146191993182,-2.94125522400214,-4.03444388979167,-2.03860980070443,-2.23268372703379
"O75874",1.6185103879291,1.92122412247549,2.4522725925561,2.17564431997641,2.11327215001343,2.01919297937936,2.10414690959705,1.8078723609193,2.0911535787899,2.45736886410446,2.82416554285709,2.88275886335257,3.07175394235268,3.10887706373412,2.76637553337739,2.62403350116059,3.01565995020109,2.81531089245095
"O75880",NA,NA,NA,NA,NA,NA,NA,NA,NA,-1.57724298085384,-2.12803522064754,-1.44010186852069,-0.86843664741937,-0.92674973919305,-0.464549819672214,-0.692295631903654,-0.809203110930157,-0.858686036727972
"O75882",1.77531646728745,1.73180549217296,1.94340294884533,2.05893650220222,1.70976348024498,1.80576350350034,2.12533631318692,2.01943108009109,1.93684761690749,0.607411469630296,1.00689396425066,1.06182291515885,1.41317089231463,1.14275192598115,0.728391754291955,0.998645960095423,1.42608773364173,1.42996558680919
"O75884",0.00158559485779897,0.598279719071433,0.406517959011742,-0.141844824774497,-0.887414755720191,0.0552441833409443,0.190189905579864,-0.863541800528147,0.00118610165755051,0.394818799139706,0.855113058378318,1.2371951800327,1.47914298263683,1.38701423673012,0.994571266273027,0.805944546335677,0.842405041029117,1.42176102229945
"O75935",-2.20130726593718,-0.54825367899439,-1.90643460675347,-2.76750446104819,-1.00241718345479,NA,-1.98564232946038,-1.14726004312374,-1.90953504095836,-1.16188646514547,-0.862384020436922,-0.788381955408417,-1.48722023153491,-1.2950494930563,-0.946001272240758,-1.34355367221761,-1.17510218594856,-1.5585789226399
"O75937",-0.00921916745149609,-0.651583362449488,-0.00438370318533465,-0.180800974801651,0.385362897436593,-0.139694445992513,-0.17593365919662,-0.309709984118323,-0.776484385034003,0.40451591371381,0.132807943936259,0.447863045007026,0.0970693735450023,-0.648276082501893,-0.129319082569287,0.190511390318305,-0.0334929450551762,-0.215892584398317
"O75976",0.843706019743511,0.564859130282434,1.03020566645104,1.00198742375116,0.862731551930956,0.89657358159659,1.26025550658588,1.09293798709305,1.13217572554381,0.968688983958671,1.74300178589058,1.69495196815247,2.06229953286677,2.04584394097153,1.46830205646428,1.67122444994354,1.96798107611811,2.12848971975248
"O76003",0.216674834605588,-0.0434722749931922,0.448812038022288,0.235922544188398,0.288868858197961,-0.0877440552742712,0.237401732065713,-0.291676357101171,-0.0170188452896642,0.307371755229248,0.647235770299783,0.464583760801109,1.156573314233,1.1780452287016,0.882388473839551,0.920453947524877,1.20160438205343,1.01950517842467
"O76009",-2.80470067052006,NA,-4.43797858615967,NA,0.888748625164348,-2.61326465611861,NA,-3.64100244694484,-2.98447593126465,NA,NA,-5.49210836025728,-4.35162671898746,-5.1195741359866,-3.39718858264003,-4.44951221087506,NA,NA
"O76013",0.099988547308401,0.0856788062246974,-0.676570647919326,-0.985329077447997,0.509867699127211,0.0429369491705582,0.119799075039158,0.0859968508124744,0.547304634200332,-2.1128736105405,-5.29213439826188,-2.40213958936053,-2.89358152850177,-1.33502682599361,-1.55848613196644,-3.00264080057558,-2.04576418492616,-2.15137729647669
"O76021",NA,NA,NA,-2.43034574397937,NA,-4.14346794705762,NA,NA,NA,-0.787605836476417,-1.86463895536111,-2.35978360063445,-2.61288179417043,-3.87836280864994,-2.64954572850417,-2.41809562733307,-4.28668647194173,-3.08359463009908
"O76054",-2.8679336755525,NA,-3.9281184803652,-2.78951007486704,-4.88346611136328,NA,-4.38155104764759,-2.4844284741083,-3.82310850884488,-2.77274991553496,-1.81874352009697,-2.01116064725367,-1.69620729819411,-2.0247738935032,-2.06735193546562,-2.4860513675334,-2.03840451442142,-1.60979231848511
"O76071",-2.52639233376488,-2.13253222192361,-2.90672754133918,-2.04064630040944,-1.86391234927554,-1.42671501702882,-2.37994156360872,-3.09760063028896,-2.03135649219706,-1.59724280733698,-2.21673201786185,-2.8324924928472,-2.70649145085404,-3.12097237052831,-2.49116043390518,-2.77110464448321,-2.24013364276591,-3.86018412581833
"O76096",1.61460171555618,1.87923299227889,2.07312549389286,1.84622541891655,1.68953012692799,1.54902545335599,2.03329504804856,1.81496101199714,2.23037581239046,-1.52074515838585,-1.56977786969736,-1.60607404513975,-1.50722699991997,-1.21201689972413,-1.22294779097869,NA,-2.17602423269488,-1.35531167849703
"O94760",2.3291567595494,2.32517738572615,2.72102928750608,2.45261690771982,2.74610121259359,2.45182025958232,2.56458188734413,2.38382374478841,2.52148441274938,2.58670774996182,2.64313314803199,2.91682309580664,3.11312413945383,2.8445204562254,2.64220117785541,3.13532851825266,3.06252194029275,3.21038226132073
"O94766",0.017068082825606,-0.0273055227543093,0.302754801727826,0.0232642837258688,-0.116479408003842,-0.207410781279458,0.398468716498815,-0.484948474947842,-0.0112437570772403,-0.679708465192502,-0.269541165645188,-0.345908888572217,0.322414610751427,0.296841973691274,0.0592865579363764,-0.343153834825717,-0.127909549851113,0.0585095646524874
"O94804",NA,NA,NA,NA,NA,NA,NA,NA,NA,NA,NA,-3.01249936860262,-5.51435171449522,NA,NA,-2.68850194655198,NA,-3.99909060525376
"O94813",0.715432545884795,0.408244867325626,0.526462420117195,0.17954683257055,-0.00622085559777297,-0.384048353040033,0.317151255323346,-0.582089388357971,0.2416438055344,-0.8690042994528,-0.191296374310284,-0.405904866898795,-0.349063104328133,-0.724080639533362,-1.07580971208935,-0.993433378891512,-0.525354332127592,-0.581206086558896
"O94826",NA,-4.11322636996717,-4.04606583586968,-3.62145307528335,-2.56968833292953,NA,NA,NA,-5.25355078470775,-2.66456249677314,-2.95251815746812,-2.11376738523415,-2.58138584644056,-2.45409535785156,-2.51919161214906,-2.44218669264223,-2.70756853373621,-3.15099219410609
"O94855",NA,-1.45756298623647,-1.31186326323158,-2.01424751085662,-1.96903727829827,-1.69050240725819,-3.94823689452678,NA,-0.644970559348375,-0.459195702789492,-0.537870933373731,-0.711743671652616,-0.715256730654596,-1.85273057261786,-1.09971654204567,-1.93289731845831,-1.73585056563064,-1.71107608781007
"O94898",-1.17231032353227,-1.12771176548658,-0.641013433655566,-0.844640126944231,-0.501161547873243,-0.963042931911721,-0.133466330575985,-0.825913812950279,-0.739087715877184,-2.62743423110927,-2.00246308258833,-2.03159945166621,-1.68906596137135,-2.56422905798019,-3.05251691757153,-2.06596096789037,-1.98830797781086,-2.3152002556379
"O94907",6.63519393869506,6.71368079185169,6.82405845081085,6.48473255290603,6.56913693764078,6.58503392930148,6.77302142028465,6.75170734434358,6.81347639990332,5.0292527199359,4.81188994001982,4.73961004231878,4.61833718755737,4.66514488176261,5.02452224148778,4.96895689338253,4.76349218802106,4.90640565107333
"O94910",-1.47742235431059,-1.57707621752111,-1.63359957763214,-2.55650680770774,-2.8428295057936,-1.55410444156394,-1.61825881651674,-2.055076553711,-1.24484191157215,-2.93463866330548,-4.17717916390652,-3.59760878466173,-3.44994720078494,-2.57049501498896,-2.66044461562649,NA,-3.78669695361628,-3.5584980264119
"O94923",0.0873097354918428,0.257881438219393,0.432247794426321,-0.19776046902926,0.122384251879248,-0.176625010975066,0.325223985272384,0.089173468516174,0.379006064295201,-1.4800107782734,-1.31238933158238,-1.37248558908058,-1.87892615165877,-1.73093308506651,-1.94365104529799,-1.55799993688251,-1.13602806654964,-0.939218476600148
"O94973",-2.6562685569023,-2.89190261029998,-2.61637267895115,-1.80518453097611,-1.66643164633881,-2.02587669559863,-2.21043867412407,-1.31219120549318,-2.00415685308961,-2.78782407280081,-2.4958235215797,-1.95088319280849,-1.54890992786588,-1.58970774470774,-2.46523485190047,-1.97585823311203,-2.18984501331835,-1.39214532364632
"O94979",-0.9951487727231,-1.57471029470484,-1.30902078287889,-0.801614499275999,-1.67544004449315,-1.47822272900654,-1.49179102534368,-1.44511907432877,-0.741690619601328,-0.826534121309217,-0.733837908058469,-0.777929428418431,-0.733577242691771,-1.29878810159337,-1.01351047824513,-1.20525636703768,-0.685583281169282,-0.697214762958824
"O94985",6.72861393437539,6.80662586764295,6.90562336020157,6.93804916625578,6.78559892073674,6.57846197943641,6.89295979203454,6.8725520620012,6.86626010470913,5.04593861810918,5.60502122914363,5.5300493432781,6.00245856101612,5.9483424891859,5.3470013615058,5.56439180610483,5.92341896707054,6.07252964904856
"O94992",-1.15367175835976,-0.174067334537543,-0.829153089940002,-0.31120230770682,-0.0419143926613348,-0.290233678298989,-0.194707036329016,-0.836679051044577,0.00281692561524949,-0.435273126757068,-0.226560467505388,-0.376380873130019,-1.96209361740802,-0.995932791185619,-1.2145475204959,-1.33198750900936,-1.60393426858394,-1.43739468506463
"O95084",3.68863407816833,3.86173527689296,4.34120375189725,3.67561946641642,3.93761911062212,3.83639433668903,3.98271459988312,3.78418562710626,3.87326901324053,3.71700921045635,3.31143583932447,3.39762575924822,2.90692015234284,2.9686039392521,3.72825700276512,3.40042040724134,2.90006482033654,3.12448464319066
"O95150",-0.0416665640173228,-1.30583094032827,-0.2448480588581,-0.749702402596305,-1.00480101707535,-1.73014014185152,-1.21106447685826,-0.10679707832956,-2.03096229990504,0.019556839270189,-0.0138106405116822,-1.01758750886794,-1.73227332677981,-1.1416458694346,-2.66595928367692,-0.678877268275597,-1.48747813348901,-0.555447936173969
"O95159",-1.41142628545325,-1.37343906823579,-0.484502516470407,-0.83964170870706,-1.66537196749027,-1.24994719512558,-0.850113101558925,-0.624142624016876,-0.792969579696941,0.635224467786468,-0.059637785682682,-0.0567336712847464,0.228051074066091,-0.157041770230899,0.147579530622009,-0.616052982176788,-0.562417827127262,0.242307551753818
"O95166",-1.69839606630158,-4.21670925010349,-0.768191498777342,NA,-1.04814801539761,NA,-1.67667903846974,-0.919501663254372,-2.59316008921871,-3.10671841555938,-1.55938296834729,-2.31225540323412,-2.20347335287411,-3.13971971775005,-2.54698797571474,-0.91190625245034,-2.62252826480603,-2.08813676355558
"O95197",-0.857948542435064,-0.799671886972457,NA,-1.80112152389815,NA,NA,-2.33895940385208,-1.34113940911027,-1.57292895870911,-0.496145598673773,-1.23065619556669,-1.60559898100864,-1.69055006066746,NA,-0.293156711535568,-0.635609362704379,-1.774284930841,-1.38784977051013
"O95292",NA,-0.737868625172363,-0.99675309497156,-1.45101000445986,-1.92627513190882,-2.34483061513592,-1.54561179689841,-2.47739451256775,-1.28236861036661,-1.61206597364434,-1.74657188457739,-1.29720946442781,-1.19365949344339,-0.678578920783373,-1.71063073275627,-1.15829520120002,-1.43426717068894,-1.27014067967586
"O95297",0.247377919156703,0.745751804840545,0.975469010050741,1.07261416210808,1.34030800040839,-0.148658355449141,0.951398197856095,0.307552681870733,0.800861659262905,-0.207708858217218,0.55905771593536,0.387318050081531,0.857651902280514,1.03875814991029,1.09703616043132,0.536185951174655,1.17153942709479,1.22336748256625
"O95336",1.88254554484561,1.97646241293131,2.33531860087392,2.25760636705437,2.37386191844382,2.33756008118714,2.32112584569261,2.35732656661434,2.21875522263372,2.27826352866887,2.32654771098443,2.35354935505753,2.25357016929328,2.08654208854232,1.9686282073419,1.90055385202068,2.00998362454698,1.95948427877553
"O95347",-4.80996561056267,-2.00450859698949,-3.37359200231274,-4.24376979278326,-4.93194993586592,-2.86817170306516,NA,NA,NA,-2.20303611965597,-3.92900445357569,-2.75215567655473,-3.42686380129427,NA,-3.79976298680588,-3.76638516940183,-3.9858936462507,-3.40029888047709
"O95372",-1.78121629572348,-0.791859709484096,-0.755661858243751,-1.04010691143575,-0.827078301441025,-1.44449728254015,-1.65730936579175,-1.87081977759704,-1.04824200486159,-0.28170614716854,-0.695481232843543,0.0458178887771563,-0.436997398797402,-0.216922064293291,-0.379903147323452,-0.537725961146568,-0.494010565813993,-0.214884087593155
"O95373",0.851769240405584,0.873218825915123,-0.346364085116402,0.979664670096527,0.560582208057038,0.732220853532283,0.6263578583761,1.3171292014047,0.950853995850551,1.62134838670683,1.31709675933217,0.858307923480819,0.459089911584746,1.1337378243069,1.17648267508404,1.58754440538189,0.834479556219597,0.396862388572995
"O95394",-0.994808742645707,-1.2152640282593,-0.496347839140737,-0.639682876535118,-0.718531936762849,-0.747855899415588,-0.42944697919056,-1.44383828075437,-1.10954381169709,0.844098138708405,1.17762582812555,1.02585003680256,1.09116171212477,1.16956168479564,0.891431891440764,1.03741247443974,0.853745957026227,1.05637114358845
"O95433",0.213242787420082,0.712318409356614,0.625352893937572,0.488791396635143,0.636187797057103,0.857326751801255,0.761468607526922,0.719344277392009,0.864354195280933,1.67779101685342,1.49771817514618,1.41755436423587,1.78988439295965,1.48186929086523,1.62539305080229,1.5770331889664,1.48537536882779,1.78900204544291
"O95445",4.14340713977211,4.13597287334834,3.17283382473756,3.73132419204913,3.99843262068616,4.2511201371839,3.75401681044489,4.12733551015002,4.15656346504933,3.46188191186521,3.60598033630063,3.18752601399113,3.32563954061704,3.6792805581369,3.95305855423919,3.94046340835731,3.49925337114045,3.53776932853064
"O95456",NA,NA,-1.78034974321003,-2.51453820071669,NA,NA,-2.27419340601313,-1.90374260125067,-2.0162585765391,-2.15307712074574,-2.00688717743214,-1.35660658622704,-1.50073241080074,-2.72301372483811,-2.09524261458073,-2.15422020192903,-2.62131550456525,-1.85126788391429
"O95466",NA,NA,-4.35834417865166,NA,NA,NA,NA,-3.33503326686304,NA,-6.0578036469479,-1.85167853405783,-1.96319554868963,-2.83329920602726,-4.00804204086816,-2.28006756366193,NA,-3.99226086387489,-2.47311573028542
"O95479",-3.03019868191041,-2.65637796374643,-2.75695768210345,-3.80530111441238,-2.22259440898304,-3.03237102297862,-2.25470111772774,-2.07451510152035,-2.13441358781322,-2.64339332222623,-2.59064674864682,-2.24693409646481,-3.49135300776518,-3.28631933765413,-4.74066970059658,-3.37548057931953,-2.58746109200014,-3.11086170961851
"O95486",NA,NA,-2.75293581485845,NA,NA,-3.04758453403203,NA,NA,-3.09879818899111,-5.47001978697635,-3.76460527104965,-6.40859229346816,-3.69766757293731,-4.08003037814452,-6.54203658175875,-5.00169750227745,NA,NA
"O95490",-0.778287927214977,-0.759640359439564,-0.211389016711328,-1.17298674151756,-0.670139578508881,-0.885392847036592,-0.749595968890908,-0.254676107287468,-0.682791102413762,-2.78180700930435,-2.06892453398426,-2.13826385055734,-1.26178014027176,-1.78246844932497,-2.12961022846993,-1.55787221204739,-1.39179239578903,-2.38009407904059
"O95497",3.72502546791888,3.78691284329121,3.03399838092189,3.38919430724308,3.46194258923321,3.77711044589736,3.30295771805317,3.58529634022615,3.72716733674172,2.82014103234001,2.18724681678328,1.31341777861459,0.410786602589541,2.4354992500056,2.02194851676703,2.43611661194445,1.00148305271373,0.880064451963301
"O95498",2.34951777201927,1.22723961452891,1.94882811121078,1.86277333900633,2.2058674421243,2.33268136457998,1.65490231825764,2.64828312542607,1.99689609722584,-0.164259916857752,1.3202327639102,0.0963988954323103,-0.340187877524279,1.79774567265193,0.917246629516711,0.171693039238807,-0.41505105466824,-0.174563362042083
"O95571",NA,NA,0.701446004811269,2.45768789849676,-0.311632587796408,0.81668290261794,NA,0.83341068070977,0.0293384141782767,-2.04407044362246,-1.14262578756226,-1.95263094542331,1.00498005575818,-3.2244609969138,NA,NA,-2.60619168693157,-0.619464462020589
"O95630",-1.55530486436956,-2.07656484589993,-1.6406403178997,-2.06171820526885,-1.73746402763543,-2.64685940922187,-2.33561575372191,-2.24609817472773,-1.73423091861716,-1.43508934267974,-0.854769304089217,-0.807170010436017,-0.701775616093045,-1.38160953589428,-1.03436969484376,-1.53987196744834,-1.2551177243525,-1.387274927422
"O95633",-0.392114815527471,-1.0872018479189,-0.519331937227805,-0.716903677159067,-0.377474827396226,-0.980867137148199,0.19413490728577,0.0338330721998652,0.10040122659756,-1.0058851866411,-0.278171797349104,-0.804996717489496,-0.3511298827473,-0.971213863850949,-0.978182744356936,-0.633636638417321,-0.61461291716507,-0.799769312639124
"O95747",0.417591966940817,0.448427018142853,0.81726124033899,0.591202255287,0.512140598632602,0.699206378768107,0.294103900576269,0.250405905561534,0.170139456801941,1.29677024271694,1.32159996251121,1.41980431481324,1.10761259490345,0.727281154457446,1.09235406923626,0.825825374194784,0.747878594318102,0.742972664660305
"O95749",NA,NA,-3.41036804965179,-2.93988582886252,-1.88154270295706,NA,NA,NA,-4.59741797463318,-1.84519330342996,-1.54814144192815,-1.28931319288997,-1.75963248668936,-2.15354300312132,-1.66636146443023,-2.85843825515459,-0.942124502598438,-2.07914550304674
"O95757",-1.16918384837844,-1.51513229184593,-0.786479392292183,-0.85434205727304,-1.2469849306374,-0.747335967199569,-1.02291433637921,-1.37323791151206,-0.828238875026327,0.207782765604584,0.255046757327204,0.215850260064212,0.0945743739077152,-0.373651680941568,0.200725891557742,0.364202865440687,0.0462500644332273,0.0832763955803699
"O95760",-4.55352289709766,-3.12952406017114,-1.94671431827273,-2.06180004016519,-2.40660610695306,-4.06686926433874,-3.13148526564408,-1.25861525212828,-2.6161777170856,-2.18576229387106,-1.98605623629768,-2.36449248550675,-3.66284617088566,NA,-4.40918374677978,NA,NA,-4.08803189135837
"O95777",-1.24076994010325,-0.809446498900077,-0.854986554022344,-1.62923230712246,-1.3729775754236,-1.40039674988473,-0.778413074767209,-1.27427492953343,-1.17291186720524,-0.236936765391885,-1.00326264247017,-0.320276044446814,-0.86878004791753,-0.956574845339701,-1.27263720328868,-0.862622630272991,-0.742777300104585,-0.62086530182668
"O95782",4.61673980231933,4.07827917442664,4.47481954480068,4.29949856908272,4.27110070938422,4.37563194652302,4.52942609722767,4.57601942983101,4.4285857890392,4.86407248004871,5.07343906000663,5.21644692041331,5.26465252188241,5.20017207425938,4.98699690373141,4.83671049391465,5.0451530104977,5.02448195053176
"O95793",-2.7102164480332,-2.44912805571242,-1.68357335334195,-2.00518010326333,-1.62414762979387,NA,-1.31478826196906,NA,-1.67202507367304,-0.861367690895757,-1.16361585560171,-2.15381243538725,-1.11155359743377,-1.52743189835587,-1.61184527410586,0.760127812063539,-0.631885547036821,-1.22846661166391
"O95810",NA,NA,-2.30022811211432,-2.65669819649258,-3.45317725940636,NA,-3.19873415582075,NA,-2.7483276732824,-2.02447767793895,-1.84167955876816,-2.38185888190217,-2.43486773205927,-2.63321300952671,-1.79997506083604,-1.47818489001657,-1.71235937614399,-4.09780841833228
"O95816",-2.31693472301137,-2.41264365147098,-2.2219299600825,-2.56323814456682,-3.11876323169525,-2.6260515333263,-2.63384233569658,-1.66567954221328,-2.23516240257439,-1.83636086208753,-2.64504906422997,-1.87292268671935,-1.95094869015858,-2.99367561148826,-1.80242164230111,-1.97415717529705,-2.1107709553282,-1.88411165857301
"O95817",-2.36865276022439,-1.93689182902362,-1.18434062773435,-1.95270400764398,-2.57086825838699,-2.82341872785844,-1.44127115435359,NA,-1.87603373694087,-0.950828005182715,-1.43087845265117,-2.11376044521952,-1.75582394334378,-0.997138953025631,-4.09770600811603,-2.23304124800102,-1.96461726297697,-1.93700449528926
"O95831",-0.78483139287537,-0.65677897218291,-0.629525763284168,-0.357938386104859,-0.271908733975517,-0.735351244708294,-0.636397381902547,-0.722997134163377,-0.714488062573587,-0.322283482200135,0.227157181119251,0.129409507093884,-0.63308355200268,-0.836264599735285,-0.724485291290954,-0.621973123133559,-0.705039541428031,-0.532452352240976
"O95834",0.932517091068297,0.925174725286462,0.830363060723201,0.764105784444842,0.804891215852464,1.14531278204615,0.756197636950741,0.936874302890397,0.862364260698184,1.31414611127388,1.60986269042097,1.51877412348446,1.57676084011573,1.64932977453851,1.58897937377134,1.42203327149943,1.64214342666917,1.37793689785692
"O95837;P19086;P29992;P50148;Q03113;Q14344",NA,NA,-2.35696750468329,-3.27744966525004,-2.47587108389943,-4.26506616184801,NA,NA,NA,-2.52983655056599,-1.91209692368815,-1.34296907070813,-1.87308113366893,NA,-2.58231123666028,-1.53307261524963,-2.89021900289548,-3.16512352882359
"O95861",-0.404360880498118,-0.585943912358393,0.365269769798923,0.0143770575119522,-0.178032638464032,-0.283579542638009,-0.286445905363539,-0.138741321331716,-0.347832732695819,0.325271847299931,0.599006409824215,0.528263414265263,0.747850303223579,0.882657939236378,0.559484806246342,0.489241410706287,0.440831299792887,0.685713055618793
"O95865",0.924240635822223,1.0964476074523,1.41489311723839,1.61065575550964,1.45061726862503,1.29200861022407,1.36860657971974,1.0637400301454,1.68476220081505,1.89668907206614,1.82910451251923,1.97780184855043,2.11969866742267,1.85031948701572,1.61493250579071,1.57807110849671,1.90346594215347,2.0180273932051
"O95881",-1.00221467106837,-0.684798999273121,0.267139088415744,-1.12643345020212,-0.867601493737564,-1.0856425373321,-1.45101431146335,-1.74795623430068,-0.683387807758675,0.473542967293621,0.32100789073046,0.801446104736778,0.349094639943633,0.271159943825497,0.102827585742462,0.186574469670187,0.917623866443968,0.516716857349726
"O95980",-0.909463801713714,-0.954548698414937,-1.27561933068194,-1.65736900887123,-0.478590659720878,-1.97346533407559,-0.944356204310925,-1.46857365566556,-0.941080684208236,-1.92747492254672,-2.86271346369145,-1.897247259631,-1.89046052196423,-1.65369873183409,-1.76699376982286,-1.97469346160703,-1.2732358478342,-1.55985356892982
"O95989",NA,-0.106222136672805,-1.0132796375612,-1.12500587576959,0.797532711226722,0.171638624487738,-0.230243379423264,0.333471306463009,0.156142889911294,0.287425386557226,0.329105983956437,-0.778289466103223,-1.06189942718303,-1.45870289121916,-0.805660852583618,-0.820489801987769,-0.890461586208795,NA
"O96019",-2.19214299528569,-1.98906009090879,-1.7640774253805,-2.04093944271473,-1.71164674815424,-1.85430748926869,-1.99734822551375,-2.35702605355492,-2.46924804282415,-0.860283387897925,-0.80346274057203,-0.914882667153235,-0.814469091941382,-1.22439931010753,-1.33115949296639,-1.4117926301484,-1.21945973134047,-1.31088818796563
"P00167",-3.73946709949482,NA,NA,NA,NA,-2.42044257367448,-4.88767935107238,NA,-3.76203333806198,-2.9270064664307,-3.6401340339281,-4.93196832680646,NA,-3.26897046482563,NA,NA,-5.23183891278842,-3.5889854626718
"P00338",6.88736873785708,6.95914899566771,7.26352264383178,7.37594458620808,7.2987705022226,7.22027400070072,7.02096526572566,7.109531527409,7.10045548565342,7.50461813428882,7.62540149028145,7.8834952040641,8.02801342104198,7.75062478116969,7.0825622610668,7.09547418930953,7.63466478505579,7.61985404782259
"P00367",0.113703627529022,0.306144522414245,0.7873133452544,0.473073190162781,0.488840721589821,0.396891770401856,0.993458475643562,0.290851122309045,0.328346281250717,1.54041933754908,1.78052798038697,2.21640123099383,1.78186221341947,1.66586462106484,1.64018284567121,1.50710743203443,1.86278507723535,1.92394400089764
"P00387",NA,-1.53179638532207,NA,NA,-2.78641864255558,-3.15238269139624,-1.51754224411686,NA,-1.7027876356993,-0.382027856699288,-0.752281351557933,-0.364386901551097,-0.644844031540682,-0.604602059768573,-0.034471124247375,NA,-1.30168377370099,-0.798867260281924
"P00390",-0.537356999085731,-0.300074584628142,-0.329116884263209,-0.784931320572051,-0.17992087438132,-0.408631980144706,-0.680493301074631,-0.236642657159901,-0.278668043446158,-1.00130215957888,-0.637503714684826,-0.0155181793782386,0.2475601453705,-1.1306930351843,-1.60608744947294,-0.918843655146842,-0.244863530350717,0.444353451398714
"P00441",3.05526902401924,3.33343737560221,3.37828077969623,3.67323881594631,3.60225498073861,3.50410361497457,3.30883550599748,3.29375090669323,3.4373433537724,3.11270466856483,3.44863862110326,3.43546445083541,3.63017363170501,3.15508238305079,3.01050412478162,2.88228868335059,3.07389270782578,3.46154634713841
"P00450",0.370287401798725,0.64711093611157,0.0799927948421981,0.689052623566576,0.670008732220628,0.789183812639438,0.348289181190033,0.068425615100189,0.218568532762617,0.236268747054416,0.143892345789888,0.0726324897851818,-0.103147344461377,-0.0834749270892683,0.318472724468583,0.380966415550747,0.146744319391285,-0.130417604929089
"P00488",1.96866043399367,1.79995717564513,1.23466636447961,1.43729831814581,1.40919703925554,1.76364280237566,1.29132731299888,1.45294312375756,2.09704649037041,1.63489918914688,1.21016381779448,1.10528060276917,0.834415657803151,1.52226338539256,1.42592925990122,1.03541508545229,1.23837632753964,0.750629250489164
"P00491",2.11016201789569,2.39920846683797,2.49478656345199,2.57641620079653,2.37310501500578,2.16184094973141,2.3583137005892,2.13306476450182,2.28868028165164,2.90213744461562,3.18333645817362,3.01670653459248,3.22075019419123,3.23093479030748,2.93830101550504,2.69893927830619,3.01560594755854,3.03885438574883
"P00492",1.69677172961151,1.81459298446312,2.18335930930123,2.02263325000444,2.16456107925494,1.95734110581629,1.9900632168411,1.71324419785767,1.76253260041026,2.82880814335476,2.89237198258564,3.07316597750238,2.83782399045222,2.54654881627386,2.3355353306055,2.40878213388639,2.57040589629102,2.53970889489515
"P00505",1.81175663986704,1.63144112925421,2.69341425895188,1.57142056979415,1.98528090622587,1.37390788606854,1.70818393116926,1.7662251856924,1.9115704880672,2.19504128575125,3.2816500774101,3.37997123176325,4.22288354753852,2.95316510875517,2.6678995045289,2.4833340652215,3.05242817933319,3.54672267657779
"P00533",1.81521653730406,2.18185236740759,2.06966988997885,2.20128473096681,2.35183707542084,2.03071751675486,2.25300149739254,2.17511021146943,2.33315638076479,1.94470507718826,2.31460033549834,2.18548002602379,2.22487459907629,2.16637313833368,1.94590764498545,1.89243319743499,2.26031062512961,2.33435201245302
"P00558",4.320439378113,4.43831241786992,4.83465750799072,4.68658396561265,4.67226998282712,4.77305912756424,4.64433109834892,4.3961630138435,4.59479831766637,5.8589942979509,5.83819525181452,5.90017576130899,5.92728986790944,5.7378766138513,5.52384025125572,5.50161054561699,5.63207447661374,5.74626527961684
"P00568",-0.099791018215468,-0.26412738535673,0.155945168344331,0.166810887298851,-0.364607575705405,-0.100636263251699,0.205296367523816,-0.221421677122727,-0.155032175665839,1.13265500830289,0.960313689992484,1.33528179349242,1.21303229860231,0.951911476353844,0.989892105077997,1.23884778826834,1.19921404503663,1.14115043651815
"P00734",6.07071307254634,5.98772272073286,5.12921012025007,5.52658538236634,5.65768755122205,5.71841955660456,5.414060917497,5.70448643892003,5.8652835486797,5.21122049649089,5.0788834387294,4.75698451443096,4.49161496182738,5.16508680147219,5.13716227502472,5.15533751569681,4.68968627506245,4.68086309561652
"P00736",2.8735092782564,2.85426529023117,3.19405921730208,2.72900730946483,2.66747930888466,2.42767671785269,2.93137108836185,2.11523343036153,3.04872098740573,0.476159226796995,0.610679207040301,0.500536375247583,1.02218553623327,0.790872098365179,0.622057774069402,0.108530688535907,0.598174129158348,0.652179921781824
"P00740",3.52248103921673,3.56428999845431,2.4796015421713,3.05507833677846,3.06606967340012,3.10440169541542,2.94716479867044,2.98180910164739,3.33339275092268,2.54711776636365,2.92283762780078,2.64235488660443,2.53824053253039,2.80029888000645,2.79017069810305,2.50270971169801,2.50244071036141,2.83890683877925
"P00742",3.04026026980722,2.99532312689649,2.20246444033959,2.71355275126824,2.43025060085056,2.94822401714446,2.59768744981691,2.88508450052485,2.87489979404104,2.29849220253552,2.00564651022921,2.00892428703908,2.05002037339623,2.54939744524196,2.59485000759131,2.19848730243814,2.04272229098757,2.06402461598008
"P00746",0.335415447505481,0.174179430261994,-0.347357854601531,-0.0270283266185025,0.475017400457151,-0.0469874963307859,0.229497974488867,1.36133624160136,0.601957361435867,-0.195865870031406,0.300834165553201,0.00942369590427639,-0.024493592216567,-0.87611291579156,0.287967241598798,-0.752770565473073,-0.131034364753493,-0.457328025181111
"P00747",4.97481237861784,4.66151363676366,4.39051709188651,4.50257379368069,4.6013708631589,4.68994056772055,4.28471923994032,4.57050184951564,4.3840367388734,4.27564366613347,4.38605926730863,4.11448340049834,4.17351863763336,4.60549155486615,4.44238984816307,4.57232606176131,4.18597729389446,4.23926466947771
"P00749",5.53012237833559,5.61679530254461,6.2419769422334,5.37379911833452,5.71226092734868,5.47323587101011,6.19248639861222,5.70553721085722,6.07561824670988,4.22261993196298,4.9942746180915,5.01178578106897,4.2400736305252,3.90232380809345,3.53572408480715,3.03697219888918,3.5069192856559,3.3857961195303
"P00750",7.26068881443248,7.24592381796757,7.44354801651948,6.74974818595673,6.9022263394124,6.80593059373691,7.07307461951455,6.3653317870089,7.05806452888171,5.72180182765362,6.0184623732286,5.92629602837286,5.08120229451934,5.09952629148448,5.15193508310625,5.13916069593711,5.16838218318403,5.24263791796435
"P00751",2.84790299906243,2.90845493848527,3.20166782855012,3.15372303517641,2.94845206347,2.76709718268798,3.41197331268615,3.10740543730684,3.29285512558647,2.06723514954383,2.40252181737226,2.51772898475586,2.58610703313651,2.50934204717805,1.98865255945676,1.98920144386392,2.39316644047116,2.40887265023447
"P00918",-3.73991088802592,-3.77282174278603,-2.28568802840397,-1.57835767281558,-3.77064108003229,-1.77879882459938,-2.38587933864557,-2.1344157413902,-3.30205369165531,-1.7293843732122,NA,-2.5862497043528,-3.29427343646838,-2.02195258496149,-3.58512261622336,-2.88448329585814,-3.28828646937901,-3.75161913856205
"P00966",0.228878785385488,-0.117915869866243,-0.844674439474223,-0.270875521257818,-0.2647976701295,0.0251188703309655,-0.540434796969768,0.0270407191753339,0.215110456988548,-0.420158847705892,-0.452126637799172,-0.782689129005136,-0.822640192000342,-0.627090126610226,-0.245656910339152,-0.415066872861843,-0.462998224621114,-1.13072937003475
"P01008",7.09526535235792,7.18731453964364,4.81889181729997,6.98214135909467,7.08476657276359,7.09633469549291,6.74830082293243,7.29855505254476,7.04224744609636,6.54125875514022,6.11508241603707,4.92518271736362,4.53453613109461,6.03902408243531,6.07422203765601,6.65877561385638,4.68134377503354,4.78513433044924
"P01023",9.15613398968606,9.09197429340128,8.67680531659346,8.93342724592529,8.97776234618086,8.9545683412393,8.68904926451588,19.0666804743294,8.85114278555111,8.34856602786184,8.19604423188074,8.35358823116274,8.34384521968122,8.47280321554065,8.4394031625471,18.6078980733249,8.5684387691492,8.91242582183438
"P01024",7.75918535055852,7.86273054205542,6.79625817980132,17.4529513584849,7.62791278798184,7.72181557266548,7.27086631663293,7.81512947662284,7.69649364585613,7.14826202218387,6.88292033288983,6.57764042315796,6.63274704362078,6.93590998401219,7.1182532518007,7.33808238505131,6.82733377343947,7.01500688937254
"P01031",3.8365342826596,4.02385802809762,3.03842558232868,3.71926481083193,3.77859814213727,3.71509359235134,3.63112078691293,3.72722296238678,3.66042164995495,3.41231551407947,3.42539003267366,3.07617547296695,2.82190146836037,3.48110253581995,3.59780025518233,3.50597007016179,3.10326162869552,3.0500303150747
"P01033",8.94534553374731,8.99891321119057,9.12701641643155,19.3022840403311,9.15996170630074,9.04601813363092,9.40896289218707,9.39941804169469,9.33620977404275,7.24862269391922,8.01617785004095,7.83323416014425,8.25527127742146,8.13098501186244,7.58733029455105,7.36406155657071,7.9359367374778,7.99376509914234
"P01034",7.54174430964025,7.5310843667036,8.40703388487749,7.73138889397275,7.39353645550256,7.44230114501845,7.80917991850583,7.67455242400992,7.68230032802062,6.71965476967351,6.61936925076697,7.10900685604956,6.87088830078811,6.4467050811529,6.45404164073961,6.42159012224159,6.51300657153582,6.81625087055166
"P01036",4.72596167521102,4.97169537053035,5.46411198975198,4.95536088723852,4.77221481418617,4.71665180698955,5.07847527728624,14.9614712478415,4.93456066797091,4.42958059231146,4.8155938876275,4.82570462586783,3.95421137834551,3.99058260118739,3.36884991505828,13.7561892821431,4.03373432277038,4.19164279805758
"P01037",0.983715572800955,0.700936431575265,1.43124416636795,1.04923500304668,1.24525073243809,1.29205551585709,1.51534322957487,0.727708096678152,1.11854428748113,2.27561733731894,2.4622471532059,2.86568491299333,2.08928902119249,1.5829617315291,1.34986222819228,1.46974859587442,1.99114825999788,1.85036611346974
"P01042",4.84327206576019,5.27684378914518,4.98700766253954,5.5207752779624,5.30960320587683,5.38355465029191,5.28946678732283,5.99841172981268,5.04055180828568,5.39918611698817,4.94292533981677,4.58752472806852,4.52905722472702,5.04836363743159,5.14804671690985,5.25830322354978,4.84243569299487,4.36085581335436
"P01130",4.65472778961912,4.71917899594036,4.76642433499431,4.66311235173128,4.50621546933249,4.25142912418873,4.91871722806679,4.73955672186202,4.83069901662949,3.49543315850918,3.43448316389231,3.57215466949854,3.69157151677202,3.56308599569641,3.32970918350925,3.5950333179148,3.77846855726828,3.90315084269647
"P01137",3.4755881193476,3.39975798377228,3.53814771039881,3.52433089969449,3.47620402146739,3.15648418997431,3.63550007486578,3.40186340673765,3.3419150121425,2.09549813697719,2.55000999202654,2.54473996514239,2.36539551890019,2.31577459432487,1.98750778850586,1.66793807970032,1.95595824526817,2.10714491814838
"P01266",1.68064269010678,1.51661587580086,1.40452315215788,1.63983695755359,1.94546430281235,1.77031740829686,1.6733944862392,1.68011700553609,1.9219992320005,1.13274072720927,0.707825532664538,0.56030242038331,0.261356867587166,0.665466379427995,0.700625165709466,0.785314815002764,0.517533869196392,0.5963619512245
"P01344",3.87372339326044,4.03215099399811,3.37813627578381,3.51479451385428,4.14578304876499,3.89237941825023,3.27699808071071,4.03825994109966,3.73141017127204,3.02443261871727,3.31399998945904,3.1210027324379,2.88687323809662,3.23185905668579,3.22460969514877,3.43665547169699,3.23397227929355,3.27046894267004
"P01591",2.28629821158102,1.92890195337965,1.02460098366444,1.98890404497301,2.14593297723172,2.10008284710902,1.7794955082089,1.93914388805893,1.99599810782338,0.254192655314972,0.791817473862123,-0.0390742736935312,-0.548795708089308,0.910023946235727,0.621700087914874,0.391631475050385,-0.287571079178569,-0.305488152713467
"P01889",1.82894684544216,1.82567712711954,2.02693432837635,2.08582519659806,2.32531015397608,2.02394259313774,1.89101883905753,1.68260502376026,1.8027831403541,1.50283646894852,1.89565867303081,2.02011971933533,2.17191897029795,2.05580420376279,2.05180334975347,1.61908799819153,2.05371883454939,1.80935419719246
"P01903",-1.70416447995176,-1.10081480423908,-1.51589866345687,-0.500252616426691,-0.66661417805825,-0.730028631068174,-1.2805792925728,-1.41867545344621,-0.644513856768239,NA,NA,-5.08920790845964,NA,NA,NA,NA,-3.03510091992091,NA
"P01911",-0.941077539103416,-0.533769789003653,-0.256780451630275,0.741644640188662,0.780785822190483,0.458315057191045,0.0522595560809442,-0.0209999099209259,0.271088942414371,-0.703451698390786,NA,NA,NA,NA,NA,NA,NA,NA
"P02100;P69891;P69892",3.73848443520894,3.44676177869,2.9369469890326,3.6071121804879,3.22455979298458,3.60558775704445,3.55662663467987,3.77147195185742,3.77166299075134,3.41782665592295,3.3397440924466,3.02110230947099,2.83747373081619,3.33743991553859,3.52091181984647,3.40957451567329,3.22186630836337,3.09148429226093
"P02452",4.5863698425307,4.72091717074575,4.15606668118555,4.67330106393588,4.72717715771962,4.89128328569773,4.38158738944479,4.96451790145432,4.59400652134204,3.98043658651902,4.12196015643179,3.89352731032205,4.04339151880305,4.58230663347973,4.42682935491932,4.37998353330133,4.18214364060254,4.26924803320574
"P02458",2.01344094349251,1.85580901058379,1.21742736947216,1.81200052871711,2.01000843322559,2.17633804425582,1.57375261234728,2.14595879716744,1.83838708525109,1.50714731514942,1.18594289066981,1.32146658567164,1.16418374146933,1.83890884140569,1.62419941808873,1.73710383493865,1.60858330154208,1.4901171914794
"P02461",4.24494820674066,4.40372222709789,3.55445404246177,4.20750003622388,4.23218841689993,4.07094005847573,3.88674846562398,4.32659067276959,4.00126264004578,3.98516553630303,3.71271263791053,3.64663510161782,3.77183494215416,4.10824413155875,3.97825315178274,4.113795386951,3.86684865698037,3.88094100835538
"P02533",5.52879806930864,5.47836149231471,9.18863340840443,6.29160673775565,6.22614171848646,5.76725478551728,6.27312273769614,6.79868954522154,4.53097497374956,4.76038029956326,4.88754219068102,5.15823849201192,6.04023863426879,5.26835118321393,7.23995807090528,5.81433521897156,5.00436473687007,5.20657044793952
"P02538",4.51998804313317,4.44555522499872,7.27337819266111,5.20366303579391,5.04764354141833,4.56965330818953,5.26750200619331,15.5476480354095,3.69377574124598,4.25198489587202,4.16705337000275,4.3574178354821,4.87142442815441,4.54225357917674,5.57490951993777,4.81158992476168,4.19404254032451,4.35635170683349
"P02545",4.21388721416253,4.1714105717257,4.55388037164127,4.28445720563285,4.4193564740832,4.3322659646615,4.2037588823729,4.09142231577285,4.2625082553447,4.68533703758872,4.58640859127343,4.63222062436789,4.083296863736,3.99127346224674,4.01581583761662,3.73594198041411,3.85700443477343,3.95853505075404
"P02647",7.29180248288966,7.00049190312525,6.06992376085925,6.96673019748542,6.82495911711791,6.79889932433528,6.73884122946694,7.23846763746056,7.08668434412724,6.65621867299259,6.44148241220536,5.94983452065802,5.61995625928908,6.38386816762012,6.22752443339026,6.71791557792007,5.94683738498849,5.40583951868404
"P02649",4.40725717455562,4.1526036397231,3.91116402424216,3.72378521638131,4.06295849342288,4.07481979529192,3.6871303723077,3.63225232463266,3.89597826550596,3.71445430046485,3.59663878115068,3.46061519804666,4.56906646187485,4.65840352285386,4.76409538555851,4.19736090862783,4.25454388218798,4.17731678411457
"P02654",-2.54342907330459,-0.150298023924723,-1.42524974207153,-1.17351760694148,-2.12272468664897,-2.9769207678406,-1.18299243315338,-0.346980301288832,-0.728508903639412,-1.7097032330455,-2.15635603116281,-1.86482024964006,-0.902968481428022,-0.929333075088169,-1.88274289264288,-1.52832063597297,-1.48402294456768,-0.982227273868079
"P02655",1.0346128718444,1.05840674480317,0.155059828820127,0.950266769037087,0.781756937835626,0.859088300278465,0.481807422651183,0.735014369395826,1.47192363921576,-0.172098254864091,0.119644060960965,-0.0700698936994524,-0.282125280888483,0.55043769435631,0.589583285413843,-0.252330150053895,0.549597199317745,0.0797722167393715
"P02656",2.92071900609934,3.12791648007116,2.36074227620285,2.83339523158881,3.52283249655636,3.07128810720421,2.3079785063415,2.72554531287855,2.7855889121585,1.82298041065518,1.76417299471122,1.72999808981014,1.72215632329542,1.9658529657264,2.22491983609989,1.98791044301207,1.55893464999714,1.90150408529744
"P02671",1.83881438619034,1.49780048311475,-0.399241484593508,0.9698675929716,1.45797883491166,1.19401739948631,1.16960522385366,1.33174971957481,1.60834291335934,0.937350246515029,0.15358500556985,0.23624296704614,-0.17638430792501,1.1888299520507,0.587379710609456,0.76679312025253,0.163378282904654,-0.735063506782041
"P02675",3.4203289847121,3.74224138448485,2.8994583611582,3.21518775939345,3.11143018492529,3.37629116846241,3.12081682401624,3.30548050834439,3.68702020174576,2.99785999060803,2.95380417868884,2.8481196505657,2.79654809302323,3.32476460380077,3.3494121838523,3.08332343758337,3.1820879204464,2.86724918925963
"P02679",2.33929954905045,2.44260013904376,1.19612849720031,2.13031410874073,2.41581132746593,2.28583929575533,1.94077382632073,2.57899765780627,2.44853581304369,1.73477481635359,1.31220587624694,1.51111706024925,1.43488229186931,1.79962051927627,1.96584924978583,2.07423283703314,1.7832514369948,1.86991536390383
"P02748",3.3854242940287,3.40744050373606,2.95827079239477,3.29696412552049,3.11531862992836,3.33771548891661,2.91647095738014,3.45435955333528,3.28584588371459,2.86030764139696,2.70591472003358,2.46077058079368,2.12203629091719,3.05010130768037,3.08120169851342,2.69010292871062,2.88942756345073,2.50088038332584
"P02749",5.53752957864113,5.55885353859464,5.0908818001196,5.42078811666966,5.57576744175403,5.67347712921389,5.2493808004185,5.65987679853821,5.52889739778981,4.86676170754398,5.08582051637356,4.99074691264963,4.94794263633706,5.43959659848361,5.43532305045228,5.4924087200094,5.30703880860259,5.16987974521038
"P02751",4.28032894825528,4.51923678111791,4.41172337770341,4.08557021818258,4.11684611197071,4.06580562666922,4.03160644805319,3.11933611569458,4.10565665649096,3.86730955897794,3.82207352141964,3.93258146449056,4.45873946951128,4.37266130006936,4.34066086107452,4.1461799902502,4.25971098424544,4.59600796229919
"P02753",5.05884685116114,5.06513306695089,4.35525864761943,4.95160546299176,5.0262828139715,4.92665425719381,4.70167897912449,5.29064147739371,5.02958515713502,4.78751432964036,4.50563269862578,4.41463151324035,4.45661712850648,4.84363167746226,4.83827666074527,4.93297468999205,4.78038387063173,4.8781365338953
"P02760",6.15826505290253,6.12241328777335,5.42240642275187,5.25587807823428,5.8734791191426,6.37002285603756,5.62526859626325,6.43735409387257,6.01358151974105,5.36965578399732,5.59857142194145,5.75996513620302,5.62206686337065,5.86394526698446,5.78007520793808,6.11719941591584,5.84174799770992,5.64129704837871
"P02765",12.3972535552375,12.3407235395513,11.3002244760432,22.2424807944157,12.4866879027692,12.7633842392445,22.0404165945394,12.7408747409169,12.3335944139735,12.0850855093261,11.638632866544,11.4886054407544,11.3250482898298,21.9902169495028,12.0585300605113,12.1466060815586,21.655466586849,11.7696000713958
"P02768",14.5380349325914,14.1888405175521,13.5140801739319,14.2071821901332,14.1886969963684,14.3112706441237,13.7622746231453,14.3831944272515,14.0908772487693,13.2002857333407,13.3591198083738,13.1463168555109,13.2726611362419,13.3752227224712,13.5724351272605,13.856843316343,13.6844254775564,13.7748255249643
"P02771",9.18950592495542,9.00077721578546,8.51632044807975,8.98605381604754,8.91765747085365,8.96897286937353,8.71495506199324,9.11713248456883,8.8916216770956,8.24144349976415,8.52380215068359,8.35960416266204,8.34343276243207,18.9351365398767,8.92988473406258,8.65024795210962,8.73443943144208,8.57807242399178
"P02774",8.75454317521901,8.44965695976205,7.73546618169635,8.26889254733663,8.56104682993841,8.58429762865253,7.97033769660255,18.7488803254512,8.34863795525433,7.89246774594733,8.19537008469176,7.5615399433133,7.77979783720567,8.37406413796331,8.16702158907556,8.11006411710507,7.92279014037754,7.86958872394551
"P02786",1.73158698704791,1.84575922679486,2.22743766324217,2.14637216226019,2.09436725987267,1.69933509749641,1.57892311281374,1.6623963913545,1.74571003314921,0.755403640743252,1.33054575438664,2.05545456577792,2.37398650155544,1.21229202093804,1.18604329838819,0.978458429534367,1.48410602204513,2.05019582938647
"P02787",8.98997139381734,8.99463994278607,8.21388145853093,8.66828193930876,8.88313217976528,19.0462021191732,8.55631577493723,19.091257384524,8.69597949678428,8.11736166484536,7.94024535889868,7.78037743766543,8.09365262354643,8.25830094488635,8.32988700793126,8.55638931180033,7.73843798606694,8.59038017479924
"P02788",11.3416879643396,11.3623926478445,10.5930087961744,21.1800653223001,11.3208410311814,11.4636814354813,20.904416386591,11.4869906013668,11.3339194092684,11.0655963284106,10.7977392034591,10.6206800296626,10.6571145611063,11.1316365270029,10.9507121462202,21.2211171527921,20.7383444474426,10.7969618503538
"P02790",3.2529460768299,3.0615423976086,1.931022260216,2.91484321529249,3.00647385844787,3.33084885980884,2.8861688505862,2.75946808885239,3.18542288779244,2.65960366478715,1.89583037212918,1.21566295251398,1.31557642977091,2.07452044348446,1.94221754122691,2.51065564726255,1.38774530345816,2.02721992088584
"P02792",NA,NA,0.764944218404068,-1.26748131213768,-1.62484590272148,NA,-1.6185894528412,-1.96718745818852,NA,-3.07351740296814,-3.78679661214851,-2.44860899349398,-3.0527238286059,-2.56147028103488,NA,NA,-4.82948648885766,-2.81662921509314
"P02795",1.09922212759189,0.931931661575424,2.30181473908597,1.12697016781669,0.701377111187856,1.19523426160322,1.20351955230386,0.707698189108386,0.841131840182259,2.49988303387239,2.07720789002803,2.67444347383665,3.08144224693914,2.40758705719083,3.01159260085415,3.07540140013089,2.87362308478892,3.35758416563234
"P03950",-2.7519963771388,NA,-0.367244417944282,-1.94118388424259,-2.48530597670142,-2.28905241970862,-1.0076690383826,-3.91213064490425,NA,-1.80755029077626,-3.64003862298385,-1.09518682412843,-3.37853052503529,-3.3077951089477,NA,-2.47779617399871,-2.88783086787405,-0.682716417939369
"P03951",1.14476889040985,0.596217580147934,0.360191208129455,0.959770803645016,0.701378717693371,0.843501333507552,0.566179234348166,0.785056553726767,0.304132802663489,0.107512704834859,0.300312688209374,0.342532332015823,0.253826453829278,0.554929865293724,0.642420479375293,0.420039946021422,0.384092037791953,0.852317848205715
"P03952",0.893079353963929,1.37220980107661,0.649900965037775,1.27583843813086,1.07411022379621,0.94958493292083,0.775126979316019,1.10767803144237,0.491048965578416,0.58561234255175,0.54448032458364,0.727149901480612,0.615018770352247,1.04945338915374,0.761633498147651,0.52333411661925,1.15959335946802,1.0224342928256
"P03956",3.7813539049719,3.81007654365272,3.79094210770558,4.6955103625255,4.59735406575346,4.44146486780407,4.27014116625256,4.34325720984843,4.31196241741804,7.87515786410376,8.32297433653419,8.26006426522764,8.77730660084793,8.71280884881526,8.41000332587648,8.56528132310117,9.01458292884305,8.99725169745957
"P04003",4.26041924638234,4.25632691074746,3.45717033576737,3.69549585283283,3.17051180083526,3.8828316269751,3.50279487363974,3.57734844323431,4.02925959764942,3.25080098054358,3.33469578562093,3.08770309667823,3.21396069419504,3.52819930074343,3.82083935768475,3.62156558550623,3.52881455997128,3.27076569834416
"P04004",4.49435010066306,4.29877947421538,3.43629448387424,4.42781231964877,4.28998022625796,4.24101975860813,4.37830702639839,4.35832902024513,4.43369025195042,3.9339341757184,3.6241859385187,3.45902242790516,3.18847109860008,3.76920911423015,3.88210213933304,3.84182047343988,3.28914901475437,3.64459971794164
"P04040",-0.0673887617552822,-0.0265843757472837,0.483194341417734,0.282425799068081,0.266534025274428,0.0635239684047662,0.232979938438119,0.414116090019695,0.249548923407108,0.277256092351635,0.151909076876466,0.416808438793272,0.348234544199395,0.201665445570505,0.356064582808923,0.142174477227661,0.10041760096056,0.056832220104722
"P04062",4.86841030190796,4.92090207520638,5.16863331481727,5.01786503638312,4.77520347840005,4.46704301191824,5.03056583324164,5.08560966915416,5.14141855726395,3.34546530409612,3.65638607256934,3.47179188395791,4.34359008017751,4.40135864507922,3.97404276226427,3.92354799688888,3.96748103829789,4.2221474842532
"P04066",2.928572605792,3.13207779102611,3.26907180571378,3.3107393291862,2.9778166079411,2.56696736255898,3.38900744183259,3.17988401022932,3.2832590953421,2.33997828778571,2.61042685136441,2.61435038285215,2.94537725615574,2.86284874300072,2.3853069169634,3.027728508991,3.12096191804858,3.26674503228687
"P04075",5.85707961529329,5.82172431296225,6.20824108595589,6.10890485961171,6.12384248945695,6.0669740752844,5.98061148012895,6.06100740176876,6.05435977571361,6.58335782287619,6.79220630103555,6.80068671668266,7.00159870293956,6.93618901470881,6.63312127391277,6.60020914774317,6.80214425704838,6.86562532299252
"P04080",0.871458728797791,1.06524179947671,1.4024885784141,1.05163509636124,1.68172348040028,1.06317511913243,0.803278625915985,0.965386356427398,1.30187557044056,1.7815730189767,1.04089560047839,1.5276533505915,0.89560627642989,0.950371675520511,1.30584272699297,1.11030221637648,1.09786138369729,1.22502078681012
"P04083",2.73246225693984,3.04335405689694,3.35625890181871,2.46021933969398,1.59829209968721,1.52384639767683,2.73454872988814,2.53972902557987,2.59225443209245,3.41483759484446,3.14133826061074,3.41036851471918,3.20468511173749,2.95246415688114,3.55389325048265,3.18679659963616,2.95852110993572,2.99496008523335
"P04085",-0.490405699906837,-0.208405106595274,0.564374753689963,-0.402435427561562,0.272706259978531,0.0331769601375758,0.00584244746906215,0.0951013539129502,0.269290026936046,-1.82145499430863,-0.94067607488879,-1.12866275507023,-0.475458300082278,-0.360676841815206,-0.207165262684995,-0.817392795203209,-0.744852983561422,-1.08387336035827
"P04114",3.72916142738811,3.78122474963037,2.58033672003137,3.89846858724855,4.09780312874594,4.21919533200588,3.14439630427742,3.87751938453466,3.75454694893776,4.21469022168334,4.05789981313993,3.62065943930186,3.62602856861386,3.87081672710748,4.16833787980601,4.25620984859965,3.78100247638413,3.70229711979621
"P04141",NA,-2.05612473627967,-4.46908972943697,-4.73474020419253,-2.36286120476334,-2.90257751660152,-2.80798417586026,NA,NA,-1.76012189151611,-2.04496403791118,-1.9816357829795,-1.57108909370899,-1.40943173028362,-2.03242793055161,-2.0614176850862,-1.54794316969882,-1.88335148139442
"P04156",4.46572411226707,4.69761700004008,5.00292412085661,4.80995664145678,4.96510767219879,4.69870276735662,14.7765818922994,4.8664979989876,4.73971824925149,2.19033093892272,2.42448136666949,2.74903918849096,2.80443592737838,2.58599828899793,2.26337025810649,2.34963914863046,2.59733460357121,2.65180162894452
"P04179",-4.01507937384257,NA,-4.32054037943069,-4.05733319450697,-3.68894002388564,-1.51127137668538,-3.73642137718333,-3.12910873984813,-1.90197153159807,-2.44366504955669,-1.71030178403196,-0.811997980324245,-2.15157083967671,-2.07657702090927,-2.01264403608716,-2.40214854596757,-1.71501643918273,-1.55189281927492
"P04180",1.40814256835786,1.62738381931472,0.537189996867104,1.24117148601246,1.27395594788602,1.17547989256724,1.01105796676018,1.18963974502304,1.14295498678967,0.421091820917567,0.718938075363909,0.528833116658184,0.730663217513186,0.83150576403318,1.12233016407925,1.05770876087428,0.361176398180506,0.755122636466561
"P04181",NA,NA,NA,NA,NA,NA,NA,NA,NA,-2.89526186148824,-1.989535621172,-1.66863964089876,-1.45649905764585,-1.89121628805211,-1.31401671468826,-2.12989936143691,NA,-1.9535799557114
"P04183",NA,NA,NA,-6.10092351919125,NA,-2.66435501742107,NA,NA,NA,NA,-4.13679112826086,-3.72773729755177,-3.86532082570616,NA,-3.73602900375913,NA,-3.00728165854626,-2.88575697801113
"P04196",3.86306387107224,3.9518121112081,3.34322739166762,3.84247403148648,3.76218846495059,4.13530821955893,3.69230777504849,4.00915226895127,3.70162920523626,3.30224129747299,3.30227011211258,3.317080122341,3.17586607298266,3.5812525817373,3.70122591002553,3.50271392597334,3.54440499335702,3.32422460351033
"P04217",6.37006762775382,6.1468874596419,6.00789875222278,6.09845306210573,6.15797571061244,6.21813366855212,5.75808080934771,6.69664369503201,6.17453615129786,4.31974125345753,5.71179877360209,5.36368089622382,5.64038244679339,6.3161583619294,5.93579205797772,5.50040096765704,5.90089727491642,5.40557541804732
"P04233",0.0221859420652422,-0.0649002907583487,0.145828031145722,0.355147762307773,0.54120999858463,0.366887756809787,0.569825404377827,0.790244014333043,0.334301484262669,-0.996090256312652,-1.44388578995701,-0.83405843837336,-1.12011472564116,-1.08023320233813,-2.05091386668458,-1.3637888130243,-1.76782815153852,-1.525176938558
"P04259",5.41719139273484,5.20675967524572,9.08982610971835,6.21214571369253,5.49008603300093,5.52675586330097,5.64414553593657,16.7949229693733,4.37510908649559,4.42667822984675,4.5523834494472,4.92567159384793,5.34992309014812,5.30251014108214,6.53310445396138,5.58415331391613,4.76703362142599,5.29353276990095
"P04264",6.00581176227443,5.94779023147279,8.94824910416203,6.78556216162128,6.53345509099887,6.14024622154604,6.69862998179713,7.15638909378322,4.84604838460764,5.12664857025363,5.32760364719052,5.1905021532836,6.5041340233552,5.32259594203837,8.42059076597133,5.82889404859935,5.36592338160477,5.30993116173882
"P04275",-2.14055908539675,-0.600146045688609,-2.33000100507888,-1.78927344686233,-1.46466388071107,-1.37132611365099,-2.10711906802173,-1.53037590730669,-1.51579059616423,-1.59227899658946,-1.15950481051048,-2.69918619133891,-1.08916130364654,-1.4006162921215,-1.3713099677554,-1.37232036588999,-1.21475506354872,-1.41944635797966
"P04278",0.704174903227999,0.941484379146418,0.414770377763491,0.405438442131524,0.95195289733258,0.806302193846495,0.864871418530186,1.07103173577784,0.43989042639895,0.602737077502649,0.566455565277526,-0.152750416078987,-0.656972470921471,0.409403367288901,0.737292970793147,-0.202900787246506,-0.0569378933101312,0.563420523781268
"P04406",4.87797241233227,4.76816030460373,5.27089398534716,5.42614040219092,5.43928185534838,5.69120246791597,4.86019205280237,4.82313648523143,4.82549909149454,6.15021778232926,6.18251796790078,6.3058587708428,6.44360097108301,6.35145296026936,6.30477187320873,6.27412695952877,6.18573516506678,6.44300655921688
"P04424",-1.13456012622257,0.0088010636655298,-0.850619830850775,-0.323628364367408,-0.160811479763151,-0.206196018455815,-0.351530425369978,-0.261733644816092,-0.316440859888369,-0.886652931972121,-0.37755088647193,-0.468030551054752,-0.0546440500767158,-0.973810569346724,-0.752313538359535,-0.953229505972123,-0.840699804481043,-0.586909296369574
"P04439",4.90649259177558,4.91259139417031,4.90157569727435,5.16586094596339,4.93949950138756,4.91491825863647,5.00738391413558,4.63488953818056,4.92103605654351,3.62331293814417,3.72245453131189,3.77560455928917,3.98320914993207,3.9189468944014,3.63097415298837,3.47256060003103,3.73433410330009,3.78171969276442
"P04632",1.2735106653463,1.40794690692736,1.72409980331623,1.74230483546738,1.31533932184258,1.89263588356604,1.38683161386931,1.39948350600207,1.69286675821108,1.26048269262212,1.19713540849373,1.47581238845036,1.96784650453191,1.0034316653955,1.03599191818803,1.2985654495227,1.91253395476003,2.26858868395225
"P04792",0.311410636611461,-0.659492724024183,0.701628463900203,0.0398523706616167,-0.108269376142747,-0.0923985116550821,-0.0490775476528835,-0.3711569048755,-0.00203314173122493,0.769298858215917,0.41531230502415,0.665058663246826,0.788326846495519,0.81216266549554,0.889327618047504,0.954634526984469,0.785070025189919,0.949043690358724
"P04899",-0.187988498825392,0.008354831525482,0.126740839499648,-0.487358648551515,0.0883550280448357,-0.353427977488122,0.227218298703532,-0.641771345342919,-0.498633978492162,0.451670369645658,-0.126361746641635,0.396391782520556,0.641107413644868,0.121743930204598,1.07945211564017,1.18601757791282,1.02260029751713,1.42309201265435
"P05019",-0.220351435337186,-0.450606894127207,-0.496020227691959,-0.20863078326005,-0.240998220131967,-0.0898365347985024,-0.836858579127108,-0.215058453643,-0.473588978942647,-1.79789792250044,-0.798418315724052,-1.12027777440269,-1.32142142914071,-1.10690431120788,-1.05828566019723,-1.23059295958936,-1.38896397712388,-1.64361879253203
"P05023",0.283926275728337,0.272263760910333,0.45195149677537,0.397562002646339,0.550384594386779,0.727349345635842,-0.267812869917236,-0.666169652887403,0.075998578345466,1.12360524779638,0.956555313280822,1.40741562088192,1.59422848129469,0.873998419849869,1.58181573042158,1.07121475700239,1.39671099588268,1.45497048442718
"P05026",0.0385965165443949,0.0860764359028803,0.235183489852215,-0.327052311753512,-1.0544451875871,-0.246666964877349,-0.00888979012588642,-0.574637691241636,0.000663857977311721,0.040659613869332,-0.044658020023439,0.187965123767981,-0.812970624372488,-0.74979525265807,-0.580109377764316,-0.384636690740338,-0.685206061346127,-0.724619406055115
"P05062",-0.745469410558071,0.141757681897522,-0.186719164298216,-0.302565435494245,-0.464091631045749,-0.401713736992987,-0.638991537365667,0.0393151744043987,-0.343572510846631,-1.25327503687481,-0.643086529616801,-1.01876948010798,-0.599527598796387,-0.294050470283524,-0.481693310932505,-0.560563856230585,-0.590274464442837,-0.81702306755294
"P05067",7.62994606790452,7.66993990327375,7.86454183764023,7.85880845258032,7.80285402672345,7.59606040044667,7.93748165981063,17.7412783929158,7.87011481040378,5.71798386617632,6.17216391102588,5.88093918911441,5.80205626781938,6.04297173853694,5.50742886841681,5.46812675421983,5.6347316142412,5.77490748776016
"P05089",-0.976406548380587,-1.55847972447896,-0.228162158704283,-0.760634400905786,-1.32831355832903,-1.20668767468932,-1.63158062222719,-0.566398835582715,-1.25644315973472,-2.81696559592481,-1.6716158823938,-2.25573619158972,-2.14312617333184,-1.9728944518356,-0.906706644649047,-1.61739983471019,-2.24615409620308,-2.44312846489832
"P05091",-1.14697325336855,-1.29496517528738,-1.68652106121827,-1.17537954494956,-1.36656241126411,-1.69023719636809,-0.834771325833239,-0.374885453790847,-0.81435377461868,-0.920090779943814,-0.499007408529147,-0.622012197529127,-0.886853648954468,-0.579678978579773,-0.845455305514513,-0.739435557837896,-0.949776776060982,-0.630663167863478
"P05114",-2.0776119850588,-2.43205942830225,-1.51519450726629,-2.05779770058458,-2.9454316847595,-2.30180226919333,-1.2964193225388,-1.98098621104126,-2.51484812675945,-0.623464443280487,-1.39761706833546,-0.24527631082041,-0.71121468608589,-1.73903757461163,-1.52679675632497,-1.62694440992161,-0.961375142995768,-1.94950004449942
"P05121",2.31730614076657,2.57662293264102,1.38845419129916,3.0970581517894,3.01993139798199,2.66367359282011,2.74305626655535,2.64805378144793,2.48402508072206,3.25454571445059,3.17271989832797,2.52613132611847,4.01387494423943,4.45423326320496,4.72882493999192,5.00281108455195,4.67822436366345,4.98469604403046
"P05141;P12236",NA,NA,NA,NA,-3.87931865367146,NA,NA,NA,-4.12868143547538,-1.34080071754062,-2.50635834375795,-0.661235394200036,-1.34045067393338,-3.62242369079245,-0.798413060397998,-0.7039502027909,-1.69732568761627,-0.693794815499126
"P05155",4.33185103372474,4.40110958782673,3.56631742945143,3.71188900957936,4.78873515630491,4.20131517275509,4.04463240096845,4.1454525260534,4.27724028556146,3.13492484027478,2.88874231859223,2.76703891593607,2.85294785055325,3.4534110700093,3.01813820552469,3.35229853201665,3.27374976121887,2.93372129783416
"P05156",4.31045819918978,4.37535320866631,3.71846423631189,4.3971140705984,4.40586253587623,4.37526363337719,4.33883053898299,4.55696750752562,4.57593842280287,3.98349711780725,3.74725756762948,3.54126760237014,3.60545805833685,3.92993720502329,4.06041476811542,4.12308709646301,4.03012050166581,4.06538033967594
"P05160",1.7073300385558,1.7891604451599,0.335417340623017,1.13647296215955,1.75230174196848,0.966095238241879,1.18057710588055,1.59257480771897,1.17677078170102,0.711223740027393,0.575820590403271,0.427173633219194,0.990182890213285,1.50810635953039,0.9296585447051,0.555500956758522,1.20777616016051,0.693568036595114
"P05161",-1.187251516717,-1.14084370101123,-0.553245048469298,-0.981168226112978,-1.30661574366366,-1.08767632465207,-1.16996606113339,-1.44355216704702,-1.34716584829006,-0.781583401170655,-0.388760199577873,0.0715328465590908,1.49373813710823,0.776520227097508,0.805752970571962,0.918453562322927,1.05624039089397,1.46501006404482
"P05198",0.500126869061731,0.417200035463187,0.80000346155701,0.336949061231662,0.309349679308569,0.665366418926455,0.419446536339578,0.400308756114384,0.53991309434568,2.1689454385004,1.71251197134669,1.95991067019441,1.78269294295088,1.91769887315867,1.87132742287554,1.75030952976041,1.76111519616307,1.79335282705118
"P05204;Q15651",-1.74831812130915,-1.15005583179867,-0.855227181630288,-0.873417429403917,-1.69618110594447,-0.979537824448008,-1.51159343015905,-2.55900702428457,-1.62588409780207,0.339983960803846,-0.141639375116721,0.232745590577149,-0.152629175639754,-0.328415132025206,-0.334187078569888,-0.25678579903898,-0.487646419144565,-0.36289727934653
"P05231",-0.294431214972397,-0.785581613386417,0.276934137994521,0.137388275747323,0.212361562374406,-0.556798790547605,0.692833450981608,0.487501105384158,0.471812568389035,1.81544911064606,1.49421695511548,1.69441000191931,2.06537869787191,1.98760606542965,2.24354828489078,2.83406027731781,2.28883614496495,2.49120808869633
"P05305",-4.05915564515611,-2.56744326485707,-1.51618830651037,-2.27765209376824,NA,-4.74433376474786,-4.47457766312185,-1.63972365332864,-2.59989876605356,NA,-3.20757981124561,-4.68805924186889,NA,-3.81583048573309,NA,NA,-2.79393741574047,NA
"P05362",1.52728394438018,1.69641436781492,2.01194467284679,2.45082878976973,2.38764645024022,2.34260601270384,2.20724786570613,2.46747431742185,2.30379792394338,1.56457338963749,2.03334363287695,1.92964356815861,2.52844867849091,2.40318684152832,2.21079942298474,2.00404452608107,2.49239837742267,2.5401432969657
"P05386",0.60329144490553,1.36971138291783,0.854747644720648,0.685901492943863,1.00576881248497,0.99749637787019,1.15959557812128,0.697426256572468,1.02904517613503,1.7337344778744,1.36796280653859,1.16221566034782,1.34431624243264,0.802628363037577,0.880426961407158,1.38359426583296,1.19311604862791,1.02525194450634
"P05387",2.08552617527342,2.09395639103103,2.28947284929488,2.19686937407895,2.22712879365796,2.33445626489821,2.17718742306016,2.50952065330669,2.45436169576134,2.50233479267469,1.74734465169092,1.66843026081046,1.14441280798431,1.42856653897812,1.78136718971647,2.19896376911523,1.6306398070594,1.22686773079519
"P05388",1.7038195551609,1.8689532971656,1.96660675287128,2.00206536016596,2.04930527584664,1.82362645761811,1.94654953409703,2.04427449653986,2.08879931448156,2.30078901312449,1.98920259261745,2.07183084945197,1.95015018315595,2.05172857941771,1.93198467235335,2.04225234112989,1.9883217756378,1.85701547295202
"P05452",4.7644023873771,4.98756615541839,4.17162448961973,4.85276162218649,4.91770159571736,5.00390880533883,4.58447869898373,5.12109888296681,4.84203887766991,4.52383429344293,4.35915692676623,4.19767196137495,3.6042183839205,4.45059067785809,4.64033673661314,4.72522713524856,3.37183473027362,3.25611068692738
"P05455",-0.121738885400633,-0.0433316437086617,0.598689768572372,0.305572344718156,0.13280911802735,-0.0786561745560999,0.321780006628916,0.248864832306809,0.254496337124337,1.35852246180991,1.1186328568188,1.08082733568486,1.13838592831245,1.28317962188434,1.15620062279979,1.20940869273044,1.33178798753465,1.14234411249067
"P05543",4.24570531642749,4.24651744307211,3.60007630481486,4.03111128798317,3.97596971707082,4.17578726703101,3.75432089616852,4.26203847209804,4.02556234966091,3.41362519710376,3.50319576396478,3.4043023203424,3.36819425437974,3.68351426834989,3.51862489059093,3.56326673208635,3.48421288607677,3.72755804569068
"P05546",4.6513049994878,3.92301865950932,3.59586414788153,3.89502524230149,3.28034512974032,4.05553416968102,3.60909170140457,4.26997714381785,3.7707789250022,2.90702287152995,3.75043727925023,3.23120101828967,2.97942548524591,3.72009034521768,3.3675590675579,3.55922941498036,3.27444772436391,3.25528957873477
"P05556",1.6720415648568,1.65123080222424,1.77499378696643,2.01050767661044,1.99966119877364,1.85765825466297,1.66584201465867,1.47164006554743,1.78511181082541,1.72375699043914,2.00724228954723,1.78358670352732,2.45473767289104,2.18575760735097,2.1254178571325,1.99943228020044,2.13201985563069,2.06299703562039
"P05783",2.25205272130949,2.04619757586073,2.31500926611733,2.28584630760954,2.24969154385121,1.96735198538478,1.95405483149853,1.96442386948971,2.0578736642047,3.42095623738293,3.27083953229657,3.19846540740327,3.44000048074882,3.62026343999507,3.733534645083,3.71228332740702,3.56590665703815,3.54927062740983
"P05787",2.39576414987257,2.38819952388629,2.8034219611019,2.37271185360206,2.50133716272171,2.38840001991746,2.50901099931522,2.01845156512944,2.50116899381316,3.70483621111575,3.23692299350544,3.45155199101764,3.63192737463554,3.72597793658584,3.66298832973509,3.70235990701825,3.79301854726198,3.88153447632765
"P05997",0.209880142627743,0.190794262848078,-0.575619401373774,-0.433675000025886,-0.84710625264837,-0.109064626150648,-1.13969947377282,-0.277115811909491,-0.484177317953137,-0.684966048719837,-0.507424695958939,-1.20280835909121,-0.227430921842402,-0.515429735022479,0.0813823801415108,-0.94300176502761,-0.294055183889958,0.526691807763294
"P06132",0.549915903992341,0.153581268398741,0.634857014766155,0.23138141646559,0.194423533106104,0.528598060336536,0.449214446566064,0.375390829267822,0.677808153097459,0.517697277113804,1.06128594019756,0.96725575653695,1.16203470909938,0.846958627955773,0.251619169707883,0.573272023466499,0.680368750958101,0.329661777511776
"P06276",NA,-3.17817397224873,-3.5727168503955,-4.83200352532204,NA,NA,NA,NA,NA,-3.52838689183361,-2.71888147214126,-6.42239514685623,-2.21777596100045,-1.38307409270204,-2.04549106495751,-1.07621176561385,-2.47520051820811,-2.21528377419119
"P06280",0.668630457671203,0.525475854704162,1.11693911015653,0.787282198495145,0.524743923735031,0.532834053292623,0.742149616656862,0.753934467474782,0.712275725377047,0.157415101145849,0.733633967213395,0.654157103209927,1.36140290669647,0.959402445887326,0.452940592891114,0.656410262728619,1.13493756142221,1.22170247051044
"P06396",5.8647115015541,5.79312047385839,5.46972233038127,5.56939154608391,5.76529561550374,5.76640649136502,5.56552856956082,5.75826892947546,5.69526810288845,5.17608695632946,5.4069798352894,5.30129274279916,5.24884713955111,5.65931035014888,5.43752679993569,5.16169924807004,5.30069976531693,5.2238227277975
"P06454",2.31065102269399,2.18594642795673,1.9573717484371,3.04627012913448,2.70526006474383,2.62239357653887,2.56507832114411,2.74375432079282,2.67622240957692,3.79098513733622,3.72945228916271,3.44924350740321,2.7573641922521,3.58005051139758,3.45393084797628,3.7740138237975,3.37472707867459,2.58947312930553
"P06493",-0.513911349124726,-0.37074861053604,-0.478316517882802,-0.0256999087453185,0.0928775715294865,0.0291354430124073,-0.988285527195421,-0.428818739707921,-1.13921445364505,-0.00599991743693273,0.319524175558779,0.535508109901398,0.178537321964955,0.148843560910883,0.335506109719276,0.118050270062634,0.117225704469465,0.427937447350903
"P06576",-0.794517231988835,-0.132702651790089,0.0328954638718066,-0.731685566156483,-0.673973947597492,-0.563848112661708,-0.610072135849481,-0.563158363272031,-0.374765018615248,1.53839888922277,1.24041670320053,1.40514769381525,1.57165358548153,1.53513866415596,1.84753995235648,1.5981121376978,1.48706366328303,1.4166673319178
"P06681",-0.66007506891441,-0.307066405021883,0.0537515322052666,-0.486717788444654,-0.60385403475578,0.0332383650239887,-0.318138257179415,-0.267821127080985,-0.338374310020599,-1.31697596639741,-0.898268576725,-1.15687828040217,-0.94118680010782,-0.780153495950888,-1.64069568053476,-0.90010586170552,-0.905253402313518,-1.17739127530757
"P06703",3.74744230004518,4.89855621632018,3.91088794857634,15.0756965443545,5.56969033837077,4.98961888989797,4.93667678686787,4.86933938856154,4.74529167579632,4.98991087782667,3.71283112610253,3.44310867835507,3.27120097678606,2.73570692186601,3.47952813574187,4.29202902839236,3.13385933132625,3.60814379063729
"P06727",-0.824866858865071,-1.60045777568882,-0.914444123164444,-1.63172389667175,-1.78282569776864,-1.36008473362342,-1.23588923114319,-0.514493118311323,-1.16576745478575,-2.36976595205482,-1.04914008123587,-1.03374325952516,-1.07550067213147,-1.05851490913382,-1.225628947942,-1.33775183092869,-0.928882002136558,-2.01064636145378
"P06730",-0.315850516131794,-0.24609559249406,-0.240825577356771,-0.193834703043928,-0.226354254974177,-0.0628231535083952,-0.0631821538097093,-0.80675217848755,0.26199150012142,0.976771309399409,0.821040112268532,0.915573826297262,0.438783647776892,0.466215054466455,0.54372558268836,0.427982129945239,0.462728380348093,0.66379688147255
"P06733",7.11200541260362,7.09812035378988,7.54908507167209,7.52834168244816,7.40507157708352,7.50322122250648,7.30190726818097,17.4056694520366,7.3313886475717,7.79283906988555,7.92040066986196,7.90997688897748,7.89903492239641,7.92558605200439,7.53563814256593,7.68974152323567,7.71525826720795,7.75721387731984
"P06737",0.498358201046468,0.384438536912759,0.135734024107533,-0.0634400938987092,0.110821354862491,0.0643186676121239,0.0458451573756538,0.0874928340984553,0.176101931863101,1.30605241084369,1.70984107161335,1.62730831885229,2.30175716603159,2.28649839984943,1.92205346246748,2.00176171617008,2.26026463438814,2.30883606849376
"P06744",3.14992224994745,3.21055762261476,3.62624448524586,3.39844426134231,3.24230392714712,3.32371646824159,3.18773547566158,3.17452532127422,3.11454623346598,3.91807100761566,4.2368789513167,4.20185399023654,4.38686059391532,4.28799036748215,3.93448023752738,3.88974916629507,4.1270023219759,4.14341930343418
"P06748",3.21395157201911,2.84602347773904,2.37411837036018,2.83930277201778,2.88349909494781,2.3736238767816,2.84939318281151,2.6469209900768,3.05353226908698,3.56124418020624,3.17970974115891,3.33113637327424,2.33336381933649,2.66809066398637,2.39841399049986,3.04028057618437,2.88418921112297,2.48011136583585
"P06753",2.74129077316612,2.5674428550352,3.0429462669489,2.90824221542397,3.04864094950476,3.01435721621348,2.76427381581149,2.50714904601803,2.74231011760664,3.19863077827894,3.28538492844427,3.25206776780358,3.39378009181324,3.56718710591926,3.27432755784668,3.37708401282735,3.24244679635393,3.36570884035202
"P06756",-1.61010533832175,-3.55209517972038,-2.08039044368913,-3.47250442825722,-2.67196004466926,NA,-3.45754208395169,NA,-2.54194334994307,-4.76945977549137,-3.59965800310237,-3.25213294116979,-3.65768405902464,-3.28389404510095,-2.66172034625668,NA,-3.34391582593029,-3.32474628353877
"P06865",2.95756185324198,3.13312033928516,3.33659131161998,3.37926761239002,3.09437404435583,2.86351243004622,3.55235243834411,3.34304721564787,3.47346626815672,2.4028540028309,2.81615643748122,2.83911611909909,3.39479691871505,3.30488318380953,2.7557902298875,2.94429819047231,3.21266812198206,3.43667132892032
"P06899;P23527;P33778;Q16778",2.2221768385752,1.90462827745952,3.27347444483455,1.51314630041018,2.0999756892455,1.48720371594455,1.74994161428917,1.22346073382895,2.0564944340604,-0.0826286418498299,2.26552149525758,2.1240926186875,1.36973594809467,1.5659136287159,0.677886743942997,-0.148146671948915,0.529489854517532,-0.291384564623531
"P07093",0.555008226656577,0.629763574429946,0.333930067161868,1.48453805920854,0.899459756593235,1.45802374415059,0.871799676193989,0.901905452671889,0.9477627260994,-0.484461628511015,-0.814362255582274,-0.316385974158301,3.01275581044406,3.22524396337856,2.71208309731132,2.42454303941102,2.54876143355819,2.50457061800301
"P07108",1.93152026341506,1.97307055730586,2.29399330329392,2.35530493196882,2.39148301048157,2.32615791426332,2.07751713068758,2.09639147837371,2.29868871528515,2.51976201865567,2.26497537478842,2.48064521367879,2.26131306530695,2.39791226289855,2.50540034936163,2.61552949877066,2.38260112255417,2.54470144602318
"P07148",-1.66007199822848,-1.34621193199537,-3.2532012139229,-1.60402782479127,-2.65257803169126,-1.27294927562997,-2.26978901831897,-1.15883792742685,-2.06395679455865,-1.11603903813511,-1.19130571522518,-1.60174071828773,-1.30732916500824,-0.954167037883961,-0.423891169840307,-0.256989998614344,-0.744245353622409,-0.60371318298428
"P07195",5.63946885465821,5.4771188398565,5.77731452049563,5.70065844788767,5.64098221914336,5.60664520685095,5.45934363428015,5.58031815668028,5.57155000995096,5.35797959511977,5.45871869066446,6.17407018941069,6.4949780796041,5.49580335106755,5.28245391128228,5.4296870355142,6.03789930695453,6.38975189277377
"P07203",NA,NA,NA,NA,NA,NA,NA,NA,NA,-3.03203535348091,-2.27676375242055,-4.4736530113676,-2.58954906627844,-2.10736027531144,-4.7990956390308,-4.92226487519376,-3.75569198854425,-2.38417308884295
"P07225",4.24514352525654,4.33649246778836,4.35162379095579,4.57535727848697,4.34381089439477,4.17563224203728,4.77118640281854,4.61927819951608,4.66450008640775,2.90954758559282,3.36040616163189,3.11873695946534,3.42068884927184,3.31834227543491,2.88082297630385,2.72543343384274,3.12036494149309,3.0958988299232
"P07237",2.57045167620063,2.50079113549008,2.79095507130953,2.7016878396786,2.5754736042686,2.47573386747646,2.80335039571996,2.83062563048241,2.80376191508842,2.54460040877644,2.8221968618375,2.66354239351478,2.82228850269133,3.03430113224565,2.64444132118904,2.79563401356483,2.91084380604858,2.64296768415134
"P07305",-0.752981894293932,-0.661951020047404,0.217297085803576,-1.32769101351865,-0.679449035885037,-0.858334339213948,-0.391226480133799,-1.79712454147451,-0.407839730937283,0.281828635295929,-0.515901257691511,-0.31484489607293,-1.07942972340295,-1.37594866080521,-0.671837792059684,-1.62633603700585,-1.93888972254253,-1.42905073847009
"P07311",-0.531934986749336,-0.58503922006434,-0.170070751701767,-0.829029862394922,-0.622986969353773,-0.79990107803919,-1.05358353392742,-1.71181220221964,-0.674212333393093,0.617566758200969,0.891179499392161,1.11618373566308,1.03878153382366,0.702450820522001,0.776291941711078,0.961302352471469,1.08264632286759,1.18817222214767
"P07339",7.2496876017445,7.30278580145334,7.33871791088478,7.43475743291402,7.44745631172283,7.17411461001668,7.61941969403595,7.41440086766366,7.51329352382375,6.54607383725764,6.96451720421062,6.32467878564978,6.79262487584622,7.3031587729166,6.67419183883917,6.85540326036135,6.8871308201248,6.7466445275065
"P07355",4.00999641134997,3.96942816376329,4.43425635835794,3.55647007369548,2.9031998419691,2.76088922616541,3.95104636079829,3.49567011236067,3.71967722284793,4.49259210781481,4.21454880041761,4.61915865823838,4.75452511927148,4.41817570155084,5.00950159091472,4.61714814330342,4.65274579359468,4.72901955776724
"P07357",0.617612776063254,0.691089748741787,0.138446764670354,0.280405248808506,-0.0140984489272249,0.831840706729269,0.384257037541426,0.487627509998012,0.391003043059678,0.131397710557749,0.558297515763895,-0.205033268280042,-0.598399406460072,0.213618607437011,0.0290882546652416,0.581068157927579,-0.330166748338593,0.045897118048229
"P07358",1.39228671153322,1.17721604757686,-0.0214389652399554,0.910935286074791,0.834339988977083,1.00256178467029,0.781460605895848,1.3488387466823,1.25501869221635,0.60709507627989,0.370424366565002,0.044027615926522,0.0454341708957759,0.584929598409946,0.6534815217047,0.668398015308611,0.272822188036976,0.475190543400451
"P07384",0.49989666870713,0.343647597675291,0.804276443778075,0.677345931021073,0.869813785165929,0.764115631485899,0.581047863528124,1.06573042232313,0.816904199589498,1.16029387997579,1.23920292851327,1.44733551062764,1.28827359020312,1.33667127423642,1.03199728052792,0.636311070511017,1.03037222676054,0.774555014695292
"P07437",3.46949676001574,3.3989865632194,3.77602135393328,3.30764380064734,3.41423593566799,3.80410830387275,3.4241689913823,3.13185658581931,3.29668216834384,4.83523589023567,4.57677052786004,4.59379207538517,4.62629937808448,4.65598867531284,4.79963613943562,4.41706982783635,4.50256544811648,4.33954124238521
"P07451",0.690818685300982,0.440689021516489,0.249452771057278,0.161091648382424,0.749744340794873,0.0471037527728448,-0.94008487084264,0.216784131528303,0.552432619618484,-0.418265770575644,-0.749499719628522,-1.24620490870349,-1.03065636239287,-0.776778246488631,-1.07278568916189,-0.852150567976637,-2.19389253102617,-0.261512477696661
"P07478",2.74748628537872,2.71160553994627,3.22188663960314,2.6482887714773,2.39780575501228,2.37375771921296,3.08563751870189,2.94268484263045,2.89213603077676,3.97608316813848,4.41447867456826,4.19348398004596,2.60387599675013,2.85531312420066,2.18562720682446,2.87426910934039,2.28043900808543,2.32981574798279
"P07602",6.3171560438505,6.51011591474142,6.62218268156586,6.525442089982,6.62770008535803,6.44829440630406,6.56134686312686,6.76192376313276,6.67939828418602,6.67962204282138,16.812791929591,6.59717282208885,7.06572317300045,7.00264426191671,6.65298733427757,6.78030034291474,6.83756596844691,6.87065803968068
"P07686",3.65873547540212,3.76661271628373,3.97631440791189,3.92248755309999,3.73162522211529,3.50100245366381,3.96150832524644,3.84349216833915,3.87785677227724,3.65663236233075,4.08026733479716,4.01594284234393,4.7655635409651,4.69326950920377,4.0887860576131,4.34720647010028,4.62693077747133,4.61580250694114
"P07711",3.06974611993347,3.17487730603958,3.34188781796387,3.30354560624623,3.28832495815515,3.00203303681021,3.30029443395665,3.23977691068999,3.24674354912412,3.39022062016866,3.23968597120925,3.54818551234973,4.43250894329729,4.2649260994048,3.66087918503784,3.87730365010387,4.0197349090743,3.99896488178531
"P07737",5.8337593761283,5.88261904994029,6.40558531826956,5.98787919627564,5.78124299675635,5.88257732166297,5.78550711999699,5.62842171574979,5.87422947187726,6.99521725645806,6.84185869862397,7.21496203733846,7.39002635775468,7.04911965555358,7.15413287499191,6.92389461609504,7.08266482546033,7.33643871348795
"P07741",-1.80631914478367,-1.52173297090698,-2.19005824526947,-0.934219512130412,-1.70519358073332,-0.415764410164558,-1.36259764939375,-2.76475724831701,-1.64563814226065,-0.282396203409377,-0.295954499731657,-0.795600221785942,-0.316851136170962,-0.291484540187993,0.0497107693918721,-0.379944450240124,-0.469340314954602,-0.813349520457605
"P07814",0.591422268470584,-0.0989111479392282,0.680499675203199,-0.10443307557289,0.120365691833532,-0.17615812363432,-0.189390131067167,-0.0706837337453248,0.382689852598972,1.11683734665953,1.08265898800697,1.12094563577633,0.924352270286244,0.98861245511101,0.745842767629773,0.65220979617691,0.739694729724775,0.714229558392784
"P07858",3.17115387782214,3.33403714865306,3.50589421064765,3.45899935299146,3.38933254111749,2.96174429619353,3.44920686007142,3.39830518510924,3.37998411588143,4.22256476262666,4.44815918304929,4.39772592754607,5.14207462147277,5.13156800515647,4.75957985101045,4.62001219171968,4.77258194775988,4.88544354931031
"P07864",2.07924151521003,1.98691786431512,NA,2.3387634656922,NA,1.72031432728506,2.49237578818504,2.26468829493663,NA,1.42192621179756,NA,1.43577713279688,-0.396051985092193,NA,1.08611841287079,NA,0.859411277872171,0.101243692280887
"P07900",5.01446832183386,4.9481818650494,4.61456947330344,4.96331852165249,4.8424546243625,4.7446202488085,4.96826451667448,5.15258188531249,5.01997763881027,5.95785235258423,5.8494886088112,5.50563511237288,5.29606973250382,5.96446778822311,5.9003779834633,6.32969808434238,5.83636021642575,4.77448079886519
"P07910",1.41662817533886,1.35748594127753,1.64376033846764,0.94695557201347,1.20887567124508,1.1809271457492,1.09261175779725,1.10091410421233,1.59183215895829,2.41821049466199,2.16050332457393,2.26816683532876,1.49808379317236,1.37140171174307,1.91307919900067,1.78496637449633,1.61194728119522,1.47035916819432
"P07942",3.33307460339329,3.48527772898757,3.33733596194593,3.07934424811625,3.05831240613943,2.81619757611503,3.28457576158048,2.49421460715857,3.31185268962524,2.61178210200577,2.96485172555677,2.83162527503035,3.0844201505653,3.11681677474227,2.82914929918562,2.34314362122516,2.78286143086491,2.88468299643126
"P07951",NA,NA,NA,NA,NA,NA,NA,NA,NA,-2.74476848042547,-2.0975206765662,-2.10297153734167,-2.62150204966594,-2.33721271358023,-1.81357468013194,-3.30638456527379,-2.78266386880338,-2.6846300273283
"P07954",1.5309485645544,1.62965096923661,1.82126128165716,1.44411827764864,1.28189501768549,1.33707334351359,1.56493893772098,1.42574499797987,1.40833653673142,2.04367862243757,1.91637031256023,2.08922016112347,2.26053656459259,1.91774489062186,1.83885173369846,1.88539188736692,2.00912450308191,2.18104718155569
"P07996",9.78344858125096,9.91664103529327,9.85122498224313,9.37591289799627,9.46014899646861,9.30156437697517,9.59541169027151,8.58565211083123,9.64711932717493,6.96742485917035,7.25496606502752,7.31215389490147,6.89633329257372,6.68176648591218,6.40586530903676,6.44555367592644,6.80489022012339,7.05056920650937
"P08123",3.34217786975374,3.07982339037086,2.54670534281776,2.77750399320964,2.97610239750639,2.8971370993204,2.63148418636309,3.36302340602472,2.87866186240854,2.76437591273445,2.45069540799566,2.37622276583136,2.2318557957703,2.77720657812198,2.79809425839789,2.8321090264817,2.71455734565065,2.53016395656329
"P08133",-0.973249544748849,-1.13758622673624,-1.21846638632194,-0.967070443200931,-0.719978327757549,-0.419340277768285,-2.13941973654544,-1.81196159772294,-1.36800173465855,-0.523110304587671,-0.569718649409563,0.193373231931465,0.368229910023265,-0.275477831048212,0.751013963429575,0.287262077682289,0.533667290768443,0.526303561031431
"P08134",1.39149688982408,1.20215561118942,1.40424873334438,1.29821879039756,1.62204413936352,1.99760511542643,1.09495667721933,1.47605814459023,1.31146857661533,2.48726661397599,2.07073200444836,2.03477304316906,1.96180912764308,1.83681493287517,2.77094141841956,2.5288345968747,1.78845949602756,1.70628753554461
"P08138",3.89167726112241,4.03367485055702,3.72755521440346,4.18614883799491,4.09349713576594,4.24800614059276,4.24665769647038,4.22540884804684,4.23859861713452,NA,-0.781587187812074,NA,-1.72563678235301,-0.933092277690249,NA,0.751675507685984,0.0041605324630769,-2.23519267420544
"P08174",3.1217973027785,3.20605074515691,3.4146635423382,3.70340637779007,3.56560220385144,3.26925910195991,3.69123136880803,3.58684739249872,3.48053510210347,2.42606328342074,2.4541708888867,2.64948191672798,2.64443964915593,2.46233062595847,2.6139536908759,2.46786057286467,2.65654377051389,2.78134454498573
"P08195",2.17870673389311,2.35513658392139,2.67038245780812,2.46519364500356,2.4944449429902,2.23333119939213,2.4612204800092,2.36465662732054,2.42252884186098,1.25581149676703,1.68410580639331,1.68911166374396,2.23687910927306,1.87292436537542,1.70458299216939,1.64500603704732,1.98621662346364,2.08127661146539
"P08236",0.936356087893628,1.44457410337695,1.35459632229044,1.25021000724458,0.955518120762356,1.10008431794794,1.17865291576642,0.522922521592079,1.26326848110766,-1.31800515969958,-1.87664394131977,-1.96944386125178,NA,-1.60271243969109,-2.35150941115907,-2.03599325597557,-1.89331431304539,NA
"P08238",6.38323180298698,6.29088764149383,6.27365586439874,6.3474198388341,6.13880333264245,6.10373598615252,6.31586358438178,6.36814618359212,6.33961411455516,6.69249040614262,6.60011356697311,6.25682673877269,5.86269666742304,6.53933785988464,6.42076215301975,6.70249318199718,6.11736737318263,5.3281747695954
"P08243",-0.946694957222538,-1.71892326695645,-1.01610564340327,-1.2840219356661,-0.822260996195545,-1.37600667277433,-1.64102919421702,-1.16522222712326,-1.34775002167571,-0.245618338182348,-0.704219866672528,-0.20245046211266,-0.64010344670098,-0.666491300314055,-0.484605715039184,-0.521025271840163,-0.723850514808571,-0.266073146189935
"P08253",-1.47747694333465,-1.47345464217622,-1.82395631486477,-2.24198268981817,-1.61898200656621,-1.46985105108539,-2.0565038636956,-1.73917921619424,-1.60975256829307,-1.91885915097135,-2.84866151112542,-1.9570402768282,-2.38889821782779,-2.13775946077258,-2.30327506715525,-3.15920973045072,-2.5034910255065,-1.89209964541685
"P08294",3.59966521513515,3.67218409719236,3.88994960017147,4.02513181406115,3.824023769865,3.31488744406622,4.0044531600439,3.9894950915167,3.90804965273137,0.492144804981342,0.947516228110659,0.615854123403963,-1.0607213034933,-0.650563104114457,-1.12829592656204,-1.02434261689224,-0.405875730054724,-1.62072352039739
"P08397",-1.24785451430279,-1.65423639241719,-1.24411125210627,-1.4193557049387,-1.26871219174198,-1.38534990545603,-1.44213706571695,-1.22686099706111,-1.62253919098695,-1.4845514290657,-0.703602609801809,-0.707913211515129,-0.405840447540155,-0.382468416284842,-0.54843337980178,-0.626148110033648,-0.395293311458172,-0.706190734774697
"P08476",1.48244347430422,1.39928550140343,1.75492856779297,1.61403932345817,1.45019477071835,1.36352852163285,1.68105451193562,1.48248958697547,1.52052116675768,0.0629485326121184,-0.120313464543663,-0.000662325073019332,0.0101148047088877,0.024313102402985,-0.0596446961116648,-0.130703620205987,-0.0121476484544889,-0.116648569853464
"P08559",-3.56657597670458,NA,NA,NA,NA,NA,NA,NA,NA,-1.41565343777735,-1.69112583897235,-2.22861338248731,-1.61332583185416,-1.71335096760173,-1.95776227420167,-2.05836906964066,-1.62181101061281,NA
"P08567",-0.601872240789779,-1.02922427728629,-1.37185272264995,-0.928406854138498,-0.641071277262356,-1.01094332995724,-1.22070619881252,-0.35689196603494,-0.961124037169779,-1.46732728224937,-2.29951715988163,-2.63914201232892,-1.6225989007531,-1.87151019120808,-1.39266470695204,-2.07393011967992,-1.8407727461294,-2.2817392694599
"P08571",1.08539193684864,0.891421457812422,1.17980550302095,1.38288266964103,1.34354131805542,1.13899740270374,1.42232564562938,1.41550947465864,1.31177901883233,-2.01792499910833,-1.54919577054203,-2.32824283767209,-0.471414715383956,-0.402803715012531,-1.01375134075584,-1.2684509805646,-0.96426619112042,-0.694413098690659
"P08572",2.14985600169991,1.96692058441861,2.5959122449904,1.50674145946617,1.7846070906778,1.5282461125454,1.84411290952453,0.986405450658612,2.01904394106708,0.858008261907907,1.16172517571466,0.983649945565244,1.21344733361286,11.0628430927948,1.53770697326471,1.54140472418837,1.78814340030705,1.70616734711864
"P08579",-3.69705503377062,NA,-2.87606767461331,-3.52223224357197,NA,-2.39126983357603,-3.47441340213776,-3.01629636899412,-3.93661385743399,-2.94328794425555,-3.8588175143848,-2.5259422809731,-3.91983234329599,-3.87188761973508,-3.31218264866581,-4.04976013106295,-3.74482985466538,-4.48602074931398
"P08581",4.55955671785295,4.61116889013833,4.62400360139246,4.81838819775291,4.69887814508964,4.4188676347266,4.73662612831321,4.66868263937667,4.56058473898807,3.10752907469072,3.48625968011199,3.406612446219,3.59698971908923,3.55476240651009,3.08571469198323,3.31243253647635,3.60362152157571,3.57498702042259
"P08582",-1.07791153544615,-1.3247166195314,-0.336888226895249,-0.510913545979347,-0.775288998493177,-1.18100805535416,-0.624755362481857,-1.31275711055125,-0.588527807123207,-1.13846506997061,-0.807652164772424,-0.501006432169421,-0.110287471229459,-0.371734225016988,-0.676825825187379,-0.898628462127315,-0.228354814802547,-0.628779541992277
"P08603",3.79638816469228,3.87811241245423,3.91507714616105,3.58885403073149,3.58122520818693,3.57003777711124,3.86848056512316,3.41416857886221,3.80461956314035,1.66040937962292,2.14563107393893,1.93638817068149,2.31795975878799,2.12567721640925,1.72407969744826,1.32708606558809,1.88536860256631,1.95858759103082
"P08621",-0.603825374200108,-0.46046574688013,-0.3682284372272,-1.08390274147148,-0.0763016979728679,-0.790353800230594,-0.716595664980633,-1.40949441553605,-0.739843088033834,0.563228474874407,0.238495112950377,0.587944591681968,-0.24976774332772,-0.175106993636572,-0.266526207195023,-0.689131818218335,-0.244133587814515,-0.73591269360274
"P08648",-1.20978219848734,-1.54951151036832,-0.665199304465849,-0.652631893941289,-0.766304238779744,-1.13318332398416,-0.954851034697336,-1.05648341157422,-1.00625472367542,-1.12192875727024,-0.769617465099989,-0.88901957631325,0.094062868860215,-0.683163359235371,-0.430146603289923,-0.413180246010803,-0.862628495478938,-0.117103861316771
"P08670",17.6830630164836,7.76991399984219,8.08578774283982,7.66274798963584,7.80243741996339,7.71310663655705,7.71131172020827,7.70297044327613,7.79032081643757,8.963494431623,18.8703116555452,8.88311479842374,8.77233457456102,8.67030339111929,8.60109993432847,8.32022772310541,8.3801951788943,8.48721354203674
"P08697",7.63714505392733,7.73696357848933,6.77469512011861,7.6733745852756,7.73192337936269,7.87347864546352,7.36890153487486,7.9616841866792,7.65118716921216,6.00627988960163,6.18579197632444,6.06938293562606,5.97840972436069,5.8995597351537,5.96116840820779,6.02841553910167,5.85217047740081,6.03004487731116
"P08708",-2.31446203715139,-2.36290220759228,-2.54811320511933,-2.26212763135879,-3.20237274434895,-1.53171029711811,-2.83589399799086,-2.72298724643394,-2.05998413296826,-1.20377122747334,-0.502772493496325,-0.530667047809661,-0.467990411745177,-0.507164665848088,-1.06206547284437,-1.12166251904,-0.268318076934797,-0.597478527889868
"P08727",2.30184338263372,2.1717785791518,2.3206319363133,1.97072462158645,2.29585141908143,1.9687656405142,2.33165084317484,2.26805265661899,1.981510819447,3.28969133030158,2.92241000659098,2.71385771517836,2.67434510215952,3.02501971421116,3.11534024239197,2.93025205095972,2.75559623051054,2.22636959699286
"P08729",4.05125355040177,4.10681231474378,3.92433055707381,3.15557902546306,4.27134245280057,3.66281348913694,4.01033674150685,4.44329400049476,4.66522213152762,5.93900610506822,5.9587785598431,5.82206656326126,6.16182770072499,6.22709191298514,5.89932369365903,15.6436543570457,5.91682490000747,5.80185364034915
"P08758",2.28419618104684,2.11821500102458,2.4219544629697,2.19000678763587,2.48046050886127,2.51255465544296,1.72915804433625,1.65057951272922,1.96983175059816,2.60043855889969,2.54805893480513,2.85196201484432,1.96969362732642,1.74420890095724,3.10658504172245,2.81039381084918,2.26536816146737,2.36106740836239
"P08779",-1.71661687986179,-2.38369611648601,3.59619337537798,-1.55031963508023,-1.24283613798509,-2.9512506781552,-1.21201568766762,-0.408185835518443,-2.63615942764165,-5.74722742393378,-2.45041986637949,-1.35891240697258,-1.68985636935156,-1.15909794530798,-0.425402589154785,-1.2468560722928,-2.78763157604607,-2.64144365444091
"P08833",7.4101380749531,7.44810896695491,7.74313446612161,7.47868551617749,7.36255419702218,7.1764411794811,7.53357982727073,7.55376047426414,7.42049930646795,5.23026737068575,5.63831030768997,5.50368240330087,5.9175805115042,5.99746929033371,5.63484999648543,5.8485232005827,6.12559636719768,5.98292586286749
"P08865",1.21532644895342,1.13779355598123,1.57228585013718,1.15650919148843,1.3093130742867,1.46840658089944,0.984763764176455,0.710651546501946,1.24133986941709,2.25712940232379,2.17910763874405,2.2282840990108,2.33088393235954,1.89456542511119,2.04687516406535,1.99189564080334,1.9759939104998,2.24571032682277
"P09012",-1.9172439708651,-1.43924998466496,-0.816380239222047,-1.49225749941303,-1.23832927432517,-0.360563644895361,-1.62844252981504,-2.5481269769654,-1.18703939298671,-0.966421549070684,-0.105466165828039,0.0901792467911608,-0.0879212674674221,-0.408988548127259,-0.0696911243802845,-0.393396791980992,-0.179797187824317,-0.415708883146904
"P09104",-1.02644969961984,-0.887921645792247,-0.770419110963112,-0.141359863678062,-0.564015001123179,-0.121220355964322,-0.873888831394876,-0.769401829556878,-0.000623659148736522,0.31971824060601,0.494555494262558,0.708944215316993,0.488941084155321,0.477837094838987,0.178973155753054,0.0373982778533808,0.567703480681777,0.190081689184405
"P09211",1.42775782261029,1.99859471436007,2.25519943124994,1.68818070308552,1.72785755952204,1.41907769230071,1.70325956322587,1.6985388481775,2.01684186282271,3.26690321322409,3.14634291946347,3.28954432718366,3.97112495807766,3.7668934808352,3.54546550253534,3.4715757601942,3.64409985944765,3.76956514547326
"P09228",1.5541016631628,1.89756646618183,2.45698932520958,1.6280337190661,1.86460446441107,1.73290926704025,2.04688841260336,1.64850293084088,1.82044655766369,-0.218365570657317,0.432882354576904,0.222478942357764,-0.703092563209123,-1.22840132763741,-0.934951750521078,-1.54651207584065,-0.746646188328634,-0.843869683895997
"P09341",-1.36448608818973,-1.34371446489741,-0.352637085394164,-1.37726557211379,-1.07089131884282,-0.860516004907196,-0.811350505135216,-0.949231906688521,-0.833638278481481,0.293565606249713,0.0997047895980447,0.388372575870671,-1.45005275018358,-1.74132499085985,-0.722794139908252,-0.303202666815745,-0.585184794380166,-0.119267157304234
"P09382",6.34285284054212,6.35676774911642,6.6978542780187,6.78976722682335,6.86838385703664,6.71202572501545,6.65172818038601,6.49043526947859,6.7163801170684,7.14938977333155,7.27128787469845,7.26576356266864,7.34544532641998,7.23421349733217,7.19106453880263,7.04804375089231,7.03760819234337,7.12826249207259
"P09417",-1.4993572534414,-1.71825234993197,-2.07575174976387,-1.21880084709927,-1.43744651307746,-0.875599524587583,-1.47743545389592,-0.980325076682045,-1.29488506861624,-0.0907122397149358,-0.545103708044048,-0.679196226421936,-0.793083060402605,-0.602237410309407,-0.390135770984774,-0.597969249615623,-1.32094231261467,-0.143828446799455
"P09429",1.06719775771714,1.12402124165192,-0.129807446349474,1.11870179784171,0.791837566686761,0.751304035022995,1.20225990823744,1.36782201512253,1.12273511937968,2.57569172463974,2.57871881542467,2.18644258457898,1.56050816849702,2.65112729227378,1.87410377015889,2.28470426893859,2.11141086634552,1.02366108206662
"P09467",-1.40221839482715,-0.312054105703126,-0.864755790668885,-1.35214117668941,-1.4123902149336,-1.48607299798802,-2.98724763361024,-1.1997305709016,-1.12818098512819,-2.25086667980337,-1.67347474821371,-1.67411724243677,-1.96472278767816,-1.95309783126495,-1.51644125963689,-1.59719916668448,-1.72751821784208,-1.32100514597584
"P09486",1.59723086751875,1.8067951408223,0.958282197276764,1.38102223519974,1.72183784439985,1.61699125114756,1.23901456565679,1.83492832809774,1.25950903519403,0.87162720267113,1.02261083908205,1.23420115424649,1.13931802351485,1.46175663825333,1.42408564664204,1.57340252423291,1.46352933807959,1.54446782418728
"P09488",NA,-1.89181093210857,-2.72581487407736,-6.39437141206655,NA,NA,NA,-3.55579864275615,-2.29613093576151,-3.11495051826717,-2.57425818277696,-3.26913187371901,-1.88461241160271,-2.12425996164498,-2.10134480893335,-2.02565564697094,-1.83507202987585,-2.39778453389839
"P09493",-2.2180480464714,-2.58226428100752,-1.27752889014426,-1.84116097992699,-2.56881993913287,-1.62447863302857,-1.67460782728751,-3.06418379554384,-2.43356482944956,-1.2887230145555,-1.43258414974553,-0.747546468574905,-1.03930676716077,-1.09611178011074,-0.877352978517985,-0.964081376600022,-0.69502762104548,-1.05247939671831
"P09496",0.589300702394032,-0.299714210328245,0.2598059298439,0.174105686294654,0.408859812490162,0.0717788986468033,0.500290703506204,-0.200178636638388,0.486063134030365,0.931906185172707,1.13849079706665,1.51786413601983,1.16080283723183,1.04251546119196,1.32692993315747,1.04489172369442,1.22761755681466,1.26490710978989
"P09497",-0.593686551013536,-1.16280493682329,-0.188478813034232,-0.602659988965708,-0.345590639098711,-0.45529828236543,-1.17964297910947,-1.34434443045746,-0.863910110301473,0.59448105799132,0.600288205840174,0.831487401002349,0.126907989692304,0.345693889123032,0.291751407943142,0.325543817902629,0.293024603002719,0.499807391998273
"P09529",0.724292504335097,0.729335024245003,0.625673446885106,0.292169034561168,-0.0189375512796754,0.0376833798976914,0.726681842703169,-0.0954390192938241,0.514837553066586,-3.03452946813626,-1.28543210969969,-2.84255414792323,-3.88834533027424,-3.56680044914074,-2.69909858021717,-2.56697287311103,-3.27522060404793,-2.75465482882546
"P09543",-0.960109287363345,-1.09076086178748,-0.783952887007895,-0.801173226694678,-0.783249766168912,-0.883148238083162,-0.75881717491132,-1.1272975009038,-0.806755879262362,-0.430063866817278,-0.827032641993009,-0.45998528159171,-0.200908944423777,-0.793675425155961,-0.169253051950795,-0.405730770114566,-0.0993387474737446,-0.352510647042312
"P09603",4.0753777973403,4.26058393666034,4.66043044132846,4.39954694001218,4.24153941829566,3.95162850218068,4.6856554778938,4.32670350505242,4.49746562158405,3.10422808006072,3.33272737230098,3.32409375491298,3.84897609529015,3.41813908098601,3.08205708960247,2.97179666231825,3.42924238984674,3.45756536939642
"P09619",0.397996337062429,0.300796865326065,0.24807029176624,0.193334693723111,-0.172910555938147,0.130443685344851,0.294151672375717,0.186882335093685,-0.0368151827404546,-1.20299580689688,-0.627890568879625,-0.631959774453339,-0.809421699730707,-0.415804824340603,-0.5477353764854,-0.163172093102631,-0.417870878233067,-0.319121556890433
"P09622",-1.37588436802197,-1.45130633373889,-0.295499767209712,-0.877215787676509,-1.01114819317926,-1.17881932996412,-0.813184143533054,-0.697605816392313,-1.02842409589801,0.411069635066603,0.686142230602535,0.673979965541424,0.943045020078083,0.603589725720322,0.464350676776428,0.522317909324279,0.595785206854343,0.809264480254789
"P09651",2.90166240856546,2.55449995267181,3.11345660321279,2.58500789694029,2.74727223641456,2.79030000404797,2.63664168001291,2.32340699240603,2.62768516794794,3.40708490601345,3.05467281871865,3.3353558845374,3.04463069939958,2.88002470585562,3.12686599564181,3.01345337974932,2.79967583276437,3.07913920647646
"P09661",-3.32634597872168,-2.95543294380526,-1.60502175672498,-3.50333656975978,-2.51413617333321,-2.27488167185378,-3.09229755843349,NA,-2.48787141643387,-0.94784715109102,-0.86490662883227,-0.753724771124857,-1.42267082167532,-2.03130108635395,-1.54139569360343,-1.56399822844007,-1.95390902770195,-1.64715326099606
"P09668",-0.446402766002384,-0.565959445166442,-0.205284470490286,-0.374169804357541,-0.20577463837072,-0.483574821131226,-0.302274788749916,-0.707073925012088,-0.425851196774461,-1.44271806179397,-1.62181521721383,-1.76898081854107,-1.07256720561971,-0.768776667797962,-1.10371114736652,-1.00832222745826,-0.513589391681934,-0.869282329576817
"P09758",1.29333101309051,1.36172891397082,1.77518407388878,1.72257169489667,1.48185642961111,1.62480385699965,1.8615568856155,1.31520495730088,1.6212480526983,1.38383980109778,1.30226826314602,1.42459916996171,1.07077765599094,0.805999408183181,0.952617901738472,0.843027973244865,0.869437871701777,1.26847818437503
"P09871",-3.2004732094899,-3.25136971170779,-2.04925281599826,-2.20580319437198,-2.54388642779394,-1.28733195234594,-2.00176869390917,-2.01547854934693,-1.48639924846506,-2.80301146108182,-3.45202426261475,NA,-3.55271692736493,-2.66955923424031,-2.89100525843637,-4.39720202038719,-1.95661377048326,-2.47110367569236
"P09874",-0.504055276458484,-0.45019565464783,0.0935167649035904,-0.608721463122231,-0.569771253201055,-0.56576596554433,-0.335126062763889,-0.479143659519087,-0.273995942203365,0.54896486970549,0.349006619213352,0.49171962784475,0.150899235526831,0.202218020939197,0.0874866663002241,-0.0995450522152126,-0.156957861892899,0.0620852680000059
"P09960",2.04576140111679,1.96992007284953,2.33291645872275,2.3638364548552,2.20658451109831,2.0656970683091,2.22985131063689,2.23230928764948,2.01474850034431,2.62335153786205,2.8792151601356,2.8083402859101,2.71090424359046,2.71563901963331,2.27796299371613,2.49724271469148,2.5232811030924,2.74919489358961
"P09972",2.87571590828266,2.76290591669875,2.96574416128211,2.94472265965619,2.93505453077504,3.04000076433826,3.02383365950275,3.07760880324101,2.93902694186397,3.28921327212566,3.431848063267,3.55071481557989,4.12018700921933,4.12592271401739,3.84961845175008,3.61614887712695,4.05876086046386,3.96304426370959
"P0C0L4",4.29199137364175,4.66680196256852,3.75818031859447,4.04064248735355,4.35671587905281,4.18089605367071,4.16629912526434,4.40455384608924,4.37575293379297,4.25225494264301,4.53594059206839,4.23530357269857,4.24521011963883,4.90232980032717,4.69824838101601,4.51819787769488,4.53824071881514,4.23102219804472
"P0C0S5;Q71UI9",0.141888292224486,0.84336703704262,1.20487766544058,0.377970078353519,0.373298907374965,0.421355702247448,0.479217331688183,-0.194723300178122,-0.220408885296585,0.0099887809107706,0.384588607792901,0.936503399010267,0.269905683445835,-0.414060780647736,-0.953909444868104,-0.945050372624993,-0.979618679290867,-0.577899045344755
"P0CG29;P0CG30",-3.27634364127796,-2.78614964182246,-3.51747501279672,-3.20300846040278,-3.38684552466794,-2.17744182268294,-2.19968396856155,-2.11866391871509,-2.48599720099119,-1.07568786036823,-1.65744800110038,-1.44100452275068,-1.65252454652025,-1.62269394137106,-1.88497729444626,-1.49820322189053,-1.98137289148382,-1.08249418476021
"P0DJI8",-1.41228993599918,-2.01177580044486,-0.927835822478262,NA,-2.98851668695825,-0.858012328354575,-0.964537558264998,-2.09024127947312,-3.41574238741434,-3.43657646799637,NA,-5.67048115297445,-2.19364560177151,-1.81561914741506,-1.13946890277645,-2.49948540666318,-3.23772073783023,-2.38991559139011
"P0DMQ5",-0.848913905073954,-1.34323912070439,-0.269557495941502,0.0205138224218047,-1.06529490566446,-1.46255344655038,-0.683929645423019,0.0820437744557712,0.129737862968398,-2.74269067470697,-0.946129664950174,-2.54406234069557,-1.23079267311636,-1.75645675489099,-1.74781543612303,-1.17431139952348,-1.87872784690697,-1.21734450908181
"P0DMV8;P0DMV9",5.74764560183174,15.6033122551239,5.96190202598927,5.72977495677945,5.60789399474322,5.611787785876,5.94787213362093,5.8881931796505,5.9798376332997,6.16236196444721,6.21951554264367,6.26414578325718,6.20736529918182,6.12312065582342,6.0882223346515,6.15407130504288,6.04947264454929,6.05807490227651
"P0DP23;P0DP24;P0DP25",4.5349477649108,4.76479200571093,4.41838423165637,5.23425255972037,4.933424636402,5.05122747467027,4.9037868359405,5.0563604224598,4.91527633667038,5.47716764351269,5.14040627847283,5.20879040220421,4.85186381144906,4.86611197133575,5.15106427594962,5.02156529553099,4.98936916632303,5.08761675471412
"P0DPH7;P0DPH8",-1.36478692568294,-1.31590878956213,-1.31221720583563,-1.44298320497493,-0.723622426585042,-0.127985312887551,-1.00887541528786,-1.22894492232521,-1.45421895614844,0.574037474532545,-0.0682085292353793,-0.300594394290547,-0.170647575243963,-0.182899734289959,0.248016372014936,0.413982263698465,-0.227273644899753,-0.247597916673497
"P0DPI2",-0.356195549901578,1.23826933349661,1.02703896172645,-0.0287278711638557,1.27111045074468,0.503882233631872,0.968531264885797,0.62892517857186,0.415708894411818,1.89307430137169,2.31264802680779,1.90302783816769,1.53583507575216,1.35604368010011,1.88944799930432,1.9595145771457,2.13439944525465,1.7732038614073
"P0DTE7;P0DTE8;P0DUB6;P19961",2.9448414638754,2.89887471647643,2.19332885525315,2.5713482805642,2.58883430708124,2.52089840538439,2.42576157635975,2.57141879690643,2.70698091056035,2.05339491742505,2.10915634631857,1.96926858337448,1.91101527392599,2.26259450523336,2.42450099091528,2.37510417263473,2.17386383605769,1.63921459941334
"P10124",6.26764672876503,6.46732660030987,6.82207408458665,6.66692475514168,6.30678901791141,6.1821553923052,6.68740719080389,6.26326061931565,6.63793979665046,4.94378562643697,5.33340417432158,5.44150258171292,6.01954204622971,5.84050300681829,5.04166553943608,5.28598442579911,5.48884939211344,5.66685107783368
"P10145",0.0173948555417667,-1.10451396037145,0.63063668407267,-0.239038242228972,-0.243775167178779,0.433282824089702,0.628384051599419,-0.131821354178101,-0.210315485761432,1.16246698489066,0.721238698051746,1.31766855100423,-0.308688733259133,-0.286777949993308,0.916187128239038,0.802695583742638,-0.410969494934069,0.410547135951354
"P10155",-1.77497882869498,-1.90461647842915,-1.53927361206416,-0.941774222451206,-1.12896868213556,-1.90465482860087,-1.33209698029123,-1.35099216688285,-1.57243211274726,-1.93877400929193,-1.14411385974895,-0.978237401173493,-0.648196576142956,-1.24608472577049,-1.16633812512989,-1.49927793204098,-1.36361150419086,-0.936930189164441
"P10253",1.66496861260631,1.58120881283339,1.96659015879699,1.8616800235931,1.95933704499198,1.78108711955437,2.0543430602906,2.05459111423878,2.06876956942506,1.90931754129557,2.51055563488796,2.41669496792121,2.79815143619344,2.89669253321177,2.29695325852404,2.38218560176126,2.72132841494025,2.64169639858579
"P10321",4.8233057452036,5.12263856030561,5.09510545560139,5.32403607287893,5.34774951160288,5.13222155735021,5.39093305009287,5.13608639054288,5.23521298717037,3.69000036432947,4.1020843297211,3.93505838609256,3.93841653280011,4.03875256856589,3.56958750752553,3.56393254321449,4.00423327284641,3.85297864664182
"P10451",0.287494051261145,0.0766288393674674,-0.49650719306663,-1.13504409247126,-0.169047483949379,-0.453213187349894,-0.635927210315931,-0.331840282912227,-0.736713568001564,-0.727818790540322,-0.987206946108707,-1.41795367234731,-1.21087019240732,-0.342511651579763,-1.33454407522672,-1.66388779320412,-0.417522892414299,-1.06031259205298
"P10515",-1.82400392074872,-1.61117145619305,-1.21077214421651,-0.928175628120166,-0.830129485402685,-1.9971753188848,-0.816814909806729,NA,-0.632979120150608,-0.493339741235478,-0.812422822454528,-0.600718782757471,-0.990144950814634,-0.679195906823137,-0.020589224077364,-0.101207991047087,NA,-1.10127755316091
"P10586",3.09341735832037,3.22947045594412,3.27875766972758,3.32909041902574,3.24882022339762,3.02120549230506,3.21788785404893,2.74225969552045,3.38274218055434,1.78421876835007,1.98006358511676,1.91275922581891,1.91182180066255,2.12808944348095,1.92388055877242,1.86191611657754,2.05832611698484,2.0577085452533
"P10599",5.17768746214728,5.30957181067999,5.72732654738854,5.49391581744781,5.53028646543226,5.5175438818333,5.44086746058328,5.24167766257034,5.34985931478748,5.64731580739913,5.81364887183245,5.92919072186797,6.02582928047695,6.17438420407484,5.71237820609335,5.64654695465525,5.72446007187986,6.0595503788767
"P10619",2.63991186275667,2.35422157846062,2.67903164118357,2.61093272416868,2.47947208484372,2.16656290964644,2.74056933818336,2.86125808451754,2.8513876004921,2.81164089025099,3.24586014982408,2.82523072976652,3.28255150882412,3.45865014462873,2.77780062580327,3.08912989810109,3.16475022169162,2.94746676534578
"P10643",3.63547535395359,3.64051497215014,2.90183475835763,3.16889936959945,3.33989179809797,3.36707688270721,3.00990901215335,3.55626096264897,3.38259859544799,2.92104546198994,3.03542241151295,2.86069481467282,2.97166708770993,3.44382046597996,3.19792486350975,3.2483124453328,3.08966270755548,3.10599330422014
"P10644",-1.03300311269264,-0.982495184301975,-0.711260424725744,-1.06083858560308,-0.822366920999428,-0.652897947631782,-0.577318499856707,-0.535281858622525,-0.870172213945073,-0.186182613024778,-0.139526003090184,-0.0758314894486851,-0.377707963209653,-0.429663068721419,-0.483837157358682,-0.284125937974512,-0.169550368562316,-0.70962001017817
"P10646",4.40224210884275,4.4515630190854,4.59738075906366,4.23481137172431,4.2955802756502,3.95126013481925,4.45994557427047,4.46405288272151,4.52696635632587,4.59610454482876,4.67474695899151,4.52933489656276,4.51124343779997,4.56182406644405,4.50711961010082,4.56685282383095,4.51272036306167,4.22146688148113
"P10768",-0.0898466605385728,-0.124352446106665,0.366615065523414,0.4017610247182,-0.165026177053546,0.595273954945323,0.219322213929447,0.646414391426578,0.396051799771842,1.00412305429932,1.23024031447882,1.14620600267921,1.0800416423458,1.29105228631873,1.24254876713817,1.38764964080782,1.10333309638048,1.2951170572721
"P10809",0.537714480926658,0.36806320051377,1.07447400856364,0.473223465201652,0.080615029518512,0.179560945726873,0.50589580427102,0.344920597237016,0.287841665000821,1.74129913929202,1.80107341901549,2.19705224661735,2.18552604229505,1.92660422571602,1.94213934101704,1.67893447546936,1.93097810126797,2.01259321741048
"P10909",3.96362077130663,4.09079943389911,4.42142921715609,4.03259098158862,3.87899529392934,3.61954939005553,4.19423605554063,3.93955769139518,4.11312930332002,4.16885657718243,4.02319494424115,3.98333426218882,3.9453165605992,4.06000111446201,3.75504223486032,3.17944017756143,3.37187863165468,3.53456109013838
"P11021",4.51467131869745,4.53121888171319,4.98843268137274,4.26602159433279,4.20940486375521,3.98100847420379,4.51360700346677,4.60640059981296,4.49812407634592,4.67377629336523,5.01641508399211,4.79734256836328,4.87859727732218,5.30348119686802,4.82013432651932,4.81514287101613,4.74343161257948,4.5883267786041
"P11047",4.11055170105432,4.28236224843247,4.11657249316786,3.92957028185963,3.85458707688852,3.58630126409291,4.15674881377558,3.38533097150445,4.11095873643978,3.10621129174461,3.51038504097261,3.33831554703909,3.47173890707986,3.26915952350786,2.86011629993576,2.66208063394962,3.1514807738204,3.22031877088592
"P11117",-0.772599711160774,-0.169250906819135,-0.246520756191996,-0.457776564335017,0.0470713139984884,-0.684747781148118,-0.0649783937985156,-0.276705444750048,-0.219954072060276,0.0209196568021497,0.263467616530823,0.28934959827062,0.841381877192388,0.464147972845854,0.119772296985477,0.38098585727837,0.653897092111501,0.521306993555168
"P11142",5.10706792810386,5.06457543485969,5.35330026889651,5.12499694972455,5.04345702018242,5.24235775538554,5.0758980585749,5.11529820069659,5.05952357909408,6.081450318421,5.83231076321958,5.88463197610666,5.89385657125172,5.93822937113647,5.91346702093312,5.83343512936835,5.79900172509591,5.78692618080091
"P11166",-1.82665591582153,-1.13957813691263,-1.70965591173699,-2.00882599510244,-2.12526900718895,-1.14224716849852,-1.6761177501524,-3.05398667747675,-2.49111615652101,-0.881379657722547,-1.66559095010128,-1.18647807846442,-0.575554191630822,-1.14298778665511,-0.453052988724258,-0.59191969103834,-0.442507511550723,-1.03504869770181
"P11216",1.01080967191689,1.08744312729169,1.35524850742769,1.4436271871419,1.18739403142546,1.35647464321028,0.89837580611996,0.826514455588622,1.04516023132039,1.74436807619472,1.77145220574457,1.97356091389154,1.76333830444719,1.90857584835811,1.79520831850666,1.7605210743346,1.65584094624587,1.97454853390299
"P11217",1.60221941215852,1.58808045269386,1.78198363745823,1.73108268959991,1.41909186024943,1.84668174614256,1.64172540335381,1.70799106157273,1.68349385561824,2.64699726628971,2.70596964109454,2.71284431551713,3.15059809936082,3.11145069818584,2.80245710921709,2.77145525881123,2.79544938884238,2.73463971621205
"P11233",-2.49767579125232,-2.29490761657275,-1.44812153231339,-1.89331245237698,-1.74303190662286,-1.59834266271235,-2.52014926477883,-2.54922772257822,-2.72887346557459,-1.61344728436233,-2.35456841960163,-1.01020339108709,-0.408016840546833,-1.58290754242292,-0.880176744411201,-0.705995030957318,-0.524076815260719,-1.23442847486699
"P11279",2.93213864368142,3.12933065428162,3.44476114423318,4.06092039519952,3.79866260341296,3.72987230135334,3.71908458516226,3.86777922139994,3.82262979717575,2.95878219916402,3.34098991384604,2.9383072049423,3.77313053092236,3.73516042419924,3.5392834960514,3.60905126195115,3.94943180436921,4.31464383834044
"P11362",0.24863627136904,0.546958726773639,0.362405780151652,0.403343764036217,0.506527934460356,0.775562275671438,0.749627823750947,0.652615072725489,0.867739705030289,-0.847086647596545,-0.578696368292269,-0.501627939477652,-0.470026744819495,-0.114922972771346,-0.620624632758692,-0.179293535922232,-0.233808499014156,-0.51921886338913
"P11387",-1.59752514834902,-2.66917032871164,-1.86491807387335,-3.41995064270637,-2.96392043747517,-2.21142049991145,-3.45962165787836,-3.3124170315583,-1.70724893230071,-0.980276388378713,-1.41829700535444,-1.54970810404145,-1.765151055273,-1.79144893183348,-1.51509650656091,-2.02821332363766,-2.76081473568907,-3.62850622470214
"P11413",0.00188917955428458,0.360192700886261,0.851253892744113,0.441075975401473,0.595083345345236,0.881145315342478,0.323451028617216,0.722805056715581,0.735167937220261,1.38574061096721,1.49556987432712,1.54714475497932,1.28730677580413,1.23629213328929,1.4008836467271,1.29340229769146,1.10805438723795,0.981706784550452
"P11441",-1.9990584353824,-3.54048277561692,NA,-2.98857511863072,NA,-1.67325243608721,NA,NA,NA,-3.40431803624932,-4.17623203972034,-3.45510877615849,-2.5689721801859,-3.68594735017581,-3.99907259016753,-2.84766476805439,-4.92515307514854,-3.26149537169583
"P11464;Q00887;Q00889;Q9UQ74",NA,NA,NA,NA,NA,NA,NA,NA,-6.06726132201306,NA,NA,NA,-3.46040266290065,-3.74990309990484,-2.73001300634122,-3.26571246302611,NA,NA
"P11586",-0.0135201232352387,0.142363941710965,0.410866766310317,0.501913088606532,0.421411261714356,0.901388734457495,0.464177164208024,0.349752254255925,0.333842488298901,0.973905819943624,0.593334378072095,0.91403772983972,0.867343345386287,0.88903246118837,1.2642162091472,1.19961375341162,0.76039154249964,1.03201210625982
"P11717",2.68729841187201,2.74601485286565,2.76769581236915,2.78682712276241,2.70630737005934,2.51252923807315,2.79287347352521,2.73776003413096,2.76422913597952,1.5269395529216,1.90863676803359,1.81635540719569,2.05486634551866,2.22891554120221,1.80716242060907,1.89519738942954,2.14111609558514,2.15103042589121
"P11766",1.17233765141741,1.17698233371165,1.16194683617877,1.28901236134516,1.21415222817058,1.48399834437319,1.12003024549486,1.16809148869553,1.03576410891007,1.97253764125266,1.62134842260756,1.82560668675405,1.56778681948286,1.90842469330063,1.91915728340898,1.7859428764006,1.61557981355093,1.58731888007618
"P11940",0.971218051029027,1.19326289786687,1.71996227350012,0.796310483749703,1.2792126132327,1.19724774448095,1.39929773066208,1.10053493263721,1.24641717620982,1.89580552413555,1.77256020799554,2.04089133883967,1.63216982365111,1.53428389627073,1.70009698535388,1.57554967687176,1.53649635043944,1.68896195032288
"P12004",1.71726426984531,1.78221164192462,2.21169037948853,2.22774151156575,1.75337223478453,2.09212481327885,1.80949623782452,1.82903199901154,1.76486830961087,2.89930027230813,2.81154229763273,2.85057672147241,3.10232119653883,3.12477930968985,2.87518144778399,3.18603836288413,3.06206660947161,3.21252419834205
"P12081",1.41777920579359,1.46003742621883,1.64545879615659,1.46615137323982,1.49691895821878,1.4013280945881,1.68335712560754,1.4173624281262,1.36878676287469,1.99432869172895,2.23889486458009,2.31395808495393,2.43617733291744,2.47484700495905,2.34757025043727,2.20588612845999,2.14921833713779,2.2268133839041
"P12107",0.934486552836763,0.538084908002462,0.22890265289643,0.590817040305923,0.852142108617679,0.554989731861179,0.385445741270445,0.634650685804635,0.341227442899767,0.1905421281171,0.172010596019607,0.000697379643064266,0.01353738329232,0.537782043823157,0.451636831404771,0.688424981381015,0.506842709847332,0.466148601892611
"P12109",5.10861961918689,5.33607827652798,5.53763500457076,5.31920256916838,5.23210754422424,4.97473365958709,5.61882455072215,5.38917598233411,5.39923765685423,3.95118299674639,4.31561095399861,4.31405303762626,4.54766734259701,4.51122690051175,3.85709308148919,3.6979035258213,4.21681485097882,4.37961210271406
"P12110",-0.575307259619276,-0.320014848881959,-1.75286306484219,-1.44234758000766,-1.52703724134299,-1.11257722045007,-1.9724940578245,-1.02806924192333,-0.772419288234413,-1.55779475066161,-1.26998855814589,-1.36254666053263,-1.70599644116636,-1.28367913681869,-1.56971249258756,-1.70070106988514,-1.47574862302364,-2.24552198229581
"P12111",1.27724405573697,1.077006237835,0.712723961088011,1.21244746510898,0.827847019207685,0.924015194264028,0.848846881072769,1.170035378482,0.988643208889807,0.549483559757425,0.322697057189536,0.453418047532237,0.395906067045061,0.625453889502904,0.974422481427972,0.690176057518549,0.513763705162011,0.292898888822029
"P12259",3.19571100048581,3.0450464686744,2.46523102837592,2.63418193929695,2.79185004908346,2.76383540112789,2.54742050257151,2.94465956864742,2.87465110351758,2.34843136947855,2.38671140985592,2.35260607489018,2.13802526017621,2.4806152832813,2.51722839364793,2.54422859019436,2.39926310240433,2.35668511536778
"P12268",0.443087378994248,0.561169964745005,0.877326071858926,0.417659994140818,0.668907098925521,0.814776978159772,0.211924173032546,0.280109976300457,0.0480464244260332,1.15464668334916,0.159621106335711,0.903985252268935,0.528533263534486,0.315856111975426,0.725829320568277,0.623814659971003,0.597502222005749,0.529104689971982
"P12270",-1.70776421620871,-2.06479923544893,-1.60479385697051,-2.53191141486906,-2.60786584110192,-2.35952882929773,-1.60822452116082,-2.46232748445331,-1.58649677497975,-1.99557323978374,-1.63256832883569,-1.63652773200927,-2.24318074748684,-2.00459619618958,-2.32330500090857,-2.62030529384662,-2.35371926791288,-2.21568000016475
"P12277",-0.595548133073217,-0.533745807052901,-0.673937190352452,-0.650740942914323,-0.880139499054859,-0.444318156056454,-1.27378111945026,-0.587636740350977,-0.435053128314649,-0.334204558193555,-0.443408997932898,-0.452818822640853,0.274351277469062,-0.0811253188896668,0.329149935055478,0.331481635041841,0.322936308040553,0.442508856122451
"P12429",0.579431377059128,0.598300226109043,1.1303973812449,0.574314808946179,0.568778666321627,0.297007152662371,1.01510716770496,0.837323962109521,0.957134000436916,0.879750782416973,0.386194932316165,0.989586872514609,-0.0765857522487945,0.267927132562402,1.31319124508716,1.11640060939257,0.506503663465162,0.198037055616567
"P12644",0.842785209236437,0.624245778906705,0.996869814364269,0.285914847528876,0.427067969354578,0.0830406125174079,0.792770942962454,0.334882116440085,0.618711602033052,-0.920048826742173,-1.11748844233343,-1.39099093626854,-1.48877947805088,-1.99670734301291,-1.19006371838321,-1.82397195043482,-1.4044648149218,-1.97782020316016
"P12814",5.05472072139729,5.03651659693752,5.11947956493786,4.84244100279213,4.95580219440321,4.86363026423085,4.77844199251427,4.37945904554832,4.80219185000455,5.79791093250587,5.93705473832286,5.97306506097069,6.11832428814417,6.06271556527341,5.96188390126246,5.83730922698324,5.85641785270419,5.87671771148982
"P12955",1.35607471497942,1.75048678335585,1.93241910431617,1.71751870220927,1.72297908474372,1.61928771044304,1.69942597471992,1.63028948076025,1.81691941911003,2.16333510867546,2.16951324430155,2.23890623983897,2.5305107093113,2.33693995469775,2.25154591645637,2.15956535644303,2.08303296608356,2.38589780109505
"P12956",1.51160714259518,1.52821295300694,2.01030257864918,1.63129261478585,1.50623988049531,1.50145720317531,1.71783689269969,1.21437933768088,1.67314537227601,2.57191038137556,2.34838713673859,2.49716101843806,1.98406748067146,2.04790609596221,1.90752641844423,1.82403537571346,1.75279056294108,1.76414413195366
"P13010",1.07594346680348,0.657011129023447,1.03516599405245,0.544771355152804,0.43147073003839,0.935990525733992,0.734857375613922,0.42147518357136,0.53392925605487,1.41180161045322,1.39604155249605,1.53320340421889,0.952107289930511,1.14714734283199,1.09531251902803,1.02126819834617,0.845343703868826,1.09110957684686
"P13284",1.86498416644503,1.66539134805162,2.06806916600117,1.65031591007594,2.14581395870025,1.77678672196019,1.95527098087227,2.03874063396031,1.53459061645569,1.13578114137434,1.22657364556128,1.17220304326842,1.44476783990847,1.6763739114018,1.34904360981529,1.28031535179077,1.49505573220338,1.24424592973329
"P13473",4.75251084170286,4.76752772261828,4.90906029203814,5.30168604433974,5.26001651666358,5.00119786584318,5.19458741777425,5.14430898170816,5.39602314748398,4.18473992225243,4.05874087749821,4.33674452264072,4.14443234513547,4.37229680631951,3.85392454792381,3.82902903986102,4.15954040238051,4.32981702039756
"P13489",1.89691753921466,2.15409877665971,2.2935170126313,2.26500500865425,2.24348513692163,2.09017039744712,2.19591852997539,2.30094824840227,2.35002328664699,3.45751382049093,3.412265966738,3.48670432490717,3.62505158821273,3.45978020023822,3.24485044674065,3.3542361875868,3.444833173264,3.48182458686101
"P13497",0.825720993632684,1.05822295268382,1.15951292035846,0.451488755411923,0.635785733158075,0.790736839621141,0.760122231524697,0.152394562809153,0.841329192750658,-0.095513671357093,-0.321705115035945,0.000662325073021108,0.342844610164425,0.243062494504676,-0.226474991534385,0.193482032450838,0.00757341067939166,-0.0382173809896162
"P13521",-1.25647285949396,-1.29987777231054,-1.76657427490831,-1.22552346939558,-1.09971271413766,-2.31094913298919,-1.25157827113282,-1.28677384090045,-1.99321317515653,-2.92411907787857,-3.02446647232275,-2.26620533799347,-2.10286555738376,-2.85855903970235,-3.64277128773481,-1.93391165701691,-2.96658087222426,-2.52239200402112
"P13591",2.21718528018344,2.43509141378001,1.64180140247266,1.90556676371471,2.18488495301287,2.21937447296075,1.94136006436721,2.27632918263685,2.05873074761907,1.53317266168513,1.43190264372003,1.50340806981858,1.22760114495232,1.83971366885198,1.75747727342494,1.60941200644516,1.82193933221775,1.36547195235131
"P13598",0.872514399625393,1.00136005550733,0.918264883763642,1.23502927419789,1.47846321126242,0.829053263557071,1.20067701951315,1.22368480798009,0.841178074146439,-0.884616501218335,-0.613398559537801,-0.448681068179142,0.486981194827662,0.478641852579546,-0.202829083695905,-0.518589797321443,0.00129789298569527,0.562636632791872
"P13639",3.33585966742769,3.49101966602112,3.74682761223556,3.2987024954144,3.5026589004183,3.44098317498016,3.2587980076388,3.20398280410895,3.39741589962171,4.47130891785704,4.45509724981278,4.45900535263142,4.54930336954933,4.51488146316933,4.55755285050377,4.4272526405136,4.42059957370697,4.4577084274977
"P13645",5.0177152310327,5.00205452536876,5.90053884273802,5.89642956059595,5.5373997709217,4.97207371731951,5.68394743431499,6.13388342694848,4.23835836877619,4.36164283056388,4.11872957483578,4.21070916998761,5.57220859797682,4.2159690012768,5.92412887795336,4.64195690916127,4.67503583182873,4.33992987761652
"P13647",1.56546248766883,1.20158605733954,4.54970551443642,2.15143371314926,2.1132526102204,1.44408945582251,2.16305954793571,2.50248340102445,0.384890210801247,0.313005552122018,0.561898567536256,0.510764261259469,1.93883409108009,0.262955346372076,3.22986070492511,1.35482789372653,1.07655621882173,0.623756930650849
"P13667",1.15004938036537,0.90753655605152,1.32186210118323,1.21004650573832,1.00216703290157,0.80963882547116,1.28235843917641,1.25764228381404,1.33111455674539,1.79367358031096,1.97546245776325,1.68093913365777,1.80337620763007,2.1707148131113,1.8302384239199,1.94099186487184,1.55419769735717,1.37175515665111
"P13693",1.60255792393959,1.44035662480049,2.01206286047255,1.62657957249886,1.32037238842312,0.834378015257931,1.39932381868131,1.47760369985334,1.5567800511038,2.44847634374894,2.56068794059705,2.66548142598419,3.38668862061725,3.30586450889169,2.91507292625017,3.03615099314398,3.11462582450327,3.15686142209476
"P13716",-2.13736706425737,-1.17536588631021,-2.56508180455987,-0.721393569966382,-0.465946983776323,-1.19020224103265,-0.756064022323565,-1.64276594824762,-1.08476707484188,-0.908290437756417,-0.929012624696704,-1.59553219444963,-1.96906486247131,-2.06837241570266,-2.33513990103575,-2.3417264453793,-1.55919384785566,-1.57903990755018
"P13726",-1.81366280549944,-0.711784719514659,-1.31434251890719,-0.536129137932151,-0.435685406335592,-1.32720054452155,-1.16823631636896,-2.5336606762537,-1.4027298390922,-0.193812743279913,-0.339881760872183,-0.045612050343701,0.582430296369166,0.105523122058859,0.553610856668158,0.656138685134595,0.56250004890375,0.789217184256785
"P13796",0.361515241779097,0.424252744368843,-0.391517840343504,0.000207508205322782,-0.109917592671881,0.440121067578232,0.203485226118422,0.231119755844333,0.0861305924858531,0.103435626135507,-0.00111477896824574,-0.0222375085187938,0.320582879164283,0.4450411357896,0.714859738499278,0.310408791132803,0.258192295685634,0.602960978839656
"P13797",2.74066878467155,2.91555946611469,3.06523294649275,3.0453218424426,2.96675892714606,2.86600432920361,3.04626720802746,3.0097747335802,3.07201050533044,3.81274260166244,3.76243361671215,3.80890903243619,3.67629735822783,3.60362122698477,3.39558456320645,3.53557262496083,3.57452659762702,3.55354277692791
"P13798",1.19961294164125,1.05301487474762,1.72516458009869,1.71694830360987,1.66746749689925,1.38132487546071,1.62044383838516,1.53648280352803,1.52713098826791,1.55105218293182,2.06477197989148,1.9077851470215,1.97755514809091,2.06772647638859,1.77343431046923,1.85636147851994,2.02786593060674,1.81141194246717
"P13804",NA,NA,-5.99162292930015,NA,NA,NA,NA,NA,NA,-4.79357261283324,-2.95737601151637,-3.1523648346189,-4.2426656686923,-2.05054423971904,-5.71906992255811,-4.44274268233063,-3.61318142458331,NA
"P13861",-0.368037584227313,-0.643031526257495,-0.492826628877353,-0.363159629224961,-0.549327386537244,-0.942522930651814,-0.612859654458567,-0.76680414230134,0.0885788166730652,0.606517516719059,0.448464083994738,0.449648345816243,0.323920913643484,0.688845695070279,0.365836952752701,0.0899791751037426,0.172231970232898,0.0906203950358773
"P13929",6.32146968692144,6.43828967678206,6.52902408151357,6.70984635807771,6.37630251252225,6.52085320017568,6.47566347975285,6.20199632619349,6.6466816208664,6.5786490826126,6.72796074875616,6.95136517208703,6.58815261570372,6.77960748128719,6.61837658256774,6.73753393531179,6.74789767324125,7.00289929476956
"P13987",3.30354017944167,3.25669705901309,3.54262726750744,3.64243569200123,3.65260598592079,3.1122075754778,3.49293627301466,3.54732937248896,3.35647026164142,3.29430358880879,3.95641736963979,3.80957628356544,3.91697306522451,3.70620175165895,3.60581639624784,3.28140604643571,3.45777806432654,3.67993810777644
"P14151",-1.10275603484676,-0.913882312063468,-0.891061108104042,-0.327094873048894,-1.67085792410237,NA,-0.193550809786784,-0.709680196192477,-1.48229284365585,-3.3171217607711,NA,NA,NA,NA,NA,NA,NA,NA
"P14174",4.94277299356575,5.55534100927519,4.43800542002048,4.99889386501664,4.65611147731944,4.8288022320086,5.22357790941601,4.61845066041377,4.53433791041904,5.72183635260454,5.46620704090054,5.59752062556624,4.69627816014011,5.57610704702397,5.90303954867811,5.65786775462316,5.70036484909182,5.2583864085847
"P14210",5.17909297790528,5.46922252650362,4.6869890431964,5.07022636470565,5.21667073905858,5.46404981617246,4.87807905461095,5.43499742202375,5.29831577845082,4.95224541741759,4.79398907124918,4.62373718624881,4.58871774114485,4.88184112333642,5.12306388177426,4.97510745570602,4.94699502271532,4.86634065396519
"P14314",2.29057133281547,2.53411776490489,2.81333865916882,2.84456226247437,2.7937737900686,2.48754349102861,2.85977460981001,2.66752285420053,2.79350378717915,2.50094195358051,2.57064725881897,2.68934660376077,2.95181385124883,2.94598325792833,2.64338726606559,3.00521373104234,3.10869727950816,3.1263344003813
"P14324",1.31672254674998,1.33312300413097,1.94183102063496,1.40764034736868,1.32715753869776,1.5087131351698,1.46027565591567,1.69624819153516,1.3416692666751,2.1672842949648,2.4176971639708,2.44609286135472,2.44839405287432,2.47651652273264,2.15529136870051,2.40922015151084,2.51334314361139,2.58623833560645
"P14543",-1.41684179749942,-2.16199776099177,-2.45855797475147,-1.59591511956904,-2.45023077090789,-2.13860403456569,-3.53177762311266,-2.26525711193408,-1.79098741639151,-2.19701923219669,-2.18753079118348,-2.43517372473105,-2.15286743452248,-1.66682549781342,-1.84445982574648,-2.08034014148965,-2.31847534453234,-1.48805882059749
"P14550",0.778009336662771,0.490151468072733,1.01396512580698,0.611582543893803,0.544988867385213,1.05515964720238,1.0009680688258,0.797075504086301,0.837482972843629,1.83332369362728,2.08501140690705,2.08197755076369,1.98600421885744,1.92725194623449,1.81352104217374,1.74077047218085,1.79275680001808,1.92867284796795
"P14618",5.84042660104674,5.8661398737338,6.25626572491802,6.2241448473834,6.12128406546672,6.25123480879178,5.94982294541286,5.92295292169969,5.93247542843096,6.84947854746547,6.85631527016296,6.85672104705196,6.83920788473855,6.90567258024109,6.81911443605239,6.6139630340826,6.59974909929744,6.66359621726524
"P14621",-1.90350107870718,-1.12002228418943,-0.482139208465798,-1.01058018049207,-0.982513125907268,-1.49174344946869,-0.589689757487674,-1.67112995126975,-1.08513472879233,-0.644616683800834,-0.809429353533853,-0.349023385037607,-1.00058734633944,-0.741386065048478,-0.766158831057664,-0.425505776919215,-0.775914755044039,-0.717830084350918
"P14625",4.01087808474181,3.90549149429199,3.85992406930038,3.94879417319792,3.74472786336384,3.68384748212992,4.06790425061082,4.13614964214299,4.10197547264615,4.16736472778405,4.18319082260661,3.98529750019389,3.3306115723101,3.90317431362941,3.60724359962124,4.04619289381622,3.66784689543811,2.95605766307085
"P14678;P63162",0.0378840687622688,-0.161530982328024,0.0937633088867802,0,0.405426813628361,0.0875703106552823,-0.21336831370359,-0.255584761442352,-0.178445155266232,0.268869773967216,-0.0177642813747916,0.170813976466592,-0.903204087871647,-0.137765328467104,-0.309339308060281,-0.623242920693803,-0.837088896316886,-0.659847175841302
"P14735",-2.12873185143419,-1.71702969885161,-1.08879229137355,-1.90235575661303,-1.61099675754053,-1.63470298177846,-1.9680020156123,-2.0787413345624,-1.58583542962356,-0.785846255474729,-1.77391484010029,-0.751883449247373,-0.909062056272458,-0.886597618396151,-1.7040319616504,-1.67671614306743,-1.59669656835698,-1.51457219297118
"P14780",NA,-2.00521669774008,-1.2183659322396,-2.03598487848816,-0.905514071884165,NA,-3.46839991886942,NA,NA,NA,NA,NA,-1.49518022181298,-2.39531059415342,-3.1697015572241,NA,-2.34122272813128,-1.9845427230715
"P14854",-2.10478785254014,-2.00448651801679,-1.3861562096827,-2.51522084104508,-2.51708048060764,-3.34841161912181,-2.76190260758263,-1.62544180898058,-2.00995565003801,-0.407627948648745,-0.376507443722721,-0.326604164336876,-0.746956579491025,-1.19694669217265,-0.505562372968059,-0.480709350864933,-0.534041011288924,-1.14093663423862
"P14866",-0.260454811839136,-0.0618522384859421,0.402590288390583,-0.697475490407141,0.129119821323767,-0.678847818034548,-0.255963723934082,-0.515309753313904,0.0579325360029816,0.973304602272446,0.899723504510813,1.00321103948112,0.487776114905563,0.600300598377933,0.806562054448642,0.476073474299042,0.389827891367446,0.275938499292041
"P14868",0.819301598801637,0.839531341424815,1.21624601832509,0.569423539150931,0.517852759081334,0.829602211153118,0.830758242435179,0.805744068484298,0.730641457941081,1.67900797239455,1.66174496839733,1.67129998808712,1.52276893238215,1.49572713759951,1.66977741554636,1.60623281720439,1.37681543351895,1.45290415263942
"P14923",2.37648880864686,2.17842325647295,4.88650011180659,2.45698229136656,2.41031242897886,2.23342794524511,2.14711894805387,2.91936439915672,2.05161739590676,1.85451503333593,1.83072330800409,1.79380316334162,1.86360112202358,2.25234130758425,4.0618529372587,1.66824907835936,1.58263740961329,1.77789924781052
"P15018",0.929986951545715,1.12920694553178,0.833832207572799,1.07181102634387,1.22901379570255,1.28647067394937,1.28618096745328,1.55823061764536,1.16148525199528,-0.171678754968761,0.275922058066195,-0.394944829470009,0.0556392058190287,-0.376285406642549,-0.40743832956421,-0.230834546421583,-0.358926260146006,0.0140650032929042
"P15085;P15086",1.65500716289066,1.53000763442106,0.776128031192046,1.40411369091492,1.49665052336468,1.24765013583688,1.16633636342922,1.22033671259766,1.32682488367699,0.000755651139014546,0.418534054729271,0.44831127761079,0.518206982915084,0.640511673516595,0.658108866651432,0.8016988453747,-0.445001552468201,-0.520085586174806
"P15121",0.915398572435718,0.805482024793102,1.04982955412189,0.966779269880327,1.31543188252299,1.36466913438194,1.31234615456236,1.05472901855468,1.12984244451826,3.32034309085481,2.24601836744425,2.30847085407212,2.65448705882229,2.66466031400031,3.44312571976585,3.26363696738841,2.5405810586173,2.73821247125216
"P15151",4.72570621767636,4.62895657602178,4.92084107278265,4.84435127838574,4.63193347917814,4.18770212654154,4.81519141984593,4.80598609210845,4.56019546726839,2.81104979780808,3.33411629945313,3.48956089176038,3.46336837095656,3.61133575127532,3.15408560208135,2.67236375622313,3.44852050234481,3.25304829315566
"P15153",-3.26265965203915,-2.21685154972721,-1.87857135203431,-2.9668657427734,-1.81973077210349,-1.72283872000579,-2.23275461390735,-1.93769520516944,-1.86229521179267,-0.418512750505711,-2.74841763070883,-1.15718319966188,-1.53730319841848,-2.20536184658831,-0.893357103562332,-1.17815701195565,-1.54087830507931,-1.40747144421774
"P15169",1.72053537833032,1.73459815334128,0.758566765288011,1.15342642416585,1.31315947185341,1.67953364724115,1.41311374622395,1.30993423237551,1.33842446979829,1.19358465449118,1.20171113175252,1.01250135093237,-0.0157968820970655,1.3414937800694,0.873974273879961,1.36564513129743,0.565695197179343,1.24327597503583
"P15170",-0.994464693281301,-1.08767226514779,-1.34424153720395,-1.54744318907848,-1.31763960443808,-1.26118773052704,-1.06559960760078,-1.20241434868592,-1.21432179644549,-0.596858177746626,-0.695167215259659,-0.417283348680292,-0.578292351285187,-0.370660255087156,-0.445534415778445,-0.475618175784488,-0.346428600674532,-0.456477845088704
"P15291",13.6749303463829,3.64893129132676,4.21365123284541,3.77598958578552,4.01939352687394,3.67267413994822,3.96322635526808,4.04939519630198,4.13714677221888,2.49070936538212,2.81386952216592,2.86060884204816,2.90764321744584,2.81287917786293,2.38627825035437,1.97530548773536,2.551448744964,2.78079488684284
"P15311",1.53110963157704,1.32001204724584,1.77639516314859,1.58810680562214,1.42240544160122,1.40914938723538,1.3838365579857,1.35476581058976,1.58406072807512,2.24851867182129,2.36756837145885,2.50061315403091,2.62038440402114,2.53793734280133,2.29018128104478,2.43570761137203,2.53348578855364,2.62333150009774
"P15374",0.976418490876227,0.386433829964435,0.845854368426146,0.517301337125499,0.557330822626698,0.814427404916845,0.541159740466219,0.320890252943254,0.411641367346633,1.07430011852763,1.12765021658584,1.12798172155361,1.51007815061149,1.36130327852602,1.37896985600396,1.27363348981558,1.70581653470695,1.59638798835969
"P15514",0.708801307876751,1.19280516466335,1.19064276019507,1.15594416964517,1.09415225308518,0.452311351871709,0.9592230449948,0.848367123183154,0.936337828945067,-0.313130842913013,-0.612038380403217,-0.0934957092791002,-1.16191416332955,-0.865899702002436,-1.59374113142669,-1.67970427117304,-0.813019415067545,-0.46103278462296
"P15529",0.523718767633866,0.216224743815415,0.838172436793501,1.18255216214816,0.989659648810379,0.749019467834348,0.783717385457573,0.817853343783563,0.713938235606561,0.524846978797866,1.00090404345826,0.786220647777201,1.3716246588199,1.15935664065887,0.607138186283121,1.08622306439652,1.32079999872935,1.33565779715393
"P15531",2.60291848413275,2.57344354380503,2.88259947621193,2.6547689646721,2.6793831458286,2.48777783297679,2.69072015578952,2.60932659259248,2.60510897585606,3.21346246873698,3.100037045428,3.28602700875515,3.47621303779271,3.52484499956937,3.09696791791473,3.0975587344606,3.40407669042965,3.37411229440367
"P15586",3.90470739249846,4.11318418260664,4.00982919270561,4.23767844908281,4.21000459285278,3.94387788368524,4.29527230220362,4.39532455568497,4.30336500661666,4.40746154525429,4.63593516138535,4.4188071291468,4.67565670098528,5.15617702322351,4.70309188563835,4.91976856508717,5.09969924830504,4.53065318930348
"P15692",4.41275745539724,4.47160025587979,4.80444047131173,4.64698368962073,4.59607203104856,4.33877010818176,4.72911839879183,4.60344749075072,4.74825839165819,3.01105403742541,3.35040100829378,3.25884045163995,3.66862102728302,3.55718335741786,3.32662872420818,3.18596813367158,3.49258477238002,3.51535197389228
"P15848",-1.82003918342554,NA,-2.53441823296995,-3.07764110683556,-3.11902858954296,-1.70603671784877,-1.7998413584201,-2.11360197322115,-1.45549367471137,-1.87125820410859,-2.70276425819824,-2.66474513981582,-2.36373873037125,-2.57361416847262,-2.74980713615239,-1.89171723093861,-2.97890394114002,-3.55944986346719
"P15880",0.355567618503866,0.26711718160022,0.563659482577517,0.435727862671271,0.670341087661024,0.640442564270201,0.318805977048068,0.323782516624545,0.766020811757357,0.93713985732685,1.37495552884627,1.54609390030206,1.3699783599325,0.920933879951217,1.29348278821457,1.50328307717209,1.39070606839998,1.19093568545995
"P15924",3.19828915711477,2.51422462739238,5.64345234317704,3.24248857135041,3.30317686529014,2.63775536628109,3.45746061546365,3.60990663830022,1.79980652361775,2.52002866671962,3.17273381906161,2.17009941427117,3.50568849097789,2.30330886461166,4.5274169308398,2.17284822571713,2.70754850388427,2.6596691102127
"P15927",-1.18048334305037,-1.59329684505513,-0.943208252453279,-0.830539592681993,-1.05867412424827,-0.608460670529938,-1.34228018163345,-0.711696768182217,-0.807840642112708,-0.476645670904445,-0.366799331412034,-0.313375493527813,-1.19263125387582,-0.299631544366353,-0.809734761187249,-0.502380670203749,-1.0882291902227,-0.980571527154601
"P16035",7.34968149416842,7.37553198743875,7.74801124178737,7.59989487643828,7.61878932875282,7.37439521235134,7.60838826704823,7.72717745230642,7.73060265085511,5.68350854887312,5.99380610612913,5.94412947142789,6.26916817713751,6.31573078070159,5.68837128691029,5.76781538217753,6.19248500839285,6.01226306308915
"P16070",6.16196327986282,6.23031423051263,6.24891049035677,6.53519419291424,6.49983133499649,6.35972106465246,6.36405752677928,6.39690540544305,6.16953404035021,5.19280872573113,5.38349627158336,5.52227551849002,5.94129754737209,5.73066511453174,5.4078085098828,5.43333280040225,5.7043901656912,5.70804021348209
"P16083",-3.13510822251539,-3.48102334904231,-3.03174861533283,-2.78423660228754,-2.59366272062155,-3.01273990831915,-2.42740737646842,-3.00888377329165,-3.37801088854373,-2.46387934860385,-2.39371446272579,-1.54512684365655,-1.46743878683908,-1.81726490728505,-2.43517797087937,-2.49612340435867,-2.02340891797542,-1.41686264511026
"P16112",1.20343387365807,0.812544315848644,0.636085177002384,0.918261461065139,0.418455878206442,0.537413657039275,0.852724012330849,1.10886158048976,0.72925861813259,0.708595808076899,0.664632729917148,0.0832390497786388,0.357932074703426,0.376258243648936,0.372548459959043,0.0289352205712827,0.0654864540110314,0.445110418722297
"P16144",-1.55848782808813,-2.05485406398967,-0.767227823083261,-1.95498176423001,-1.27001581668969,-1.54296276349016,-0.468247394850973,-1.40697174648517,-1.33068842500594,-2.37966332915194,-1.63106710300149,-1.06974646051834,-2.19978902878459,-2.87779121675645,-2.72780644321827,-2.51628447610973,-2.1706272611869,-2.56514599049224
"P16152",0.699848078140057,0.749825598228378,1.26485160438809,0.894550426416464,1.02319847168301,1.06136679971701,0.864290924102139,0.683741866819203,0.670253718232004,1.12537066467863,0.848795941600514,1.19654099284023,1.12378064708841,1.03584252837266,1.08260052802648,0.39705303039476,0.53018241180359,0.627422823135625
"P16278",0.540774210273421,0.118942180319499,0.316801277212154,0.391384017527429,0.420358370087984,0.0432046122212562,0.377314632834945,0.350562590566545,0.135360824387602,0.781585184006222,1.21660860157323,1.22188617611427,1.78586017041655,1.680982951752,1.46833380145809,1.42915700779565,1.54599567869231,1.45822661441052
"P16403",3.68318474052932,3.99199797520938,4.38141814147029,3.21470569858375,3.02043804561377,3.03793622484564,3.73823085617093,3.15778939389793,4.04436074161086,3.80645566736555,3.31063392453758,3.61037903159811,2.39342194717797,2.31159066247278,3.05101910923442,2.36937092720836,2.14987624859678,2.21829561218868
"P16870",3.33464498502366,3.4053887088696,3.86822760118261,3.68458361601699,3.74689784993389,3.45722622586681,3.90305028952858,3.81975963709805,3.76652748608674,2.27418122098359,2.73077242762353,2.57575867233058,2.66166093757752,2.46694162501192,1.99863232071904,1.85834517422246,2.13406675449909,2.26602571483144
"P16949",1.783126449714,1.62635622466496,2.35201713014854,2.03869480369945,1.9873997125532,2.08097771246216,1.95088217365009,1.57039325946702,1.94421538947113,2.61103668432208,2.78554179845383,3.16012427557672,2.68719049153492,2.50444180954927,2.46282912467509,2.68396884067104,2.75763586526703,2.97149160276707
"P17050",-2.16254474803466,-2.33703961492468,-2.47437326834357,-1.64447007436496,-1.5269285970991,-1.5767359636981,-2.19977065695488,-1.72791178608033,-1.95652989394066,-1.70566127857895,-1.95808856109593,-1.93603455464889,-0.830674796665912,-0.656089757912329,-1.42809811950353,-1.57851509109875,-1.38669246793211,-1.24084123502685
"P17096",1.17441160567111,1.02151572915521,1.83931610019425,0.956041687562323,0.149307019495577,0.877552265288942,1.09139378378983,0.256173273141973,0.815370281420901,3.530274811577,3.23995264326841,3.32237783735097,3.34310711657155,2.90881987920808,2.9671492174751,3.07792646157794,3.15381709690307,3.15242494534184
"P17174",4.14435917631582,4.31289716315457,4.01311218845009,4.72965755113306,4.61447602704384,4.55602762232872,4.57446593911469,4.6508888863319,4.51140495113176,3.59843626553433,2.58769921462512,1.10926812185625,0.46968902651982,0.838448248339956,1.33895556733463,2.72433066512848,0.126343828770667,0.206864973252982
"P17301",2.44456713202485,2.62260226762642,2.19406866634532,2.8696466086371,2.62779829516297,2.49739087704589,2.66129250460984,2.64853570597218,2.81810984903705,2.66032393427035,2.85058351180851,2.79740381433531,2.71372702402451,2.26470315340603,2.42847713694938,2.20423662888432,2.44656530568924,2.25597233990667
"P17405",2.04015021303913,1.76675502215082,1.97152759257597,1.73054754254477,1.61966531218508,1.23735245973829,2.00594169039328,1.87550229171249,1.76407578237434,0.236820370034932,1.23264805305494,0.862185744850869,1.44549319755565,1.54781614569165,1.29118516612413,0.695467896521583,1.25696728279273,1.41410911059708
"P17612",-2.19758270981147,-2.21453382766306,-2.55023179412356,-1.25667170656947,-1.73475915992737,-1.71944186232475,-1.85683045594309,-2.30222993407663,-1.34046965059748,-0.249361118495065,-0.52075661860853,-0.899888918560006,-1.44875323290642,-0.892197774670467,-1.43806010780731,-1.71091504288486,-1.62282748691743,-1.42275136534633
"P17655",1.2618204505367,1.30811075998513,1.68924765303291,1.45365734177678,1.43618694568373,1.41526258303354,1.50221315819551,1.48578716084931,1.59025488704013,2.32541491797145,2.17448735183491,2.2048376900725,2.08675815103587,2.00142851771358,2.01658212356939,2.02193466967168,1.95687728731848,1.81692504115992
"P17693",2.55758983684841,2.49130878445393,2.64075316765834,2.75042592094459,2.73305710113466,2.71861760353581,2.61574476815823,2.28913433167912,2.54399086833875,1.8573954016886,1.93035291289999,1.96173633243708,2.76351703486073,2.08338734265295,2.22846513186147,1.88037710355986,2.34407535595689,2.70041011614022
"P17812",-2.76293294753574,-3.12459781240407,-2.18628908086182,-2.44696250438419,-1.5502720151966,-1.9154184202341,-2.57395386075714,-2.37171234723234,-2.18412947281198,-0.348492123253223,-0.410536617872668,-0.772905307718416,-0.657688210807652,-0.331596044435816,-0.481758857566862,-0.0403226946058695,-0.762895641516806,-0.337574776906589
"P17844",-0.954688277985495,-0.594342097178867,-0.0511235903589675,-0.947083025271827,-0.969135369901673,-1.37938913207292,-0.919854028845764,-0.607059424668819,-1.17809546072113,-0.248358183359013,-0.381193781488039,0.16022087530639,-0.199915367337049,-0.482590850540438,-0.0784204152008261,-0.31738527306705,-0.0353092725601503,-0.595748134721157
"P17858",-0.341759299582186,-0.365926456010348,-0.188977167338921,-0.892433909119401,-0.557043200219909,-0.122152343031644,-0.460181696640744,-0.677592668119041,-0.371703128639828,0.181026432022129,-0.704970739686916,-0.180002785196539,-0.248238916601014,-0.157262407201067,0.247977481910061,0.142401926175765,-0.625204493084079,-0.442591192178694
"P17900",4.45542443514546,4.12889211823098,4.39493652283009,4.63234608532977,4.38832682022757,4.14646570802689,4.64598015325743,4.59348584879971,4.47628384912112,2.99771313074308,3.54642869415885,3.4474670120174,3.25194922480473,3.69493176422867,3.29383144301103,3.13345716240558,3.33746494537212,3.61904352800959
"P17931",0.84105311561609,0.535319492929123,1.62501930312031,1.29644147369665,1.87978495548673,1.66874414039172,1.41880020402411,1.65869240681304,1.4106369181741,2.00719296498308,2.19123047718039,2.35371243543473,2.49490960494469,2.40410123046708,2.41337292869335,2.08140490623,2.44288638671192,2.30946229237475
"P17936",3.90824220741044,3.98201910188043,3.89071281569305,3.99745256679987,4.15176935005259,3.96514705611097,4.05636116220668,3.88122205298295,3.96110048604444,2.88543127900197,2.78653485500051,2.80733921500892,3.42669178236564,3.33963296688772,3.46179753934447,3.59524233960277,3.49658915776843,3.58817081892353
"P17980",-0.293494348788704,-0.807491623766768,-0.142767059997315,-0.505750849427015,0.0491026129869852,0.0238845570913107,-0.278628033461587,-0.387457941463706,0.00187539870250575,0.451447717099535,-0.127803674849135,0.152447706475106,0.171392464313339,0.138713599817182,0.182453952434399,0.108985650615084,-0.0369386173142612,-0.0384728240748586
"P17987",1.5617955505554,1.82123071090176,1.8110001901048,1.46127868963015,1.51959371354526,1.52647273258876,1.52664648333466,1.31142912269663,1.64786539971118,2.23451614027822,2.05854797835057,2.23830815500703,2.05768003373932,1.9533133010301,2.18480540263174,1.97856788568543,1.85673158809541,1.94076075866243
"P18031",-1.79037022443783,-1.90347524784299,-1.31310177095687,-2.66979562774898,-2.5660504401586,-1.65461329771644,-1.56583476498614,-1.50177581265865,-2.38777250106029,-0.245811169507579,-0.71200237460757,-0.951115479786119,-1.12352704593482,-1.09962313028696,-0.587885860924794,-0.998781212105929,-1.36053204161715,-0.927178264809331
"P18065",3.32413478833321,3.28460900512296,2.89504753159548,3.27152650337684,3.66697968210558,3.87302373895416,2.99831259894143,3.27241835665098,3.12406170862511,2.84321716835842,2.74536486765186,2.89091705314678,2.87716926097298,3.01472311868246,2.95331035095895,2.87508505631907,2.89485269192532,2.87397025339382
"P18077",-0.726029801625774,-0.572036416173218,-0.140509433019893,-0.688010004713909,-0.849996580644006,-0.72174801005695,-0.625817378139639,-1.03494446404824,-0.755162765536598,-0.13302968102459,-1.2578792948982,-0.225661858607559,-0.681261677377191,-0.699423865599348,-0.495089002162911,-0.278826224867441,-0.196565565394414,-0.281218486180911
"P18084",-1.98516799744679,-1.03573967090999,-1.19294657957998,-1.31684029191469,-2.04134071286521,-2.39007714442062,-1.65774373459835,-1.63054934832698,-1.69323721569779,-3.47954225197943,-1.64434455842027,-2.56378558935997,-2.39726442941828,-2.61047654574223,-2.41897785000879,-2.30065733712597,-1.63991435364109,-1.69610849177346
"P18085",0.545762286877958,0.618341756703792,0.657655383013219,0.207684315426858,0.466352599026781,0.632628567252732,0.116076406884535,0.120201035534418,0.702716549922282,1.18976942053495,1.21012822596214,1.05727256151067,0.92688726998224,1.2034658977347,1.66853952267751,1.53523463224467,0.988294692851802,1.34635119072108
"P18124",-1.16093459287084,-1.19022596328738,-1.13348581540388,-0.845933868857232,-0.581463542636825,-0.429721337197892,-1.45463511988528,-1.3606083121325,-0.760926279677607,0.253354070850357,-0.211245218942564,0.00590816118734949,-0.115892965328326,-1.28582852377288,0.111689408689735,0.373962846630523,-0.135063423993479,0.0446665585293218
"P18206",3.55137402555776,3.64271529740433,3.4629361083848,3.51311891503259,3.63244661496552,3.57995960505753,3.39941688316969,3.62736828752039,3.50091780790756,3.69454732156429,3.63442221597127,3.68543786939487,3.71968752891088,3.7309663948042,3.69233136424871,3.70025699547437,3.65640773646415,3.70245149941934
"P18564",3.30910881973786,3.27973510735205,3.04648340682337,3.75644894367448,3.66305006765188,3.58130757015294,3.35608184074625,3.31699491014002,3.42057460487078,2.61623043041172,2.7810826720059,2.79412129437729,3.53470095052062,2.38258877315699,2.61172298518422,2.7525174409689,3.22708966132515,3.22040145017489
"P18621",-1.21434413021044,-0.592892916452189,-1.19625816781991,-2.31162897960034,-1.17467616124256,-0.954079816151786,-1.29715085344709,-2.81640457999246,-1.1412817902204,0.274413087117724,-0.231395683297322,0.0349869682918378,0.164295631507876,-0.205141876569332,0.461413269336029,0.22085826644096,0.213256276491057,0.525872148132397
"P18669",5.08979492239655,5.22739715232769,5.56730388214868,5.54687433936966,5.32772380073804,5.35577207139275,5.22662390580954,5.02905675704263,5.13779399852049,5.43111120408741,5.3999799993087,5.45822453862967,5.08143995093285,4.89298497815811,4.746434580412,4.85805188514235,4.94230942964422,4.96660127705536
"P18754",-0.791033071696051,-0.508835108185071,-0.329250477911904,-0.976824785268812,-0.494906719578932,-1.07850646611077,-0.99205653110633,-0.875000920444862,-0.579164295718963,0.0572689739115848,0.215627692666564,0.147983799397931,-0.353745293246186,-0.432963096007597,-0.241398679584949,-0.483137410197841,-0.687548559217137,-0.782450394310794
"P18827",2.59187284371438,2.60110418903718,3.35092832934766,3.61663752084946,2.60489112708821,2.92291861284437,3.56225164686268,2.99591298797354,3.50727599580446,2.04188334529749,2.06841628218954,2.51544732637482,2.98529525598779,2.78786093291004,2.22973514895829,3.1345033536822,3.02732310936708,3.06545816748523
"P19012",-0.345691517012074,-0.277229237725576,0.00431613408548515,-2.3890911395181,-0.837141417598636,NA,-0.0827374066823907,0.36144848938406,0.136225268767758,1.43935058874851,0.864069734116727,1.14178690738682,1.28443246995288,1.35760793374095,0.89738468204872,1.17732277446724,0.86183187809784,0.585114011962798
"P19013",NA,NA,NA,-5.30589212588736,NA,NA,NA,NA,NA,NA,NA,NA,NA,NA,-3.09520725974084,NA,NA,NA
"P19021",3.36070634061163,3.4719637854204,3.56626550660826,3.58969216523987,3.63423801774241,3.52804183727372,3.58533688024085,3.69440498664636,3.5971430928642,2.27229636924972,2.57389216832075,2.43880016269953,2.71305667312313,2.80104916228405,2.5742539621267,2.62667588189553,2.6310007964883,2.63588610632337
"P19022",-0.125158634148773,-0.269935668783653,-0.669567596157449,-0.787825308809343,-0.566655987045467,-0.265809388726273,-0.468212972113859,-0.190647078954623,-1.00768043062258,-2.80615606105582,-1.87768852354772,-1.91715607291428,-1.88722367877722,-1.95726421326162,-2.4676282426961,-1.63066743877914,-2.02666397491308,-1.17655725124881
"P19099",2.29118035980973,2.41040958283589,2.33316134707474,2.22130265471759,2.84133029524169,2.85180306395948,3.17081437265066,3.43726019422165,2.88570718998256,2.72733238159972,2.86549109603124,2.60318847059832,2.0943598571678,2.65497899423443,3.076530863982,2.97167731344365,2.61188535515283,2.79904299065545
"P19256",0.455103774493008,1.24202892471941,1.2699623962586,1.32788018954498,1.01127903656983,0.644304786692295,1.05836889900869,1.26229101168748,1.09710848505287,-0.233800696744993,0.557078939684603,-0.0404047780057653,0.825936633975793,0.150158994439229,-0.111166920056466,-0.454558406147974,0.590519409156078,0.565265074936688
"P19320",1.57157248898068,1.64986763091267,1.28970477425028,1.62938921908834,1.32745773068287,1.44243837815857,1.25959978940757,1.74606273444123,1.49492697988638,0.858715341458529,1.10058825861694,1.0600713859998,0.837088331864125,1.36035033921128,1.13783359050671,1.18353739894147,1.40688082713939,1.39304759961166
"P19338",3.73648257864272,3.57467737449368,2.66022628041715,3.66672569676841,3.62012859839713,3.39310801262941,3.80180915272776,3.8632392861619,3.91504745951319,4.65496425193836,4.53341111242097,4.35580595830652,3.91673030104572,4.36953699487242,4.31199122105595,4.50580691592464,4.24399358794161,3.57599614103814
"P19367",0.559763479608991,0.397496483025435,0.67631161404363,0.424357023463026,0.383151384641865,0.489252237635318,0.584436776944878,0.497896786666656,0.592969425961009,1.65261065093391,1.70195720745691,1.7284192026867,1.72744242838495,1.65134615813024,1.68776469607782,1.36506702566185,1.48718956178659,1.63413781165329
"P19438",0.940232912572013,0.925353947086039,0.976448872969863,1.38808386756815,1.38884010661183,0.409302020266541,1.08598404330292,1.09350621911229,1.20430260810394,-1.29292836935204,-0.828163331487733,-0.84890546373618,-0.205032453069574,-0.743350398911502,-1.36535603103146,-1.24249352424208,-0.756938432095289,-0.386534985218596
"P19623",1.10646846577143,1.13115772365338,1.64142585811522,1.5023623942052,1.509267839238,1.58962660317689,1.40417979010336,1.51005538413509,1.56156654221107,1.96580015639745,2.10384706901689,2.33747025541505,2.1384453973971,2.05431494553114,1.89096481174596,2.13231825570404,2.17630021805978,2.27884951889629
"P19823",8.92465982159493,8.77968869057724,8.5446953035131,8.63664421187508,8.61708020259361,8.63199232022991,8.4280483670395,18.8346362726522,8.65498165014663,7.93739853038643,8.09881915118386,8.20199362948938,8.24379746671172,8.71196223020009,8.3288769422788,8.31519770933908,8.26871318586014,8.11152997158565
"P19827",4.95273540454086,4.91584967488662,4.83950866139787,4.43910796114185,4.74019426114974,4.37236262788839,4.24152958537126,5.08967066406416,4.97480457322516,4.15931033396992,4.33084232245645,4.12714841230794,4.31935163414946,4.73000593493973,4.04453494215658,4.09862804040537,3.88053734672294,3.47659809250659
"P19883",6.10399271497961,6.22863834809322,6.39947266233878,5.93853327659825,6.13042548577932,6.11053116738808,6.24004779339375,6.01990030854503,6.14075069928783,3.84134266790295,3.79752641156112,3.80731847219766,2.87534583293671,2.59790394719789,2.90242756884839,3.17659462147928,3.00169046740517,3.03646280367206
"P20020",-2.41398497817447,-2.36526869179213,-2.53145904316466,-2.17259915876147,-1.70923779219565,NA,-2.17387304013837,NA,-2.50550641694282,-4.4509707251077,-2.9701784198972,-1.65530274164056,-1.85688993996883,-3.88664679739363,-1.19495327949947,-2.25354659028561,-2.56623743735503,-2.19263408091513
"P20042",-0.173866821083642,-1.06249868968796,-0.71099232898988,-1.41397074613291,-0.91609188595038,-0.859428386075938,-0.413677301900925,-1.34903288703038,-0.505451194507588,0.385229594175291,-0.209035834592878,0.0650515634903623,-0.586501265460272,-0.172953483782546,0.0507316824188599,-0.192909156629248,-0.645610005183739,-0.78612523332289
"P20062",1.34577464002289,1.24221276894628,1.41371353496877,1.29318515659937,1.23824078224664,1.0342784395703,1.50513365331163,1.42849043857293,1.39522347364895,-0.376569466782364,0.113410969570745,0.0734367975154182,0.0399428946900002,-0.216578700092485,-0.543876376861106,-0.873801708923393,-0.609267425358861,-0.626740990612529
"P20340",-0.826879551938919,-0.793679236003527,-0.205722592386827,-0.618251135210466,-0.355166646469819,-0.287884362842194,-0.530826290923257,-1.06461842728366,-0.527735348246053,-0.0060163625102998,0.0696682817329943,0.0555812816247307,-0.196644363643435,-0.128010606538457,0.0373759057549101,0.428336175809378,-0.179235882453685,0.260033885185523
"P20618",2.5825601753941,2.77683560400604,2.83079841400404,2.75139036727775,2.47349409659229,2.59415935052016,2.73751283400342,2.79494116590959,2.59021274983788,2.57976765661617,2.56358475312486,2.30060253532489,1.86392833701425,2.40272489109463,2.43169186891226,2.5386368163707,1.95464776327127,1.7784999255109
"P20700",2.0033254025824,1.89762504208836,2.36064925350355,2.2523906190909,2.20968232464041,2.20293557323763,2.04780215415832,1.78990569695199,1.93978726251259,2.60930523601925,2.50830362135432,2.47930153570274,2.07996452174703,2.15861934214589,2.29149808153161,2.25512935006415,2.10682930988669,2.218091299979
"P20742",8.44507807072847,8.36378500968861,7.86212620225618,8.15946398789796,8.26717668081076,7.95879472596817,7.98760926872753,8.29818071567321,8.02289681276415,7.26142529293637,7.60079245201648,7.32942219172516,7.56688756958231,7.85199698508952,7.78653131099496,7.29323916486792,7.45203376930611,7.40815353079691
"P20774",2.11068954744603,2.20745651885278,1.58160439761435,1.8893987898078,1.96243908329181,1.83337088229544,1.89374469543689,2.11233312542048,2.08713287142878,1.62665256972812,1.54392573960712,1.56051840194893,1.30767864839039,1.76408038038722,1.46703432377528,1.52965083967346,1.48513979540447,1.54131233433904
"P20809",1.84180054331396,1.93427027937127,2.85179409797839,1.73780105540754,2.13645929835531,1.51413123543499,2.40921420981759,2.25664079451453,2.28511102123459,1.84594803920972,1.5881176871894,1.93383724387849,2.03784446186443,1.74633628690951,2.20954494208654,1.80478038385517,1.35123437663804,1.71537844722694
"P20810",0.3722129942092,-0.161350505693271,0.779241392272716,0.674289755132149,0.458434490583731,0.436434502578827,0.575141834595581,0.245180289380199,0.165123226038821,1.24810102341295,1.44726770067754,1.5694736561086,1.29387938197141,1.33772923740502,0.789098226985169,0.874306113093787,1.13536037046993,1.1892871762362
"P20827",-0.011114938817931,0.565366037197675,0.245934438368439,0.222683818296296,0.188161298267563,-0.0492434799202108,0.405535208000858,0.0287652964985661,0.773108336180005,-2.11150245964813,-1.91842588428177,-2.61286861378709,-1.29744013938374,-1.14792781857046,-3.0162069764659,-1.54026831149093,-1.19982417151032,-1.47224612925331
"P20849",-0.370051863814195,-0.0932853967227683,-0.784708744696021,-0.509207599617527,-0.166599289666692,0.0176087780106275,-0.601821158056081,-0.0908609626967003,-0.209597381773197,-0.17440384883416,-0.992126668493878,-1.19032717436905,-1.01433529285394,-0.880318961383464,-0.48447779906419,-0.611999327351181,-0.679173264305086,-0.879968345897014
"P20851",-1.88557308453175,-4.92244706098505,-1.81914623325153,-1.82757575093492,-4.39913121252177,-3.11864572874103,-2.33019621428913,-2.12809584560515,-1.17598838905646,NA,-3.56090931802457,NA,-4.6519857821525,NA,NA,NA,NA,NA
"P20908",2.35781563679683,2.43315847689018,2.53204139948745,2.23683194628627,2.1931362222085,1.87488585702905,2.27852232055707,1.74112040364301,2.39701809463294,1.03328857626882,1.27270389477587,1.39105667090632,1.38665186976309,1.29911718029264,1.14551018878483,0.99328890717018,1.353450554166,1.40086251775272
"P20933",0.175104387888696,0.539744325595912,0.277344694957867,0.105018478679179,0.86935861903804,0.424227076118504,-0.296834912947483,0.784097502651331,0.429957867566552,-2.29049794582301,-2.31380292396399,-2.40022672642932,-3.04667870650781,-2.30933840945204,-2.6600212134022,-2.04186732606085,-3.49403078474728,-2.65990451276826
"P20936",-1.95758508772756,-0.971181208666294,-1.37998944168078,-0.672263088778891,-3.85610628992997,NA,-1.5043057687075,-3.3963581557792,-0.644038126627199,-2.5311681492048,-2.5181789460372,-2.80828972767903,-2.02635321332938,-2.67654530165709,-2.39524210701013,-2.70027761486434,-2.81113124438431,-3.38863435349697
"P20962",0.487205658231368,0.703300733656006,0.658202259836699,0.924276343644067,0.788317614444031,0.809746496155153,0.137427077565954,0.576827955106168,0.336387723297031,1.0969815751978,1.61683579745014,0.966446710126066,0.990367138722787,1.66830864963313,1.27399299472061,1.64114269842186,1.27448919001061,0.0783111120756637
"P21108",-1.0391140800752,-1.57176046770684,-0.959910124163266,-0.632049745313478,-3.11554607566089,-0.502031549470571,-1.12249640789375,-0.473943792766709,-1.97757850354657,-0.294933800818411,-0.566035251413556,-0.358986437541633,-1.14096210091423,-0.210999189008469,-0.68352527086335,-0.903321158596031,-0.753495433588836,0.0149535639153999
"P21246",0.04879451106574,0.2814436362604,0.336479168922677,0.612545747570151,0.364990099938611,0.0219297938182379,0.373179481093398,0.591199428726917,0.568476535355371,-0.948145834496907,-1.13892722299437,-0.949602263278392,-0.916309421527115,-0.823926145130845,-1.4798191995284,-1.45578942672358,-0.705481564086833,-0.324036640833917
"P21266",-2.27018430892706,-1.93360682521706,-1.65235989551478,-1.87356997142445,-2.40175778371733,-1.80182351760056,-2.88264647777901,-2.47783456925893,-2.6058947564631,-0.631049511196377,-0.459680579765294,-0.582026394485015,-0.085285876173181,-0.57873883944759,0.0897666922285598,-0.569936556451021,-0.616122893008179,-0.5067851001576
"P21281",-0.81704381419511,-0.930538473462088,-0.66233735190883,-1.29031636976276,-0.628267919863045,-1.03650700726423,-1.91007598948311,-1.56887484196154,-0.792504699362429,-0.595105919527893,-0.521034875394341,-0.418268754592441,-0.574771205718435,-0.431770371193807,-0.444645426251295,-0.457270695429482,-0.435531381612114,-0.508698531712166
"P21283",-1.70208909090245,-1.10354692815457,-0.971681915737448,-0.71669176422285,-1.2250028732062,-1.10087305851144,-1.27112495678622,-1.05378388076216,-0.796561689845121,-0.975630674811355,-0.704384301870256,-1.02784660198821,-1.0426879988066,-0.609748466423767,-0.6095670928546,-0.684549490123483,-1.31531444578829,-1.17051349625222
"P21291",-1.46401356254739,-1.48684414912558,-0.321118924339533,-0.649597687157621,-1.53227657815519,-0.805080605241787,-0.604103345067686,-1.38138202229365,-0.76088388908858,0,-0.142096903747696,0.125071602481691,0.106408442140406,0.25612921190997,0.548254121885972,0.168327131198506,0.330114864220681,0.298487792592379
"P21333",3.50436768168695,3.49513323974183,3.70347435626459,3.23457050994031,3.37022023094746,3.30784808434892,3.22301914398853,3.08019309356356,3.39352612190671,4.20942224950668,4.27716864791685,4.36892201009996,3.88968164309333,3.85359668407432,3.78003695385574,3.40611572407265,3.54571307086849,3.511309457681
"P21399",-1.26315164445163,-1.62628639148097,-1.30109786302826,-0.922679675928958,-1.25979720874054,-0.871098162925465,-0.898850026096149,-1.18144709165795,-1.1166353554436,-0.378777895659567,-0.358632332149117,-0.429435587708119,-0.623666329336601,-0.272667946118718,-0.163530131241147,-0.0860832994668481,-0.174413227693998,-0.280504228871346
"P21589",1.8133233829344,1.85705346634301,2.16039311415933,1.91733751710404,2.11156361388689,1.89690199440916,1.86835431452669,1.73681370040244,1.67339051005409,2.45094996394003,2.76072174296102,3.05491829666544,3.52048703226526,3.43865928541691,3.37024962726167,2.87181066478082,3.32726526883273,3.17110354324694
"P21741",1.10899784807518,1.10155429955873,2.21386293464512,1.54500588363314,0.775517597951485,0.677740943448324,2.23003423977901,1.87127377501419,1.8006717478119,2.57179190093581,2.11560006007976,2.27703311420448,3.22780157896603,2.6748610128615,2.97854810528327,3.20470353267949,3.14872554027215,3.35004135014379
"P21926",0.0379875068417004,0.0826913896676746,-0.203103787335374,0.773104724002726,0.294675934657976,0.0640885008793255,0.434532804963611,0.313914998827689,-0.0133217647721935,1.24684629062699,0.612042815073472,0.514258087303933,0.125778968909632,0.640681528128704,0.842283608723079,1.1467752315611,0.394887744801784,0.729809770245662
"P21980",0.123088910383512,0.321572064137609,0.558768214364667,-0.100766796975602,0.320168492237118,0.534009637416897,0.0281675002984123,-0.265801914915277,-0.0179697752797807,1.05976199402317,0.906722461232127,0.910350858989334,1.45439129385082,1.36323266676165,1.47413330915624,1.11794209743852,1.11094047059019,1.48675333505001
"P22059",-2.52350688137066,-1.7751853910438,-2.82327739942634,-2.65179186636311,-3.48982112590218,-2.50329562113109,-2.6558858610171,-2.25515200374592,-2.87095841017052,-1.88033470931464,-1.64252533837285,-1.87949778730003,-1.63279797418128,-1.89909353024113,-1.47108806544014,-1.59993865636749,-1.92108522417685,-1.9693700556873
"P22061",1.45840984274123,1.51817235973376,1.8123428799518,1.71204475585698,1.45809475035345,1.14300640589131,1.52022017359112,1.54841113711164,1.65862333328693,1.56609285618243,1.80767867383521,2.09933679820798,1.99725885031618,1.8797451765443,1.96214940675878,1.82053958678428,1.94537870685442,2.14426763717842
"P22102",1.7482673123562,1.46239014108879,2.14084169591657,1.92386034973649,1.68071224603617,1.83960415551352,1.93836821638916,1.78732375875571,1.69656469630231,2.7505818279681,2.63977554358083,2.78785217308539,2.67854568464864,2.51522901220834,2.61180286559828,2.70220518692003,2.4900573691099,2.50641267798876
"P22105",-2.09104558507125,-1.67729042859168,-2.75454624843368,-2.91066087579183,-3.65855909691874,-2.790712191319,-3.37907857949626,-3.2636017792121,-2.57284358729512,-0.970227911759316,-3.71748134838321,-2.35885378025756,-2.36371042320511,-3.20457004997588,-1.45639234568369,-1.61601363014127,-2.10935703825864,-2.55562937120749
"P22234",1.34574000926884,1.50610314089447,1.72912422079984,1.06862624257819,1.27192681848756,1.22793353099174,1.03821198359693,1.09911409081655,1.08574209544197,2.24920830120119,2.1838124764227,2.37596957006972,1.93658207013533,1.89649987531264,2.21299018892221,2.08539779902183,1.92175571056018,1.97772006647348
"P22303",-0.167188985329902,-0.108169058560392,-0.651976084575236,-0.681517904158792,-0.812458946993153,-0.959572907482492,-0.598231328309725,-0.757523158389824,-0.55410911292035,-1.01274596281152,-1.25164348144293,-1.64495712455113,-1.80502808622322,-0.773659086705001,-1.53614349426876,-0.945450370224547,-1.10155551884306,-1.49771874613391
"P22304",1.75601339726199,1.91216473925952,2.15433215296238,1.97609578342407,1.87033363222414,1.63846590259369,2.1927215241343,1.97504558978604,1.99758576802205,0.677507332872754,1.69551845009955,1.62076895534516,1.52874676257153,1.47868433682533,0.737127188725324,0.686793155422263,1.24529775874657,1.0877783600875
"P22307",NA,-2.85038606904662,-1.33096520724523,-1.3104453797995,-1.43258367284077,-1.88727557234076,-2.00907224322408,-3.33005009455895,-2.30312736040622,-0.607451203980473,-0.777097194970841,-0.191198778449026,-0.886964211161427,-1.07486102061313,-0.587892481075603,-1.52370486193059,-1.09463298925797,-1.1385461514909
"P22314",1.20927594556579,1.2194763286775,1.75641051174779,1.50996208318692,1.39682793114186,1.47948238219041,1.32825832026063,1.39604572465113,1.47175465627587,2.50790461204689,2.37848523361849,2.62276177738187,2.66648676371056,2.73259848086924,2.56115849924516,2.50892115188525,2.51795148986698,2.758877013244
"P22352",-1.65147823829849,-1.2015353454988,-1.98700685059465,-2.11027001489849,-2.05914475846509,-2.55017018583436,-2.06951715624684,-2.58660598737141,-1.58735038640198,-1.25552183802601,-1.42686043343498,-2.05671010998438,-1.66735737516881,-1.41267128626107,-1.2262894906631,-1.03328952487984,-0.910787379628943,-1.58891403790689
"P22392",5.80248873136799,5.78440685058657,6.11380840413286,5.8403733996437,5.85787488965387,5.7937058975513,5.9257586754468,5.68643747934174,5.79790874734207,6.23360464549682,6.42631858619953,6.54976761552361,6.85396671146589,6.72860958871716,6.43392631971384,6.54961945262968,6.83629547826713,6.9009274734898
"P22413",1.16092116543134,0.963457718671465,1.32232685746776,0.990747905267732,0.691325315503478,0.970781319790802,1.09907889817908,1.07980455523363,0.792804083389189,-0.141878732186115,0.516227304456022,0.440775373720054,0.0248763262684211,-0.519018975292838,-0.552196468697575,-0.706170564909221,-0.529765096587052,-0.448488723268595
"P22455",-2.3845607258757,NA,-1.64154093240204,-1.89022494537826,-2.27029146187608,-2.52534108132704,-3.11020440262065,-3.15175877386503,-4.23054559221122,-5.16358826286371,NA,NA,NA,NA,-4.58912265395228,-3.01313222862015,-3.50053618676155,NA
"P22528;P35321",NA,NA,-1.15783224384885,NA,NA,NA,NA,NA,NA,NA,NA,NA,NA,NA,NA,-3.58349241459114,NA,NA
"P22531;P22532;P35325;P35326;Q9BYE4",NA,NA,-0.0318990419619727,NA,NA,NA,NA,NA,NA,NA,NA,NA,NA,NA,NA,NA,NA,NA
"P22626",3.48251203706334,3.19098515876007,3.87794542374649,2.90911926938914,3.70110368709758,3.62095256090408,3.27053147214388,3.14372670866754,3.29880752485661,4.51634967185771,3.9369926751882,4.33731245742231,3.93813170703436,3.78806278921505,4.20512665439483,4.01658422351255,3.95154451219018,4.10159572090223
"P22676",-2.24666812354482,-2.60338675883597,-2.04387172507005,-2.14211058435149,-3.07353230880427,-2.77269110006624,-3.13213514138933,-2.77587417081516,-2.02713617619171,-2.30227174289499,-1.64947160738324,-2.46857805570856,-2.67211539752826,-2.74843305814127,-3.30301607922779,-4.01710320114189,-2.30087199079762,-1.81257245982841
"P22692",9.39951949182326,9.45256208779295,19.6981891079348,9.40462303411761,9.61016565995407,9.35091730924613,9.81765292555338,9.5760802478487,9.71843747189527,8.43318647539407,8.45177285950106,8.61421390127976,8.46677563960726,8.19338373360133,7.96182808075226,7.95426070117551,8.32717392119781,8.53679958419183
"P22694",0.435834275368549,0.426078404489028,0.0906395850530757,-0.0692896587187608,0.18333512134252,0.028536087323106,0.402416732674759,0.00303258301554798,0.199754801070243,0.662777994258933,1.06555073871573,1.15339132440232,0.932934268127756,0.882831485591314,0.693631341781876,0.247920692040081,0.952511453369921,0.767726010874135
"P23142",5.76873740913021,5.58705115086264,4.9913177889808,4.9170180603712,5.20432649916295,5.30422752479082,4.76331629976423,4.71532596120977,5.18548077785727,4.94005796115256,4.75720111913406,4.58167398349024,4.63891859174169,5.0111401950181,4.84819830710074,4.78012858639391,4.66144649731194,4.63278541131471
"P23193",-1.40588486962473,-1.05214899290171,-1.37992464796645,-1.08565323692982,-0.776683603658864,-1.58158913969519,-1.34554160454994,-1.42800691835339,-1.44571167358139,-0.961504900731695,-0.631140839380397,-0.546664473851532,-1.06309642027222,-0.941162744552913,-0.80011781209895,-1.09158191008952,-0.512234627780992,-0.338630200514803
"P23229",1.35291865660443,0.863549027776033,1.44683425794713,0.791883799138713,1.01414838928752,1.02220581795504,1.27764142167738,1.09177492311022,1.09717047707144,0.328694311062723,0.507005820010329,0.538543360688781,0.519094044685181,0.363693135305908,0.520025829068771,0.134168781236131,0.396077624419311,0.21906459033176
"P23246",0.215267075669118,0.237580930345937,0.677488443978334,0.439248641601045,0.462447063881228,0.363429352370479,0.107363988613978,-0.0128131062242396,0.288892308974447,1.24687346825623,0.579765644963913,0.792775408898651,0.0952651109001064,0.104053821139397,0.510138438695748,0.28989829432418,0.230241324328487,0.358923298156009
"P23284",4.22701074808289,4.27834113197719,4.63755351074176,4.37678808668943,4.1895071990809,3.99783294140578,4.62001985954285,4.25223471774507,4.43414619992338,3.92671270404863,4.06394340619277,4.32831182042249,4.56982115525403,4.32458574545613,4.13744603201908,4.0743787039961,4.48272744492193,4.55702104844352
"P23297",-2.04926972592829,-1.67017581741288,-2.32474601892394,-0.724070761113058,-1.30729379678576,-1.82594707068059,-1.97041487943248,-1.19799652701481,-1.47560640124204,-1.70645782795145,-3.16534757015729,-2.68637446332326,-3.01801971946255,-3.06493426609172,-1.97955444945808,-1.92552557173549,-2.15900386519955,-2.27762463389163
"P23352",1.08197521362057,1.07128095284821,1.08943374125005,0.91142220534007,0.717561651987678,0.234398301615162,0.930961629580224,0.516940785155075,0.993550999333749,-1.53928690467063,-0.951403203797621,-1.07585709107687,-0.615791270120808,-0.786110749434204,-1.04057114028566,-1.33899839604037,-0.877982784865766,-0.770952513546332
"P23368",-3.34569326014124,NA,-4.24405700291614,-3.33279452559464,NA,NA,-4.65274214659647,-2.02031679303606,-4.63540501508973,-3.34548416867223,-2.89189073257634,-2.10974335448449,-3.93609531009138,-4.92748484544238,-3.72463189013645,-4.20955357455019,-3.78930179352141,-3.35116206795895
"P23381",1.07979842542464,1.11255685411185,1.57532811505742,0.932552915788907,1.14576705690659,1.02995724818049,1.29161242954908,1.02603795005737,1.22721152821259,2.04886733530135,2.09843387779048,2.25388226091911,2.62142727741281,2.37431689280215,2.27158883184164,2.2948932212377,2.24347081904062,2.40627113185202
"P23396",1.45803758696954,1.63189034084175,1.68233219853449,1.27986826779643,1.17752189683207,1.39284525445124,1.37667821087232,0.984379287654278,1.5829250439671,2.16832329430417,1.99757507020031,2.33637633133775,2.00050966763008,2.12741252218685,1.99151634192252,1.90673335263107,2.09930105697115,2.16313210424013
"P23434",-3.5579724407516,-2.84269379644758,-1.87266921543759,-1.7110931240639,-3.04535355073055,-3.50681174038352,-3.75623624844566,-2.95895722553502,-2.50170084968084,-2.64182855029956,-2.32310605793298,-2.68457814309036,-1.45070456202933,-1.0647913153534,-2.66544024884093,-1.38697581907645,-1.53366376016536,-2.70001098693238
"P23470",1.63203824324909,1.64515865939371,2.15427593853879,2.05600766426152,1.93399304047033,1.58237152917575,2.19074421377449,2.0220850494347,2.00923122755877,0.60615342454515,0.893373173004909,0.719643974841473,1.04243686241125,0.8560381408066,0.255764543446979,0.225830068229824,0.878885800436969,1.11724453146171
"P23497",-1.29061035257796,NA,-1.35627572497881,NA,-3.26559808155724,NA,NA,-5.05721913630894,NA,-2.00914065625853,-1.87476876958269,-2.36577196540083,-1.51132340224851,-1.72096895658935,-5.09957698088337,-2.42330819924389,-2.26503878177603,-3.13914861670634
"P23526",3.08656421585051,2.94495218716713,3.12204299347863,3.12074262978348,3.00561434923409,3.11362769307703,2.92226630907412,3.04402870417334,3.12275446714069,3.44399573900482,3.37417895517394,3.3868950219576,3.45515485221187,3.5154624062046,3.53104886448309,3.62036740952427,3.50076623223971,3.52267482052448
"P23528",4.21652501061039,4.46886349493436,4.77896769980452,4.56255122327068,4.76393790831163,4.66963908639227,4.35242904982051,4.21563098881719,4.33477105861372,5.84788684233369,5.89217327973637,6.23189676269722,6.18425919880983,6.07507620039416,5.93475333559286,5.9750744072238,6.065493990737,6.2335390314707
"P23560",-0.845682393451023,-0.792096590598721,-0.147984456867063,NA,-0.809753402532179,-1.53354023272437,-0.103155120696437,-0.3104099603976,-1.56366475899721,NA,NA,-2.12541029373729,NA,NA,NA,-1.77033264276272,-1.59581901051093,NA
"P23588",0.738895870913469,0.161194770425167,0.86883533279951,0.601820022095904,0.963101546726271,1.09162937711418,0.689389356213955,0.585967814336527,0.54561557451985,1.4878571912142,1.67237580856586,1.63583478204227,1.57856098512692,1.15155401672355,1.44780952835316,1.03578861978851,1.36324076147481,1.77599327095552
"P23919",-1.71226985877727,-1.37803560851465,-1.66657268025982,-1.63456463539344,-2.01787068965827,-0.736078242745773,-1.84963437795597,-1.78280355868949,-2.27225086940746,-0.208632093848189,-0.525587832391321,-0.544549609613073,-0.0665511795860159,-0.899405497224873,-0.00531252677450134,-0.362489023742231,-0.33562870791234,-0.429912579523332
"P23921",NA,NA,NA,NA,-4.05365895482821,NA,NA,NA,-2.49383229387338,-2.41492450426799,-2.79415034412477,-2.57076231548285,-2.27001590775792,-2.26952371984538,-1.80078661948614,-1.14810723610323,NA,-2.05197441304313
"P24347",NA,NA,-2.67959128204616,-4.75031231789647,NA,-3.60625552886351,NA,-3.32129009880269,-1.98180561465304,-6.32059032706795,-2.39284811076888,-3.91556503355731,NA,NA,NA,NA,NA,NA
"P24534",2.33749541644492,2.36488846913235,2.92611196131013,2.1419008483708,2.74293054877951,2.4364220207421,2.25473650097224,2.41682907452525,2.32743064001387,3.4065377728054,3.46198916094764,3.50622736618289,3.59087809406439,3.64086692564287,3.541820196315,3.38461722861623,3.43407736596632,3.46672661378161
"P24592",3.79799153291529,3.75146959834053,4.13113105810011,3.99077481165639,4.07110497123952,3.83156548234213,4.2720107932337,4.02188062959431,4.19800718173373,3.20219252810502,3.54011016040528,3.47064724119657,5.11361446189422,5.10322253859159,4.76170950304066,4.54300325478781,4.79454981250612,4.91388271243768
"P24593",0.308422394876148,-0.0446000891767895,-0.00802565961280521,0.589212994871067,0.415157334609354,0.590819034170989,0.337160659280036,-0.505076144622942,0.514566449218533,-2.24520602552618,-2.10626760211631,-1.92451243197086,-3.19492604970079,-1.62423368266739,-1.5972222141734,-1.66887231664004,-2.29176134177717,-2.03330694513134
"P24666",0.0556729379075414,0.0963991732053149,-0.0690087803815249,-0.132717076856107,-0.00797672624714885,0.0940553797399151,0.0828763725769175,-0.10697491797227,-0.166884450434909,0.725409948331343,0.804369996899071,1.00238635499055,0.756967326553823,0.637498521379008,0.561017762614217,1.02246021780036,0.508010504459515,0.763923047871542
"P24752",-2.18233843147192,-2.45845250934121,-1.62948510617077,-1.78153762634944,-2.4274813211316,-2.20326942998385,-1.33382693423786,-1.94090539362302,-1.47288794926363,-0.218288335077792,-0.327528765673106,-0.205012661718273,-0.225772470709368,-0.25029508041681,-0.406222412202066,-0.206423406154306,-0.486200217886037,-0.430325955489636
"P24821",2.50621415470106,2.67203753013317,2.70749604589565,1.96151743420071,1.90685451660732,1.91296528318688,2.33959282842752,1.43960792315492,2.27816523485454,1.81775152547178,1.57194573768773,1.79618185837309,0.769825498500426,0.546769896635652,1.32723097892815,1.15189524395223,1.00625759599555,1.25824848534431
"P24941;Q00526",-1.62242659518387,-1.71674142762625,-1.24961493048933,-2.51861691242596,-1.1538626681654,-0.585367154274314,-1.36737778513062,-1.22619168547287,-1.72551793861066,-0.759845836242778,-0.812634103292063,-0.0542789783556668,-0.117862139356529,-0.0258583528329073,0.232410345102894,-0.177049330407534,-1.39856669604345,-0.762903032112971
"P25205",-2.3903288413976,-1.94689133073292,-3.54365261360526,-1.56779966357465,-2.41620058388216,-1.00901323110931,-1.75716298281707,-2.47805645201264,-1.99840769334307,-0.668297871514727,-1.41626551717365,-1.87816717425454,-2.54816692085594,-2.76538642336024,-2.17464504987863,-1.0391882826584,-1.88727892681063,-1.29531811541379
"P25311",-2.2494860373398,-1.96318152448737,-0.288017082192832,-1.27088492337953,-1.50934731888442,-1.8383652116131,-1.95400376659128,-2.06459652891445,-1.60865671412948,NA,-3.24967768178347,NA,-2.02157835681108,-4.16302144334609,-2.13873512018934,-2.63191558308174,NA,-4.70759594076865
"P25398",1.154118532774,1.17836193724736,1.92960547676778,1.56406921684883,1.24740022851264,1.05156173146859,1.42512853061926,1.32971985063307,1.53952298024559,2.14762566111579,2.19423513855304,2.17185626534772,2.16253353032115,2.0700657750379,1.91738722459194,1.91545100334348,2.07510055869584,2.22182315146607
"P25685",-1.49591777897309,-1.58118432479568,-0.700570654542831,-1.09531360590394,-1.04114815229872,-1.12346122845443,-0.742501506505591,-1.15062753350501,-1.0818264243867,-0.108341119914344,-0.899510934208645,-0.497009498479226,-0.660566780043598,-1.61671950756761,-0.578504957563799,-0.28894538550753,-1.1696393512338,-1.2257293562017
"P25705",-1.79469221630106,-3.70841238832043,-1.62195854328057,-1.6515813944276,-2.03077051859869,-2.5161702601693,-2.62562816716104,-1.8703007603913,-2.46868013091186,0.286991078336278,-0.410946319560319,0.425974840525434,-0.301795692195519,-0.470424877032317,0.451756357433712,0.108922863750296,-0.139064006196481,0.0456615069753834
"P25774",0.301289956113896,0.368355512792501,0.826175447106152,1.1503143705779,0.650312165620525,0.480435102135683,0.896005362627241,0.883593813042227,0.732884723216737,0.917238084872071,1.14889228049228,1.20379917995605,1.09936745406112,1.06057080199535,0.737825971457424,0.551100350895133,0.731727190104243,0.965881833878379
"P25786",3.09485064576409,3.15064910596562,2.99310503917178,3.33413035299462,2.9243075909601,3.00800952927671,3.09400138658409,3.13590447762827,3.05097122225752,2.92330719268798,2.93351441641568,2.84544180216366,2.37004718034219,2.97768631906693,2.71000425829331,2.9325695559951,2.46674807935092,2.36399752216009
"P25787",1.96544265167293,1.98001710851484,2.02422381687611,2.09359018809079,1.88429105610599,1.71642717360271,2.00450514450369,2.01554746419641,2.07516430681482,1.74369098427495,2.18192720391494,1.84965194817861,1.13178497315287,2.21904223710958,1.87440432700715,1.74105344368277,1.36927414116493,1.17719634763517
"P25788",3.1118286580507,2.8153510227107,2.8616722437106,2.81636301375922,2.83428071925442,2.7574945362599,3.05897417277755,2.89330926627645,2.80907042225267,2.64348576106153,2.87978638951711,2.55985814070517,2.10773346845493,2.9135852547487,2.61132401101321,2.73579139407095,2.20401622662325,2.09730567155603
"P25789",2.67921893621271,2.7731700592651,2.60275454502618,2.66311235173128,2.60716253295174,2.52365559794542,2.77692003074271,2.73023373806546,2.74523155372954,2.71898403836628,2.676558681259,2.30472182185212,1.94288088509499,2.74301187211404,2.34773669037973,2.65501090947167,2.16200294554305,2.02907623079471
"P25942",-1.77488005235531,-1.44978801327192,-1.39201802557976,-1.4483357645473,-0.942432098167198,-1.97787956755866,-1.40982695180945,NA,-2.79093895594484,-2.66169124515954,-2.23951874654528,-2.18033134225464,-1.10109361888103,-0.97989059184262,-0.800806678633541,-0.770362993434415,-0.468914536894706,-0.204597114365813
"P26006",2.29845838319131,2.28931900184702,2.30892782233101,2.58606103982793,2.80079623529336,2.47977504719468,2.20025864302835,1.82027625322977,2.24218975776242,1.3667987304465,1.70008400551061,1.67198466732957,2.21873870956981,2.04122454749596,2.03216601642314,2.14530939743492,1.80019295437905,2.09052889327095
"P26022",6.77457467531227,6.92571890998562,6.93614909877745,6.61904434434206,6.47043665613149,6.08242974153501,6.57603242035538,6.22119076154933,6.39998957325892,6.06508705102803,6.12570480552541,6.04481931908672,6.51341216695537,6.33645175313661,6.23984212929361,6.77986514030498,6.85222754453783,6.87982460583605
"P26038",4.93199629589628,5.01505908567441,5.4069888429925,5.10678752795534,5.07255045529849,5.0435567938094,5.03049962609792,4.84236340933714,4.97789295164871,6.2831889431607,6.42439262718001,6.51503695293184,6.42375063778926,6.27735695667864,6.06052868700794,6.03492407742052,6.26315672719341,6.37552418070541
"P26196",-1.64004155547747,-1.33127451930515,-0.853371392083161,-1.58817477026055,-0.943244110797131,-1.30415199246737,-1.83568883531808,-1.59601412033083,-1.63131789254588,0.125471368239984,-0.27440962486145,-0.340107090201672,-0.463310681818924,-0.84473980860677,-0.514970084356297,-0.702870168191513,-0.455549548627415,-0.302563920723015
"P26232",NA,NA,-1.94055326076748,NA,NA,-1.23352823752716,NA,-0.876199233478143,NA,-0.511611289360393,NA,NA,NA,NA,NA,NA,NA,NA
"P26358",NA,-5.11856442444064,NA,NA,NA,NA,NA,NA,-4.18014987664036,NA,-5.18935187186123,-5.59219715429942,-4.46575060081392,-6.63276370054703,NA,-5.97775908030637,-3.22357088085819,-4.94850269946425
"P26368",0.819340855783114,0.986133728943623,1.0973858221111,0.820644063130487,1.1350372286127,0.955287382446233,1.34459295409158,0.887150344251269,1.26193929535497,1.63526534550017,1.57559877930779,1.79450638934965,0.994289468497476,1.17712745272374,1.52796687300574,1.29400146246914,0.746806540576877,1.02274590144542
"P26373",-1.73437056172914,-1.53320908462112,-1.60452428715006,-1.0215624321239,-1.38768337218865,-0.664034260051475,-1.74143067135065,-1.9583654593322,-1.83180516206626,-0.785747652926396,-1.6912545729152,-0.449236927789507,-0.918165062190836,-0.795461434440217,-0.683515165366837,-0.830340108632933,-0.633547823294502,-0.560175490073619
"P26447",2.24171171830561,2.20460298827155,2.91292027201726,3.1077675917578,2.99372798411343,2.76201184539774,2.84834811585428,2.25032805162578,2.48460364274662,2.18312872101828,1.80392159823458,2.29229875531281,1.13113492103497,0.856113716078729,1.31277095001431,0.975515760703619,1.33573873676564,0.885994163675427
"P26572",0.900493268774015,1.13762234260975,1.22872704797352,0.738862481883412,1.2129348623566,0.76006949462109,0.928255207060522,1.07698147441713,1.02998250753217,0.635041152684613,0.750862762651995,0.516686617575736,0.624955324040856,0.907416919722738,1.04334343995303,0.393079877248299,0.616457181120388,0.198796754830605
"P26583",1.20122776126418,1.00319535889419,1.6809336248343,0.955362123775089,0.807272041919608,0.712995490516885,0.852654789079093,0.9374439783798,0.831959497006729,2.25686922796987,2.09899021164984,2.17011469624305,2.07300942573536,2.5015730895705,2.07626745446747,2.34027383417021,2.40814973487045,1.75284498785304
"P26599",0.983280706823587,0.474642324056992,1.3539186799153,0.52759903407356,1.07886937750058,0.902375046357047,0.478486582700098,0.304247382524913,0.65014462729758,2.18152649325897,1.78914257180173,2.09478113405271,1.75282414784107,1.67258734775815,2.09945256970329,1.63455503242941,1.66656865062626,1.4057347756932
"P26639",2.69786499747535,2.71334240110295,3.13870452779345,2.80793656147176,2.65175492218198,2.82365152571794,2.75417930805104,2.67835167181799,2.71164307415124,3.18420449645446,3.35554035387364,3.42560699213229,3.36212940079216,3.37117926873611,3.15501980304237,3.02775744440651,3.04014425731213,3.151675086651
"P26640",-0.516263709119722,-0.294691330030378,-0.133074866178998,-0.58995546224847,-1.00776910829808,-0.394117138417995,-0.435802306110302,-0.342880447690424,-0.477325680609148,0.556357737515695,0.501914856122958,0.62899082257691,0.208983495282366,0.369131347397467,0.272889270927438,0.266210124458652,0.191633588566544,0.323181805869702
"P26641",3.76219102689436,3.80133222978329,4.03999959013283,3.60838446044113,3.67655546009608,3.5379364970369,3.55390012108604,3.46397353813243,3.52301387454649,4.62505805217433,4.63227030939779,4.59646035695296,4.54411483625664,14.653474844189,4.63347970925909,4.47123156636971,4.43286886216158,4.32135762950924
"P26885",-0.623249077785309,-2.1199234615494,-1.10864994992776,-0.588500392954161,-0.809379943777848,-1.36244599185087,-1.29675125880841,-0.687407922186805,-0.365627305010465,1.14737931846486,0.332193436089597,0.209850223022809,0.791758840742027,-0.0791469667355873,0.310866793973156,0.232510053075403,0.805164162463274,0.429066594241986
"P26927",1.75531118237486,1.41685628139452,1.13651194895659,0.524238039566251,1.62214612933966,1.53929638966954,0.979052842598271,1.75299804706163,1.09154196953181,1.29028018162246,1.10913384049783,1.21830322367015,0.758086255664868,1.2573871114259,1.2688126223387,1.10898166422872,1.30525195017076,1.26147568150836
"P27348",2.97795027479094,2.98506570275816,3.19753476720379,3.2148001195778,3.07325600771601,2.98373571601161,3.09453993740207,2.86478243821432,2.91893331496845,3.61371707021067,3.6965764165984,3.56221856680231,3.49067424129148,3.74948826567505,3.60751271567086,3.71049482038909,3.53681372701876,3.68846418174799
"P27361",-4.60128545469039,NA,NA,-6.0708196339009,-2.47453738619136,-3.33227172011299,NA,NA,-1.47068008026286,-2.53217940553267,-1.83237947605676,-1.95415144170227,-2.8237282481006,-2.69371888608572,-3.3391763729989,-2.86128007478051,-2.60211147586721,-1.16795716696624
"P27635",-3.0403986330195,NA,-3.70708758819485,-1.82895585485545,-4.05989933043181,-1.99496939424448,-3.39706705340743,NA,-3.38336164701572,-1.70337785097878,-3.66674761804871,-1.91730064761026,-3.38815450481642,-4.22894220775106,-4.10538847062533,-2.36100925541396,-3.85322974509541,-2.52662591695136
"P27658",1.57772121311105,1.6032023705329,2.30567955045875,0.469476258501174,0.974614204841819,1.23185468508979,0.903999989976564,0.0669077608031863,1.27975368118902,1.69620856557342,1.11770969494967,1.3905551040773,0.962845225929382,0.969065807627002,2.15776373305933,2.05392348390479,1.64090146683277,1.73229659558642
"P27694",-1.85409285589289,-1.63502103820906,-2.09491624973167,-1.59216029495205,-1.36933949917932,-1.96946559470928,-2.31678537332885,-1.87509742591345,-2.16826402372217,-1.07136000080055,-1.87744372218865,-1.3968223094628,-2.24905653792978,-1.59439701089547,-1.27709293003834,-1.79502582558425,-2.22295345389465,-1.79426932722808
"P27695",1.96416308884983,2.27231306324679,2.39360833966331,2.309966649756,2.16811974644402,2.22797737483834,2.24813983561526,2.19327189419126,2.03586125169416,2.88793085613073,3.05876173687535,3.15141414926302,3.13483652206543,3.10291790048897,2.94534417012308,2.88203547294662,3.05741692118242,3.19322782797174
"P27701",-1.80667031025084,-1.26569511675795,-0.848961723130914,0.0943919618623443,-0.477549696168976,-0.607856983771109,-1.38660102485075,-3.69450412027724,-0.684222456122887,-2.06967389260901,-1.30535483240355,-2.81935446381978,-1.97516413450597,-1.5517596334033,-1.08017419928944,-3.16902185245489,-1.76703439333428,-2.339867149665
"P27708",-1.3705854309243,-1.18089797231704,-0.825532156065989,-1.89675073357609,-1.35704423886226,-1.53826522792475,-1.55356217017705,-2.19128296795235,-1.79916612995865,-0.497359219175054,-0.554840870703321,-0.313443832262415,-0.517183666969396,-0.83931492835649,-0.522593171219841,-0.282695745517238,-0.637823215586915,-0.330055867167877
"P27797",3.50778414830907,3.57576481641566,3.59738433135477,3.91275895377369,3.64562460242727,3.58720370196026,3.86400444858012,3.79711923451115,3.7481294130523,3.52289349371019,3.65121882284564,3.23666471905064,2.83882672172917,3.46630799485297,3.22099649031937,3.42281778696857,3.16277372751261,2.65513223739406
"P27816",0.112808944370446,0.464728616803985,0.825931553725672,0.549076851530382,0.530609543234387,0.367921098161489,0.563684847150896,-0.160698636540706,0.605288060051896,2.0190238338358,1.86136439659555,1.95779452817874,1.78805831184843,1.5951322933273,1.55329496275511,1.73833505291129,1.7438848163621,1.68843776972427
"P27824",0.99315485903394,1.24529691601015,1.20399288603712,1.30859294279289,0.807908110712749,0.966447274690491,1.05624735103403,0.610591782066891,1.0679501750336,0.748709040233235,0.771803987339077,0.94496516205904,1.32553313551017,0.72553579664382,0.96876015415803,1.0603424906521,1.08954562427393,1.43698159594576
"P27918",2.33893583018199,1.85319016624516,2.43716437681718,2.07031737150087,2.336535846074,2.03255858391468,2.40452557727337,1.97642435385008,2.52130862746133,-1.29243165092742,-0.463271992063728,-1.03390782698689,0.386993121174099,-0.484359168937242,-0.804435062776293,-0.514806742471425,-0.128086227784639,0.516874201321171
"P28062",-0.456600408897437,-0.906157905551231,-0.493410760815356,-0.523400684323173,-0.306599883150488,-0.327314981045541,-0.411479644090496,-0.880528156828843,-0.619935314135346,-0.21965295045894,-0.196727513282449,-0.544449495602344,-1.04717338899839,-0.249436239395651,-0.769756899608467,-0.309245408161122,-1.10206848122289,-1.56077009950642
"P28065",-2.72629368428439,-2.5251592781303,-1.7392578189799,-2.47036151218654,-1.90634918314291,-1.91051609443506,-3.75266001747432,-1.6905741639045,-2.31104068653187,-1.61047796000724,-0.487550828630978,-1.80455618292007,-0.895255013694928,-0.970876308497901,-1.44373866978046,-2.97079664128494,-1.60734223199164,-1.10293598180229
"P28066",2.43199854314736,2.00619150032332,2.37780937324319,2.28575131002735,2.14582705229259,2.1487681901486,2.09217300799628,2.02030255017177,2.28913143918519,2.05962384090096,1.97004443888346,1.84347524787492,1.51391858566211,2.13391609546112,1.96610088553023,2.09719628039544,1.64882886197499,1.68182890209256
"P28070",1.74017614694536,1.86687893497706,2.14131993592902,2.15761352939053,1.56140075014563,1.78675551244287,2.05468273985224,2.2433076752943,1.85567130212594,1.79056264883434,2.19421603157059,1.78270966190678,1.44224016852852,1.82956329125073,1.64337598686211,1.95295284300659,1.62866837067642,1.46737424258696
"P28072",1.93195375658493,2.09971916557797,2.15085293323875,2.44088389612429,2.17737059552891,2.062194397654,2.34318728442564,2.11039294505572,2.42987283947498,2.1835016009255,2.24249672262608,2.09615252328459,1.3690562257698,2.3579781337279,2.17543056472655,2.3413195790424,1.83255298551238,1.56788010619733
"P28074",2.14925911516293,2.13484914320792,2.3508532129928,2.09220259945222,1.99674227022674,2.0028195113177,2.04006518643957,2.10230331340255,2.03540151707509,1.82188649260772,2.08037794856547,1.83481952474831,1.30546065303408,2.14306601832906,1.76299548647326,1.82104827236794,1.67639743636767,1.58008581728348
"P28161",-2.42683973496782,-2.65452392767847,-1.97067439478909,-0.94803018964218,-2.07033255720288,-1.24047503475079,-1.75984696902532,-1.84295879316817,-1.90040262699825,-1.89590271517814,-1.66290673603177,-1.6523385682866,-2.35273094332511,-2.89034235613846,-0.959858259919901,-2.09935454285974,-1.68560260556529,-2.14509790543002
"P28300",2.8966308274619,2.88947622881396,3.05254050302822,2.48563493472057,3.12076084979014,2.98288851480617,2.58308827025673,2.09600525896132,2.82758770479161,2.70724385808151,2.00884430335587,2.28282092757432,2.32381168595171,2.11798542564921,2.58354905454952,2.7549593438465,2.68522104790687,2.54255475081744
"P28482",0.494875023666701,0.67343076908235,0.497058028117578,0.0831693824031419,0.103766693813057,0.532926049480793,0.163809734302109,0.390798814630156,0.163537035743248,0.990119799316474,1.23734832405439,1.08242794578718,1.54197725347033,1.40078986908469,1.28136109641053,1.24706320972481,1.20848704360644,1.32123711724535
"P28799",6.0627633530791,6.0850632082306,6.16518737005768,6.2815985481241,6.22299373113217,6.09578664769426,6.2968527676975,6.16948259306059,6.30093169809233,5.01697836364396,5.44296558893808,5.42954594337883,6.20838963152654,5.88324183967012,5.45135845103379,5.54336991582393,5.92030633976659,6.02604883266807
"P28827",1.55208569409658,1.93410489394297,1.81939389310084,2.0930560615091,2.0086313117893,1.91362704978303,2.07399964090866,2.11249057938811,1.8512251913159,-0.0346186280635372,0.383628374251874,-0.00628037489445532,0.483934070683526,0.70445687273679,0.139648513131853,0.523089148639079,0.33945100732994,0.551441104485539
"P28838",1.10042427761642,1.45072566676992,1.42883427281616,1.4806418096689,1.34080584088708,1.36653545900664,1.30414153778693,1.44604209127584,1.66398573731323,0.833988699707833,0.923861309422138,1.0305517298257,0.449808058098993,0.465921620810152,0.484528117864008,0.585708222116143,0.390242600454705,0.428036110406318
"P29034",1.12603155404571,0.937285237900872,0.38080476747481,0.565871047857001,0.979919908385824,0.994165650544167,0.81844585117384,0.169462822813061,0.152114801518625,0.0665821059783145,0.449389597324142,0.0154219234786215,-0.285891350954239,-0.0106726362674294,0.243622583077974,0.281948236258081,0.0588215532005432,0.0608947444305095
"P29144",-1.59661296138911,-1.84472195656176,-1.42418635916625,-2.04945938789651,-1.66309567916337,-1.70795552062525,-1.47166096878279,-2.55649184551266,-1.06150156159568,-1.60691274641381,-1.54458992214439,-1.19364632000597,-1.17988787241064,-0.636517752031638,-0.786764788667738,-1.22553077401965,-0.930332477156878,-1.50860052027311
"P29218",1.22350376256285,1.00044986568758,1.55637694496584,1.73283584120206,1.61639335136861,1.52265387707814,1.11199669766079,1.67192676663551,1.57252679631048,1.67522938170096,1.71551005900396,1.93968522483605,1.60086266651786,1.59613603675922,1.56212503155136,1.6075274367957,1.6157081715241,1.66076546413101
"P29279",8.58058131738819,8.71312477179834,8.72522244899163,8.1772113208937,8.70871316016141,8.65009932539174,8.30991473185454,18.054236459306,8.34675197429772,6.86921174743453,6.96378728263985,7.03324934135757,6.94950151012931,6.7832558259187,6.94245460473672,7.06281947986465,6.91248917517944,7.01680030095648
"P29317",1.58010456814161,1.11326150852499,1.34263346963062,1.6865438904421,1.69934959047096,1.3688676343813,1.46507105334033,1.4463927202813,1.59451614935202,0.639156559982588,0.841730592305911,0.846672687857451,1.2901941299051,0.732066698120175,0.951286024637612,1.1099042189137,1.3453672346627,1.30544435905493
"P29323",2.35876674454642,2.23412915273519,2.08874957129066,2.55596750720519,2.41187024246912,2.42744714331425,2.12703726272434,1.97605742680172,2.37553336783272,2.25292534553133,2.69533343323032,2.66569607284856,3.16458669766249,2.68547418227618,2.55070896192398,2.8272059950767,2.88139679560135,3.11810159139359
"P29401",3.35794345663291,3.46048537721272,3.74113674012397,3.3543700031864,3.40235168557228,3.38023205428149,3.40212728999729,3.34088593763595,3.33864871507395,3.68881640764541,4.08788238167892,4.14833636253006,4.43951420908044,4.25198966986761,3.88209708666412,3.58652059799581,3.903404014575,4.03804920509235
"P29692",1.86333169511679,1.68752948516007,2.20872883550666,1.73252763490854,2.08381714237417,1.91346109853272,1.91803023044529,1.50341536229685,1.84226975388245,3.39095921272637,2.79433942209369,2.96649126556237,2.69908960593335,2.90358590774692,2.90914913206321,2.85480908568679,2.66632733944541,2.51996961166126
"P29966",0.145612873833034,0.246967626576954,0.720452581282922,0.428493764017235,0.179756703095915,0.0980756464014245,0.299599792709143,0.34746612736109,0.0975066870146613,1.21592408930222,1.11302424149195,1.29858241055566,1.26729937972284,1.16107446670567,0.874002563560946,1.00238587293032,1.23316576028086,1.1861642120686
"P30040",1.55694475070946,1.39445291536159,2.0962289622293,1.47964430592383,1.5175885232804,1.16392074557164,1.98696260255066,1.58211510854461,1.67289974237804,1.63201812562958,1.88320742460187,2.16872045984481,1.96688663403191,1.64846343431327,1.6443885079037,1.88463647233878,1.84059170545318,2.06277550788123
"P30041",3.93167044872836,4.03788126743418,4.29831263496415,4.17667757962852,4.32093523576449,4.34876770498399,4.11405614534981,3.94279535052431,4.10530520563005,4.85195529766463,4.87217097416308,5.04574702911562,5.19971230178346,4.82322195805708,4.94198030774983,4.99599967919307,5.0246857685491,5.10834457109709
"P30043",-0.480163427675983,-0.248881929939786,-0.377057386630021,-0.499426855522781,0.147808716969728,-0.155921564500909,0.361280044114292,-0.518117752308763,-0.515872742832411,0.902157262520943,0.605886137395954,0.402221361322502,0.592433380675338,0.391432773919993,0.540018057843289,0.349282687365575,0.0685578213009634,-0.0190044153631597
"P30044",0.841846080761949,0.846511376915405,1.49343983745165,1.15592081954137,1.09202994275304,1.23520432899042,1.35771436622921,1.29098222313252,1.27883014468721,2.88676289088564,2.62577779404752,2.65957692959255,2.59434085237306,2.55452647901497,2.64052693799003,2.57322017302178,2.42458406778372,2.52665747955303
"P30046",0.622360678714706,0.475672695196829,0.240490521100268,1.11830236362373,1.4287888225139,0.422269429415183,1.28970591238848,1.39790203968551,1.30207605650409,1.61520870308333,1.50723361871271,1.24008780113028,0.851662492071483,1.54297872940309,1.04536503064902,1.58292747368657,1.18222933465437,1.0909403745124
"P30048",1.42819081558965,1.64218141505015,2.05316300965685,1.47098049568345,1.57421088811815,1.59571514449742,1.94107150180928,1.77319938000824,1.79228540670304,2.91323053873456,3.00795095861631,3.15707066413344,3.45593522563998,3.32435042778674,3.03572492980607,3.00283945137534,3.14635200180317,3.25266072556838
"P30049",-2.84306135345906,-2.1941995905084,-1.8031702594703,-2.47361203976851,-1.85203009824367,NA,-1.68238516247129,NA,-2.4479231016956,-0.126494441809317,-0.622250321492702,-0.21541874538261,-0.202071648410767,-0.263871493824535,-0.398197549832805,0.140270160767122,-0.432556944182574,-0.379920221572743
"P30050",1.77287173443203,1.43204747862001,2.17770931590021,2.05711824190248,1.63814089585046,1.8963950097765,2.00986277952435,1.89329578477122,1.99044285982267,2.32039757078134,2.37399631120404,2.57980817210913,2.42146752762062,2.15178590927833,2.07244457679923,2.04739559116458,2.00685414760909,2.1034712613561
"P30084",-2.07105413445848,-2.37712237986094,-1.89662979091102,-1.47108072629431,-2.18154762230024,-2.82954558024477,-2.8490553368549,-2.5829429448214,-2.01245634920919,-1.30890949894329,-0.738281533832766,-1.13128226982616,-0.338400662812489,-0.345147519655068,0.0126881150021489,-0.161565645431068,-0.202321064173095,-0.403532113115208
"P30085",0.671720407192279,0.855317714933493,1.10945162057731,0.665365384102042,0.547266950304998,0.645544454620145,0.851283616276506,0.766142811421872,0.70217548135126,1.54415512336791,1.40806525513028,1.69713345514622,1.68925670286106,1.47465789744412,1.08780641375021,1.30433042742408,1.42661088696401,1.57181886434855
"P30086",4.11762065389921,4.10851242076476,4.52792816244655,4.38028280505116,4.33769454586612,4.15693916619643,4.26903334257494,4.18151165133366,4.23188105699689,4.27938319657888,4.3843508697639,4.4683390514794,4.43486412089182,4.41192098001946,4.05568790135341,4.18977321758334,4.4018694636265,4.55065353109287
"P30101",2.63652840780544,2.62788542289771,3.07969184893525,2.6662634370998,2.42223150735417,2.4250252603869,2.79657014761413,2.64232420578772,2.73443935358312,3.37926619932422,3.37819654611791,3.61509095578658,3.91503882552909,13.7364643404841,3.57824606444049,3.53442995360505,3.79088876564978,3.92349317097447
"P30153",1.24170050375839,1.19520914968962,1.56811714803744,1.2711901704445,1.2392283686626,1.19383380203457,1.07209136048995,0.998220354136658,1.25213379815319,1.95518253911942,1.74826757939257,1.87903960660266,1.85529194628997,1.81333905231235,1.74031296745077,1.89475581359132,1.84642491972175,1.9332918087898
"P30405",-1.80125739481169,-2.0366176120767,-1.58570861891195,-2.98957575620323,-1.97242727902425,-3.72550747657468,-2.41029140713433,-1.55221716880889,-2.00778536365649,-1.68610610859126,-1.20808244347169,-0.705661959331633,-1.03881907221087,-1.0298279446012,-1.80894747663831,-1.4331076727515,-0.977327036727925,-0.807502514202615
"P30414",1.71621803414951,1.66305593474612,1.81347997858033,1.95620222901835,1.66425538660285,1.82658212562384,1.38497582936241,1.4672170034341,1.55504633258261,2.60431666865279,2.32539735048108,2.74284268697803,2.95153179805366,2.60000831592809,2.69186495511387,2.7313864649544,2.98946065580938,3.20399956751285
"P30419",-1.56433677405219,-1.27641438324885,-1.78142743092238,-2.02713057268857,-1.54380757847019,-1.17732085038119,-1.28791989112959,-2.00451581812254,-1.55472486259115,-0.671536215888861,-0.748560705672284,-0.738612767486345,-0.935264172599129,-0.873286698587498,-0.79162676103136,-0.690863360444096,-0.619794027405632,-0.855340821151493
"P30519",-6.34562237458728,NA,NA,NA,NA,NA,NA,-4.00500161312013,NA,-1.83476494441522,-2.05366019104013,-1.67556563854124,-2.03279577734866,-2.1796175654935,-1.82814878582122,-1.39443870956357,-1.35259914749031,-0.964826015031669
"P30520",-0.138758803198321,-0.483053619422623,-0.17173622788124,0.137011535615429,0.0348924012822387,0.1696982807934,-0.22708294899153,-0.272727747512402,-0.35833863029579,0.257852120315151,0.186277439777138,0.346472822447099,0.246929979149755,0.152040804049566,-0.0985350812504837,-0.144383292623198,0.0567648597384043,0.522539003941272
"P30530",8.24718887418781,8.41857978011131,8.50004686021302,8.68608182824068,8.47819694591248,8.31012188271452,8.56184618550643,8.53531340987851,8.5188114653264,5.76524083193316,6.24134925401317,6.11321538034296,6.01941075651172,5.99278860183329,5.36712856079031,5.58185059752592,6.04206678408529,5.99656945438742
"P30533",NA,NA,NA,NA,NA,NA,NA,NA,NA,NA,-3.19827170948806,-3.10385160183256,-4.8252399694252,NA,-2.07342470513835,-2.14332457657134,NA,NA
"P30566",-0.137996224612161,-0.195867980283051,0.26903401772122,-0.00720225221573223,-0.253532687264345,-0.0276012980382188,0.0991604823386201,0.337526726102107,-0.0416960867680487,-0.00456056147095119,0.575179719726913,0.755379285892801,0.87390118957514,1.01585980172951,0.796431034377887,0.802089020959745,0.923337097345406,0.837956736133172
"P30613",-0.967154506885143,-1.5744472033102,-2.40291130565793,-1.40243748751895,-2.0869955260284,-1.17433287280096,NA,NA,NA,NA,-1.8083353224258,-2.31622846207641,-2.12347147015534,-1.65549758909901,-2.80992514125017,-3.80157503799449,-2.1354104369294,-1.83997593740915
"P30622",-2.12577650499213,-1.1106115708107,-1.46028319659201,-1.60168917556375,-1.51252287672923,-2.62834678182472,-1.81793407896381,-1.96577951361711,-2.7950825041315,-0.983971891860087,-1.06277211544362,-0.84450616707484,-1.18018343180402,-1.34727773451622,-1.62697066015502,-1.73028935037953,-1.48225506749046,-1.85699207136775
"P30626",-1.95325289658323,-2.03344714332667,-1.17793095961748,-1.16699841599632,-1.77680708680032,-1.71995443329107,-1.30098113391852,-2.43641522045197,-1.76401155942311,0.226274973999493,-0.0991424778601111,0.491899061425251,0.496347369109944,0.00377267809293613,0.665702975873648,0.117300377890887,0.292655933217903,0.161007604896477
"P30740",1.02406973614245,1.09749120336996,1.02205389084629,1.56777109057595,1.44522091192075,1.44784949760058,1.391548876566,1.08312484121511,1.17679418318263,2.02667149667268,2.07709042191607,2.10770399618172,2.28044831290533,2.44146203585783,2.3100148789941,2.40740038296857,2.37511394065792,2.34538565999274
"P31040",NA,-2.26578076955887,-3.12631967763147,-2.23996218767005,-3.59834861661455,-3.44978377712972,-3.53287228480687,-2.18589830410934,-3.27100797012092,-2.30683609581885,-2.7216124875267,-2.22912737749043,-2.43361143572436,-2.26585046924172,-2.37209429571328,-2.37642467746205,-2.11351589409434,-2.06363052237442
"P31146",-1.75554334128761,-1.03552878804424,-1.69015930083351,-1.63930376050548,-2.12040916023827,-1.05184041463645,-1.50813005351212,-1.39922482338537,-1.54854134605763,-2.39456957075579,-1.48234675606491,-1.5145442370576,-1.55000223473401,-1.4659346860472,-1.64730947092955,-1.69162850176472,-1.39982942129989,-1.43972911200527
"P31150",1.51840175382958,1.63639922462036,1.80944408803285,1.8672119448258,1.73652049218337,1.5063425160481,1.77337181729589,1.60977607761814,1.73884794992147,2.74784945344465,2.71437483807648,2.8487438582411,2.573245144935,2.38378498779868,2.21612782252211,2.2077488446885,2.32641973846458,2.41333782134136
"P31153",0.995359628653762,1.17420345454139,1.39882910193039,1.25435859733967,1.29210148519813,1.16932371764436,1.21935729025235,0.849452259878284,1.04521858020107,1.54130004666078,1.51737264750996,1.7424670410208,1.641942556593,1.45939488594689,1.21822560171036,1.48940798021869,1.4835198470287,1.7713971819134
"P31350",-2.19017236273015,NA,-3.13063011648215,-1.15030125969457,-1.86610983481251,NA,NA,-2.53402805755698,-3.02358343277192,-2.08625943319457,-3.10771804447818,-2.76598053687665,NA,-1.51615262771254,-2.82958017599343,NA,-2.2969423855989,-3.7597370558918
"P31431",4.73904066069517,4.84386784011081,5.01159742393741,5.11637022278742,5.01733225257212,4.74924484503111,5.03301289861303,4.65759038447889,5.03501617067424,2.87346608972068,3.47058636631007,3.59118398110524,3.96062707556029,3.99469056245528,3.42166632209982,3.53388401356086,3.92925650191643,4.06034093827364
"P31689",-1.923812436424,-1.72040517439072,-1.94389885489311,-2.71381957874599,-1.50397725376684,-2.07707687325532,-2.33581693568909,-2.03927678124733,-3.18588367928714,-1.96872948155919,-1.99168016962674,-1.75928886508812,-2.19054770656461,-2.5679841400148,-1.53056801542315,-1.86789259020484,-2.1705142238829,-1.86203835617969
"P31937",-1.43171809127711,-1.20960835434615,-0.295724820274641,-2.01540085822682,-1.25459202725151,-1.93318492435375,-1.26474578899893,-2.3829796395857,-2.94304951136217,-0.0675899493098182,-0.0343227482523076,0.221798299170088,0.378492759366305,0.433550065713417,0.130044745992313,0.113983104325937,0.269221469844053,0.161518812825628
"P31939",0.861091552741035,1.05371874309895,1.16034438979762,0.805370845026172,0.942301040781647,0.988465286017723,0.754960622152037,0.713314112372917,0.732348945755648,1.37041423513254,1.23219199134522,1.42817428393841,1.90720530548585,1.7014436316579,1.85636537542015,1.82700620938203,1.74868922612898,1.78648249209254
"P31942",-3.9100781219787,-4.30563892516552,-3.58622783829094,-4.13422677583595,-4.66197635272256,-2.96352540328084,-3.49625952006689,-2.8019287764399,-3.22658520628934,-2.01343980181587,-2.44558621404798,-2.01848581820361,-2.63848227092325,-2.71866441255386,-2.41284644452685,-1.61117556857138,-3.19023217157321,-2.56445651839583
"P31943",-0.307106642762568,-0.45206094322787,0.439057878831985,-0.525214084003502,-0.288253586254561,-0.319566408877735,0.0566615622553854,-0.643940340851614,0.0625345719851644,1.22201943359488,0.689625857095088,1.27639497289282,0.685022766529244,0.488809769885366,0.801558938095194,0.571495043604294,0.624387447721288,0.706924804206006
"P31946",6.03758607219273,6.16222105092115,6.42895622311258,6.11552369565503,6.07223459468487,5.92042466281942,6.15607519056632,6.03062127955682,6.12235943556762,6.92261592690896,7.06015528400962,7.00604365279886,7.20268427623582,7.12723832862782,6.85396242390217,6.88706555653945,6.96852351187114,7.07805731181949
"P31947",1.36056701324499,1.56856888131773,1.73267334395887,1.94024206677163,1.41338447259427,1.82401477340163,1.5535992181453,1.40480350439619,1.85370325856923,2.33593332616167,2.36161266882454,2.35515329890892,2.60232864749479,2.40183354713182,2.54443648825311,2.34868279380807,2.58665526572842,2.61464877623192
"P31948",3.45553180635133,3.28045891611887,3.70390510090595,3.32569527368397,3.3255967075781,3.22796083740359,3.25662917471576,3.15371646788014,3.28712969332851,4.43931528547014,4.42845923882557,4.5007646740375,4.49884148485602,4.3509554284679,4.43088507653028,4.44376356442194,4.48339424488144,4.44142442925358
"P31949",2.95020820410008,3.1658059518682,3.45994328554623,3.26124931432703,3.26119679306643,3.04592182003506,3.094376352521,3.27347128774337,2.84789841780199,4.49467688461054,4.1198949925781,4.27775787604165,4.5558826043024,4.07767427573723,3.90626370130938,4.07116576433282,3.98885637023314,3.7357975884944
"P32004",3.10830110069545,3.13577866928859,3.50390059206509,3.506408806233,3.24940698901925,3.08639446147177,3.61258645174979,3.40623897558969,3.32394776786935,-0.0768972822401377,0.345371657564824,0.477298716189271,-0.0315875085255684,0.0888630104189279,-0.58015866864726,0.0126508726270753,0.394229474719824,0.275561504925394
"P32119",3.75858008482198,3.83282321161298,4.24063702498312,4.11168153552038,4.13372112232134,3.96627276572104,4.09486504491981,3.9811813397772,4.07135551854512,4.74126311761943,4.83296651795844,5.0069679721177,4.83645267458994,4.69257420605112,4.66488629253635,4.38947323565052,4.60179404209847,4.61149898969236
"P32241",-0.673219698069469,-0.942716065244684,-0.929621777658949,-1.3056809544263,-0.572356066105754,-1.28123842916814,-2.35788807288663,-0.482390000461876,-0.503387391815323,-3.41050838774251,-3.04753011291637,-2.99975866909897,-2.32049181845543,-2.67792849492561,-3.47522685068237,-2.91590688944593,-1.33086793151099,-1.92882323398798
"P32321",1.13748508694432,1.39907107685601,1.74003757909232,1.22646601771674,1.58002756931726,1.29754809196311,1.61707366379826,1.4117412411961,1.17365510336824,2.08828503740064,2.40087436059625,2.44341308474564,1.96447648285365,2.14620089735762,2.01253742040682,1.61388703062583,1.98540285604468,1.56283718422388
"P32455",-2.19514142767315,-2.64192645805384,-2.57762563934038,-1.71607058847101,-2.97696967875299,-2.34973951680686,-1.65772767583585,-2.38546010363757,-3.90312607925408,-1.55046849614786,-1.84243481402662,-1.25855289950345,-0.537692144672856,-0.507072382415505,-1.5136459246909,-1.91485536646479,-1.38300855506173,-0.547269943068201
"P32754",-0.45910384342084,-0.487095148894754,-2.39044306880395,-0.944261059345505,-0.839748184807817,-1.37285651916384,-1.13173620664761,-0.78615606073827,-0.367285320750366,-1.27269607682488,-1.87177772723591,-1.87694266471407,-1.90380444616509,-1.22778195498709,-0.934526571810577,-1.05924701779592,-1.58934490164713,-1.72713662438917
"P32929",0.119354054201436,0.0329314667041292,0.409258955249214,-0.0950154799424254,-0.0587323731413196,0.00179114005106129,0.157435786259336,0.272632989334527,0.256886066577952,-0.135135000399893,0.172615786018431,0.191472362317437,-0.423001917955109,-0.0782766241370627,-0.703107280068331,-0.567744774670837,-0.0711477443478206,-0.173294355148887
"P33151",1.05357315606988,1.46920629250592,1.13170934465428,1.39059537669085,1.18906950240571,0.89668245600604,0.968710245729218,1.11064468231654,1.30163582437761,0.630249348952614,0.653246910061855,0.805707420200562,0.713809643953232,1.34952103332468,0.873503430175363,1.03062292290668,0.916465729951755,1.18050453003932
"P33176",-0.622905769607359,-0.976834572494633,-0.659775298643256,-1.02214776545381,-1.20352792244519,-1.45421054051143,-0.905192813507717,-1.66913578695558,-0.716258551823356,-0.19655734359141,-0.279421527181537,-0.327585946221095,-0.359124622669296,-0.559363343963319,-0.227830755186762,-0.736268731731363,-0.488260119693726,-0.608599687865811
"P33240",NA,NA,-5.51895017695932,-6.38636287609618,-2.93082527556222,NA,-3.49207649436371,NA,-3.71825292820146,-3.90698167042267,-3.40774410240516,-3.21065173612348,-3.70255347212711,-3.41950600660403,-3.02374745480523,-7.84983688662456,-2.36468626147249,-3.95809642454808
"P33908",0.621070412539124,0.508376440001845,0.731250802823073,0.761121774592963,0.710230366398072,0.559682103075287,1.03931846775449,0.528163760333733,0.817074458826593,0.313702341040594,0.479128602159605,0.273232998018777,0.713791375810686,0.612321572383012,0.517382698718746,0.735712365805957,0.468319979019231,0.93799388867496
"P34059",-1.37004935233376,-1.37103623268964,-1.34125209762213,-0.645222595993584,-1.080459560275,-1.53757643766525,-0.880966681413178,-0.700239654732646,-0.489585888963267,-1.67791487341729,-1.78616173560545,-1.47787014800145,-1.05867476090107,-1.00702742665137,-1.4646986440982,-0.57136895584074,-1.04818687049555,-0.73722534876776
"P34096",0.138800732350189,-0.215074014148882,0.829245584607976,0.26400997011652,-0.328611158303218,-0.0942674160228503,0.315301463443479,0.103084947484792,0.228283034499576,-0.223286825982354,0.705343022218987,0.545461505174277,0.492112296206992,0.0252124617620577,-0.0545230432528765,-0.833883074476606,0.0325214440714152,0.0328551741126866
"P34741",-1.26591826358493,-1.42319982010145,-0.72546821021909,-0.873572607281462,-1.18505809682457,-1.5191326674046,-1.32060918117938,-1.27685451301,-1.34238926269418,-3.48714121666173,-3.03398616147324,-3.48185730932114,-3.23225285649183,NA,-3.17436171423279,-3.30925487833126,-3.59049210426458,-5.01985253115303
"P34896",NA,NA,NA,NA,NA,NA,NA,NA,NA,-4.17634083124752,-3.30269951407021,NA,-2.97502126661273,-3.25640939746146,-3.04838144386785,-3.33922529735291,-2.66105280255235,-2.33148561959396
"P34897",5.20656709822686,5.27602173072073,5.79784876941677,5.0419823761218,4.74393711659741,4.94081866532799,5.34009129845121,5.30916468868038,5.127288093424,5.99682357733354,6.10856672715298,6.34756287413964,6.31791525982641,6.27251784782907,6.33255424578586,6.11601828572629,6.13581636712228,6.18025647032631
"P34932",2.32908915164474,2.44667355335866,2.66486662063244,2.37136142016462,2.28351338608406,2.27842051105063,2.42107643992925,2.26460572725741,2.34250379982832,2.95534392760153,2.96662913201588,3.07163881019565,3.20218988048929,3.1412748599072,3.02673874304858,3.06400109042437,3.09956445984633,3.2313887959579
"P35030",NA,NA,-2.52200621830202,-2.19316773972059,-1.77778169281286,-2.5373613500603,-1.88168008718283,-1.94657728851051,-2.23544842358417,-1.6454216030239,-3.16783280761591,-3.01139032922563,-3.09821287492019,-2.943379179478,-2.52098984512339,-2.89393622285875,-2.00689181951812,-1.96179528168995
"P35052",1.12926787824634,1.57296423168918,1.82234140217119,1.11547102020879,1.37605970929745,1.42579416679838,1.34523974916493,1.2882642539758,1.33683937124294,0.130274677564138,0.392130750371463,0.302679691256991,1.03934085832535,1.00538461391919,0.427786798280575,0.00914068301623061,0.674147821015605,0.779167163492641
"P35080",NA,NA,-0.975279868600093,-0.498625788610456,-2.56047787093985,0.188184824358419,NA,NA,-0.123959390014253,-1.26238318729914,-0.352160138526296,0.433880931134555,0.11807124176813,0.80014375360672,0.673848111118112,0.116059167243998,0.702583070655905,0.10924468304046
"P35221",-3.49381675072789,-3.3217114260455,-2.28435466578482,-2.70886299016519,-2.87095487961735,-2.34442723736207,-3.52124461855939,-2.09319785602561,-3.02924540170275,-2.91316360461537,-3.68570972940271,-3.1735116387732,-3.01546944033183,-2.60587684607509,-2.638969184232,-2.89122918701555,-3.39748621298785,NA
"P35237",1.02181487794476,0.892516151270529,1.32619042259086,1.86668962103462,1.56808684529251,1.45068581155547,1.37401828209338,1.18762629765095,1.37073323006807,1.63644202965854,1.98813541840778,1.91026489077539,2.04007416696557,1.72287703785393,1.48813968441994,1.75510794280253,1.25468301788951,1.62654387722081
"P35241",4.79008413994447,4.86757215960255,5.31578739109836,5.24650256110109,5.16759125763961,5.15127762089868,5.09990508578758,5.03300634623313,4.93343375701304,6.06443134755492,6.42887881926302,6.46799378685306,6.4725549124873,6.44136335691423,6.09644328402767,6.0984103161453,6.27144864778168,6.11741135733853
"P35244",-2.35781902939685,-1.55130711566569,-1.18507686503246,-1.45976185318274,-0.675567012042185,-0.483075956272023,-1.89541852011688,-0.624892433530624,-1.18465189226729,-0.640971609981535,-0.985891677436226,-0.654052863890962,-1.15468793247801,-1.15828946729549,-0.799160454816129,-0.78186386976282,-1.0541043253718,-1.2765500097694
"P35268",-0.864934318014811,-1.87224382253504,-0.795555451005017,-0.454430713570005,-1.09683990329632,-0.749051508805327,-0.411723522260241,-0.931079249563267,-0.233436912658622,1.89494988793228,1.22987623949134,1.53278305343609,1.23027710259016,1.26764318146764,1.82334657246889,2.2517714631814,1.0134601759551,0.924019211970617
"P35269",-2.49916061562757,-2.68160883584919,-2.1760996973551,-3.04956733070134,-2.90695766030332,NA,-2.578868253949,NA,-2.23499729704863,-1.59080917173721,-2.16073512541341,-2.48706505650855,-2.06910015103059,-2.91542202905242,-2.44464165833464,-2.65976314381463,-2.6264563878779,-3.03721815134433
"P35270",-2.40555323317094,NA,-3.05850158151913,-2.38721261118776,-2.0044831990179,-2.59748452965627,-2.69623476372304,-2.22853462410596,NA,-1.99501209215002,-1.54983066179028,-1.72426757332535,-1.75610508417797,-1.4320944990052,-1.35609672411893,-1.72317606572055,-2.04351903809604,-1.63649712631662
"P35318",0.965967314412959,0.991156571942575,1.84558460540461,1.26294980361033,0.533309878342555,0.965732045797802,1.23140394833383,0.695122364696457,1.0318917563925,0.247431982546951,-0.596528917236839,0.363520529872856,0.516878668086319,0.370622804868624,1.12662153184236,0.65248545716763,0.88140455534225,1.54069816660262
"P35442",-1.96256617925808,-2.64843068433896,-2.81573008913105,-2.03098970008245,NA,-2.48232806092905,-3.02844996159588,NA,-2.1037806801974,-2.40587173120746,-2.58818186154839,-2.30393876587446,-2.28052933721888,-1.78325668331169,-2.18475978372464,-2.20481200269511,-4.03278770281079,-5.9045934513782
"P35443",4.99382912260029,4.83120650419686,4.14803248181629,4.64197111390184,4.74733448324977,4.84756123952118,4.46843372353091,4.58052806559838,4.78896009512437,4.35969800539425,4.15969746654478,4.05778435756621,3.88680608914,4.14255964501992,4.24827681332675,4.32787398319437,4.11281611979086,4.03429707428753
"P35475",0.0175942939739837,0.176426124845674,0.0990908647955653,0.320360281831633,0.0401585304989567,-0.169981052645714,0.457357000633925,0.312132780820921,0.114959657226432,0.412196238099579,0.324838743942118,0.257011404308274,0.0859305795464991,-0.303838888677445,-0.284364555605805,-0.446073528784241,-0.263917201515364,0.0766830087948183
"P35527",4.96929626412504,5.16241390187315,8.49657982978977,6.01379318515097,5.5187128075045,5.51880350868117,5.75242418435845,6.42162265689732,3.92575063079496,4.14540888385657,4.63094318962822,4.26945398008611,5.64678192670256,4.58045467142342,8.07745891864273,5.10519560801522,4.36317341166563,4.74728254182215
"P35555",3.24819044374858,3.4830868960088,3.53308583091695,2.328217506049,2.82000339409333,2.70692635526422,2.70890416807839,1.7179162705288,2.90456867047313,2.27996983674449,2.52457533422826,2.53594940931714,2.75673203026992,2.57636692404755,2.31816177041561,1.76982089505561,2.28500692427596,2.38151098268593
"P35573",-0.585640447630508,-0.746033817394146,-0.236478040787233,-0.99064545663013,-1.16238345590637,-1.18378042399978,-0.58784102591626,-0.567255150962804,-0.726954103802987,-0.793405577139001,0.071897915129254,-0.0362333353384994,-0.158713335973017,-0.155862588858815,-1.13362121440055,-0.793277100406037,-0.323348436926102,-0.135997399181749
"P35579",2.64478403692769,2.7121539431715,2.85382610509983,2.53804124460604,2.79990469548733,2.78631407432115,2.59135723864657,1.99756509733734,2.65659226686937,3.28340725595395,3.20824187819438,3.21606726669627,3.09637217801718,2.85110304509512,3.1259664274468,2.9169381371065,2.78115809029291,2.89641478417256
"P35580",NA,NA,NA,-1.99676298849798,NA,-3.58071312277333,NA,NA,NA,-2.43516956436058,-3.81240374510602,NA,-2.59686216011454,NA,NA,NA,NA,NA
"P35590",0.94540430074877,0.823884472565537,0.296383293471207,0.832116056422382,0.860877257407083,0.831009305578124,0.950019668739282,0.962657917559312,0.853875852713006,-0.274867115129785,0.058421897480109,0.324009272043948,1.34111099676463,1.40536401276229,1.14067612413159,1.30663164449198,1.83681744184881,1.68840494485904
"P35606",0.581570703745752,0.829697487874324,0.992074067657249,0.954447415457967,0.463991109362896,0.787503337962253,0.808197500605045,0.854926247243425,0.765116941533881,1.07968799208828,0.793933223804803,0.711253700919869,0.539295728851291,0.809901474613085,0.987621392612381,0.697146516209518,0.579333137196416,0.545715449135773
"P35613",2.74757643069524,2.72305445571258,3.204065846628,3.25819018993228,3.25724351117243,2.71124418824763,2.964799614023,2.49173754876129,2.66610464352278,2.42508670495126,2.54650839970249,2.56322662207161,2.74727329539224,2.6241469323089,2.30827325640856,2.50480605720882,2.66440068272211,2.83009099755302
"P35625",3.56788004432186,3.82605499414176,3.77787398651628,3.66269588711981,3.14650067532931,3.19081551913485,3.64113465970386,3.31348990959836,3.64718536144565,2.3905719936812,2.19491145647938,2.08733282944023,3.140850919504,3.1182188457257,3.60809917838682,3.01446697045537,2.76097645733535,2.91422154116406
"P35637",-0.0670135516711312,0.172078017319571,0.803384178808482,-0.0464601969434622,0.252185612359117,0.618679433500766,0.211470385165466,-0.460131245849468,-0.014329252109313,1.06720232402314,0.59679255837051,1.36301502588913,0.842275249042922,0.810883324840518,0.928440846544133,0.664541594025463,0.633116370519966,0.883476933527595
"P35659",-0.802026208791834,-1.54960374703335,-1.9898305119058,-1.1634786490751,-1.39892124942347,-1.46565692319123,-1.35473429205719,-1.93895648917072,-1.11606642049422,0.0149882126437006,-1.00901072937843,-0.760657179489019,-1.28101236262007,-1.24865030181121,-0.738542532367627,-1.00466618451872,-1.09807091063401,-1.61934209378081
"P35754",0.477136923378801,0.855598530664833,1.34116300694166,1.11287825195762,0.749100042716762,0.683333571080915,1.11669309026,1.15150938023042,1.24854327626223,1.86428383348746,1.8417454089221,2.10163004126199,2.16789460498037,1.72216660370894,1.85417949534708,1.92658051391487,1.76940970989645,2.02217967569827
"P35813",-2.1567898655039,-2.02126399965532,-2.25966878724938,-1.961442457922,-2.32710798227966,-2.06967162580612,-2.4923608475202,-1.85444930844568,-1.71787981841438,-1.6142204361288,-1.34641441459767,-1.3340461350349,-1.03952258700463,-1.39659552264959,-1.53574874592155,-1.74791714427422,-1.36686440109873,-1.44383426332903
"P35858",0.488247483918649,0.464654914728603,-0.324029511367605,0.131613120825689,0.268831542671855,0.286669255771216,0.131880943951678,0.495225896288977,0.209593587529564,-0.736749080650958,-0.590531734560795,-0.646858266303017,-0.838692605298084,-0.207751703888233,-0.170082804332576,-0.619422382299463,-0.861200385286125,-0.663058928484492
"P35908",6.09009865210114,6.24843211837515,6.43017174987146,6.97883666091395,6.63518525584091,6.24547379073491,7.01830006689609,7.36126162896186,5.15473893976142,5.61705563660953,5.2142297614698,5.3562548302319,6.24354851418646,5.42785159922055,7.10581014933084,5.8457865757079,5.85210180270974,5.49351988381465
"P35916",-1.16789562534178,-0.63744849429615,-1.50844565602639,-1.22278851999216,-1.20469853129957,-0.625335434367258,-1.1144408981143,-0.710729818510573,-0.716092986115295,-1.63082058404678,-1.49236739559336,-1.56554084839892,-1.13230218103253,-1.25177709726808,-1.10670279103675,-1.50247980552686,-1.04968529258801,-1.23302996316471
"P35998",-0.594277243220846,0.204167844801072,-0.38021048311225,-0.799708196368371,-0.924530234362375,-0.697949636984122,-0.297006038796173,-1.05023261593455,-0.0086926546670032,-0.0328993679686889,-0.158788833737001,0.11749594534929,0.150256646518114,-0.19278579580677,-0.0516942999656997,0.0454012232756753,-0.201656541872454,0.207182988808732
"P36404",NA,NA,-3.01325195499433,NA,NA,NA,NA,NA,NA,-1.54763370577721,-1.47766842346775,-0.940020769109394,-2.11892416440911,-1.67076900642367,-3.05361542897855,-2.73827106419585,-1.69578082783775,-1.63686568944805
"P36405",-1.77691004172135,-2.01459314027699,-1.03357911166392,-1.51296156875572,-0.888190333265858,-1.55848388715662,-1.62997193936358,-1.27921655342507,-1.79010368330859,-0.186606352174865,-0.691422301566975,-0.37742026564222,-1.45412575169093,-1.2028852404926,-0.974323402761631,-0.981164061830012,-0.908168049587663,-0.798705042756771
"P36507",-2.06239209631407,-1.93865798158292,-2.22765340806123,NA,NA,-3.10835431945295,NA,NA,-2.9373987233704,-1.21275485472111,-2.95927779555744,-2.51310909255432,-2.14062194687763,-1.1345394986511,-1.50142510539669,-2.52850890249319,-1.80368857143285,-3.11727291467749
"P36543;Q96A05",-1.27030383295304,-2.36478813293519,NA,-3.88845505751619,-2.94372594217354,NA,-2.87739487390014,NA,NA,-2.71771271042923,-2.64397042959153,-3.37431812906853,-2.45485885678827,NA,-2.95220198315675,-3.14434343155953,-3.56243948282242,-1.94214797352642
"P36551",-0.399793722583839,-1.19268669942783,-0.326405079848159,-0.898558882143149,-0.329104808642366,-0.676804305086277,-0.369592135421074,-0.51105336988538,-0.476996620809436,0.20910624955688,0.729190349371075,0.59101901799319,0.748179780655782,0.50982081884168,0.369424282787579,0.363275615599399,0.490038066284121,0.551419112002664
"P36578",-0.403850519406726,-0.571203135294979,-0.274525014788816,-0.516561194407839,0.174535988331989,0.0608931798709005,-0.203012218370214,-1.56569654399909,-0.403461860168074,0.630294437147873,0.0920293788416497,0.561169297319708,0.350941132420754,-0.00475096275266829,0.527761149344368,0.834147093165642,0.712646551725916,0.65811625562131
"P36639",-3.58962219549876,-5.15547166009326,-2.73542169335681,-2.48361748776561,-2.0777873234076,-2.06386351431009,-2.3036461608725,-3.14884796775371,-2.32049065758547,-2.58744785641991,-1.65460005226663,-1.73215955067652,-1.46087070269428,-1.70823117207888,-1.62535358037515,-2.195027802279,-1.62739828295329,-1.25235415654244
"P36776",-1.06033278016737,-1.58316324268528,-1.6811682109043,NA,-1.98084326088683,NA,NA,NA,NA,-1.56177935891617,-2.15099809959399,-1.65139312237297,-1.60391536271861,-1.68503311847927,-1.09972018295234,-1.38552361827304,NA,-1.76190012785246
"P36871",3.42138591002085,3.49204483533551,3.88398232860542,4.00984817579055,3.80096458147016,3.62517726623281,3.67255919797999,3.7058892832976,3.66960371875012,4.29646921914748,4.46356239107451,4.53836174320197,4.37161214096992,4.34884329451524,4.02901413102229,4.03858111902991,4.12791867809543,4.36131229874046
"P36873",1.07091887869237,1.23195453312222,1.19168152557514,1.02481226187594,1.2665279052493,1.7307352880252,0.754864392072346,0.79083020166099,1.10151246020932,2.11155380807659,1.60830621648549,1.49186849427444,1.4089613114899,1.52041986265346,1.82726606758873,1.59303184938659,1.26418801616239,1.38192671122139
"P36896",-3.27358917204718,-2.11727891551756,-2.1281196541859,-3.11834035312164,-2.86966975922349,-1.63820867025826,NA,NA,-4.32385549262738,NA,NA,NA,-2.60939720334971,-2.623985130007,-2.88100597185911,NA,-3.33929665892993,-4.48930527173986
"P36955",6.43217595800957,6.51248181930938,5.93798664796269,6.12044423241326,6.19952027026619,6.32042019810175,6.05462278872527,6.17698834529101,6.28345825138011,5.71416898171851,5.67300429070957,5.51562488316684,5.31392100811445,5.70706645802262,5.70051520861186,5.68942816279157,5.43702193192787,5.41996554546325
"P36957",-0.993031183567107,-1.13985354802598,-0.792559480032742,-0.70833655257789,-0.510392038101854,-0.967255919418393,-0.375927777258104,-0.782502015694301,-0.676255152590346,0.510157049266496,0.389301267330923,0.360821538579819,0.506901588271122,0.385497075590537,0.610933990314692,0.555025523880628,0.524076741550648,0.460258964796294
"P37108",-0.996092961424231,-1.01117561009398,-0.877399267817397,-1.775728711945,-1.7886269543827,-1.33740801938662,-2.71254918484281,-1.9386161358471,-0.950818065182595,-0.150515020443706,-0.368244344537922,-0.256658831975642,0.155903326998152,-0.601339199327254,-0.299454281325213,-0.447216077751612,0.162484071903659,-0.905075994791926
"P37173",1.86482662464685,2.42424065820674,2.24721776420684,1.87503896647351,1.77080361884673,1.73703002643015,2.32736723993861,2.05528642502341,2.26292318217468,-0.295736445332505,-0.161388172912552,-0.689005821984727,0.000177196376526467,-0.922477471381055,-0.238276246487663,-0.604109902514244,0.0327934700210566,0.0962983108366835
"P37235",0.227379491251243,0.489918375568163,0.801394410642263,0.764792473551687,0.89706919544499,0.77057037538075,0.84252619358999,0.752391283810935,0.814850674581489,1.33508502293415,1.137745809772,1.0917583799104,1.0705591856994,0.841740440081519,1.0197032866073,1.18697337679755,0.844726560888457,0.943642581293734
"P37802",2.72482241148963,2.86810817055363,3.11892895472029,2.83957211126561,3.20934447659585,3.25965374058407,2.98042009142586,2.96404314333386,3.10126410563928,4.08752159620367,4.17019731538582,4.3278260087492,4.36604534290063,4.23834788581869,4.16872025170397,3.99635853599563,4.19946272252522,4.16267894673258
"P37837",2.76020400134717,2.78234581684095,3.1705451251166,2.990235140112,2.96105115216124,2.62662676097313,2.78062116464271,2.75049606845324,2.77043696341151,3.76040260981399,3.99681451085717,4.06009259131397,4.188966783788,4.22318942901632,3.8989177431558,3.81145955212338,4.10163308767881,4.17002452144234
"P38159",-0.282386597362303,-0.152953232174664,0.633685982079889,-1.38440792574531,-0.310713003739743,-0.384223383412078,-0.342360933082041,-1.09277824105122,-0.176266160721609,1.38910269098402,0.636386035288004,1.3567864721419,0.543808338565489,0.161787985473556,0.644866011407986,0.458469347473889,0.369346930585317,0.222771790971057
"P38571",3.50967025591695,3.55901489743078,3.67483964859077,3.51667533284405,3.33148393252269,3.02778759174817,4.00241978716469,3.55620488215641,3.66915140513931,2.91286138156603,3.1421860334639,2.90614636167611,2.99973990162166,3.33753551846001,2.99150064532773,3.16229676590092,3.32615397099068,2.97067554360428
"P38606",-0.682967183077528,-0.479433391802539,-0.619974880158652,-0.351564677612437,-0.84074127923167,-0.721676513849589,-1.212019411029,-0.701062986998488,-0.740148346596304,-0.361655773794537,-0.305063513803994,-0.472727620484166,0,-0.122652971785604,-0.170551821252236,0.0488863852032075,-0.542477943149311,-0.207905661056438
"P38646",0.721624933556797,0.51221575727917,1.31853364082851,0.169593544442666,-0.0302372642814746,0.0685252027859633,0.97456129673529,0.749617757791365,0.746931142458791,1.78590767563555,1.59864679263134,1.67833209879935,1.65154480499452,1.65835486337093,1.7695717079433,1.63266422285684,1.63948536195094,1.5195968858742
"P38919",0.916271896000641,0.592118405225989,0.776793481309799,0.604071538202167,0.360451704928971,0.50141806662252,0.26569574661926,-0.286814791035253,0.24899920278105,1.35142215673525,0.937993765315094,1.22780325672076,1.20879946453355,1.22105269356251,1.35113378024692,1.10457673806781,0.977516228437961,0.805636171263624
"P39019",-2.04275709242745,-1.24501089815585,-1.93267215358734,-0.881462843562871,-1.54275940449853,-1.09260682197798,-2.00168013022033,-1.9887609337196,-1.03810231299082,0.64683056725309,0.381618180616851,0.358933641074511,0.179912495748553,0.19172778820926,0.329934063654695,0.383860348043426,0.292155437727381,0.00865963133748693
"P39023",-1.72923179794414,-2.03136103932144,-2.49564315687468,-0.906348579228651,-1.32403987623694,-0.884141450530262,-1.9213072404402,-2.93196898873706,-1.5397075261658,-0.646160431813972,-1.19804199774804,-0.0771197574034179,-0.566729824929666,-1.28935213560549,-0.508554026071122,-0.452419104325251,-0.545546746718601,-0.540552092997852
"P39059",0.272175676724911,0.240874686273322,-0.302204032736141,-0.439105869353597,-0.37224596758352,0.224329552548761,-0.21715880132821,-0.256744919213881,-1.18856223462149,-0.503392591771829,-0.487097734439585,-0.123726665048761,-0.989416466991834,-0.264779181798863,-0.582219291961183,-0.934423715520849,-0.257484797336849,-0.748207601329435
"P39656",-2.33765329168172,NA,-2.49335455291256,NA,-5.13022091262056,NA,-2.67526082733182,-2.79924514552153,-3.03375454169646,-2.42288693311575,NA,-1.56490169213694,-1.70215071321509,-2.2544105576902,-1.24467116430967,-2.98687533264816,-1.23165976913792,-1.54220925557901
"P39687",1.99975771343194,1.83024905727276,0.044529109361207,2.21055913558788,1.93935474288069,1.44751642789853,2.13358722249166,2.46268729683156,2.05030533988317,2.90113608386119,2.86030867564883,2.42447685400159,1.76064018968442,2.72419968507666,2.46840820389267,2.48482362464866,2.57028074706558,1.60282911221747
"P39748",1.37551521703864,1.53642549642894,1.72958893497584,1.68111557175011,1.70127005547056,1.66106183231601,1.77114817461789,1.27992703462353,1.282401968102,2.9943269211334,2.94555146803722,3.17716627966027,3.15815197918251,2.99816433837846,2.62913093787246,2.69941914904965,2.85916402161096,3.05172365255093
"P40121",2.14656180411654,2.20411153198847,2.77497262487824,2.48272912621033,2.42953629544646,2.53425070439636,2.70487537614612,2.40327650481353,2.44540505908562,2.90489154416768,2.84673712110641,2.77208279348986,2.66030119275375,2.56499101749804,2.69490387334544,2.33742753314641,2.54688483998951,2.32493699579697
"P40123",-1.28605566710654,-0.693659388965273,-0.34853061985725,-0.557425712902755,-0.813503124815078,-0.736822778073785,-0.577857823401618,-0.625329419708976,-0.855098898475048,-0.724997207541046,-0.613654229741316,-0.467016988804819,0.404043755811028,-0.286534476991372,0.0982756121215562,-0.195506906133044,0.0286951218238691,-0.055686511358223
"P40189",3.08645279069735,3.23640178782981,3.1670056679658,3.52933084296259,3.52533292951426,3.2321378183251,3.39980622660705,3.38482069155709,3.26640569522449,1.68734941022375,2.34994513062673,2.24889284611423,2.52806030960516,2.46197193460491,1.93706417124491,2.0081554045265,2.65404182086322,2.43182190171633
"P40222",NA,NA,NA,NA,NA,-1.38487931159082,NA,NA,NA,-3.10328115636503,-2.70235579427994,-3.01754744964567,NA,NA,NA,-3.67099433468987,NA,NA
"P40227",1.23746523229921,1.22991690202424,1.54423727270238,1.09044112487952,1.11718793600397,1.3131031544922,0.960893766370079,0.554055739287026,1.37911531141412,1.52202147482337,1.60748633079919,1.77348818880153,1.70203148331966,1.61331526189534,1.79884110032645,1.61995515604077,1.43397329052193,1.6606107608892
"P40261",-0.872696006200992,-0.799274289466742,0.111614148716585,-0.314573299075233,0.23994433341314,0.0971783789827292,-0.138096670723842,-0.146643141250319,0.198766387650737,-0.541026051847503,-0.718854321622072,-0.437299814389374,0.0038278846330968,-0.0702621227822888,-0.317886353587113,0.134759425986417,0.025114902302473,-0.568367890883784
"P40429",-1.43532963272047,-1.9634673645273,-1.08672669726402,-0.386917710043052,-0.950431626231516,-0.788326574585166,-1.23165794465623,-2.60166091059836,-0.896128296447425,-0.0811902343118991,-1.14199242291317,-0.283873872527266,-0.437895523068589,-1.20887145005143,-0.181334561389287,-0.547545284419966,-0.743444655793604,-0.781838266146541
"P40925",4.55422622487154,4.42123038376942,4.74400135975417,4.77972423569283,4.7204463800988,4.52354514814627,4.73680531336872,4.70367906931643,4.73347314320192,4.87547952890113,4.82020695742921,5.06850453128688,5.17968265631358,4.92043703783213,4.51204339219922,4.84179528700978,4.85839657809588,4.83942380046965
"P40926",3.09156184462659,3.14644470462055,3.60433086066136,3.06521098355428,2.98385499062923,3.07404551655155,3.2922047587423,3.1981221244622,3.19784690253977,3.98570101793943,4.29051097208174,4.20661958377241,4.44246047010672,4.22182051310931,3.89446206275077,3.98011853110558,4.27847339564363,4.38724384134727
"P41091",0.29796502429709,-0.244022089777781,0.16575180670052,0.205358907843202,0.13727680222263,-0.20719457823281,-0.310250703524037,0.0942192278834195,0.538734196111768,0.842568486534571,0.474378478429294,0.542034743862578,0.426181115624058,0.360917423284301,0.489494159343614,0.642487781798829,0.176605539774991,0.604718966538243
"P41208;Q12798",NA,-3.01990208186106,-2.12281383758305,-2.79456799599526,NA,NA,-2.65209373855888,NA,-1.01594702931982,-3.87444421710334,NA,-1.33876619709149,-2.21542998649449,-1.65538512759785,-1.89285252180852,-1.9171090215489,-2.83022849682554,-2.3371521708612
"P41222",-0.249958875938111,-0.37944571620517,-0.894997255990011,-2.31836381691124,-0.163689115124489,0.0335765952723666,-0.265610555419112,-0.191052408861728,-0.0970255690836606,-1.41614251178812,-1.28879189524401,-0.835566907229871,-1.52287399955881,-0.80079746075566,-1.01146781319115,-0.69405657713685,-0.551721167036845,-0.797489313087048
"P41227",-2.72915230562093,-2.30639310030196,-2.35731512007657,-2.65628416311545,-2.16923987135218,-1.96328123833124,-2.60783510612836,-2.55715647751688,-2.85097594619999,-2.25618458509064,-1.950847281321,-1.82424133071293,-2.49010798842352,-2.40938533408148,-2.6634721092122,-1.65904544972887,-2.290820041331,-2.02930474605186
"P41250",1.86139485213626,1.78467545243821,2.18817036325988,1.80773357595499,1.80118128973159,1.94714347058878,1.86647385586649,1.76840620173809,1.84433504583084,2.07717211872839,2.23115924085169,2.27164709060255,2.1959207198378,2.28260251128959,2.18555118883388,2.10734543017742,2.12736248111212,2.03846167375703
"P41252",0.316870761619299,-0.0704978482942629,0.29839690992223,-0.295047744869493,-0.487846579701987,-0.183669406441439,-0.309889967548264,-1.25124066148245,0.0768290766449411,0.459145959575697,0.495248889709302,0.620215521319244,0.317291371975342,0.0560900978603129,0.252664499452042,0.210836033395177,0.172195333173846,0.264498136821416
"P41271",3.44607238747694,2.98587498535809,2.44724668015319,3.50007716823299,3.1010311295647,3.18246888934045,3.46502939510704,3.3810366461503,3.39106547559495,1.31196922555843,1.84842669093404,1.46613296680946,1.92676615631152,1.93859922572481,1.71393524540866,1.89608283101379,1.92681441468074,2.19862096388797
"P41567",-1.77040768694572,-1.99530394513299,-1.15346708635391,-1.65860785872066,-1.34477778179944,-1.74013153804869,-1.50055121875227,-1.93982708307527,-2.00683763315103,-0.54542641123295,-1.37861382800324,-1.38326527965777,-1.26224608269124,-2.134274455935,-0.581163007811916,-1.21022278182436,-1.96153771800851,-1.81272036193919
"P42126",-1.81666776622507,-2.45148675137355,-2.96008136953887,-2.0532387167465,-3.03448268116652,-4.09568515427209,-2.95438840732035,-2.02930029524732,-2.08498580241882,-0.849523420414344,-0.986478543828745,-0.82236960787222,-0.823164476962556,-0.560285923838686,-0.799393574843563,-0.822151383912519,-0.219998730319777,-0.347934839528605
"P42166",0.396011665633187,0.657621509246475,0.850772824523126,0.68694101752104,0.604480869356706,0.690582051809734,0.344136179594987,-0.055174002263751,0.408270517968388,1.52572394230737,1.23556799540453,1.53097453538199,0.761530038021752,0.421476313365785,0.661443877141876,0.420062438471765,0.42698628500392,0.795620899122284
"P42224",-1.63463949718868,-2.00326085176951,-2.21810013209503,-1.54157778442122,-2.64684306798495,-2.08950089664984,-3.05264428920157,-2.60489555879316,-1.34192087715569,-1.87653050959234,-1.91451250217272,-1.02235905103462,-1.51530848785091,-2.51227028555815,-1.6527019494193,-1.29752501782475,-1.6536204880281,-2.5941198118851
"P42285",-3.21826385795442,-2.86286771791467,-1.62491790744592,-2.22174855598527,-1.59582802336494,-1.80222865619514,-1.95096968275946,NA,-3.1191482279412,-2.1106281635553,-1.04364068673787,-1.98698451855557,-2.3963879525567,-2.09996090314881,-1.6269081808612,-1.79701185000254,-0.633060405942961,-2.54935335070043
"P42330;Q04828",-1.74954969918852,-3.55420355362397,-1.12654357469623,-0.284658658583339,-0.727591388205362,-1.50685846230075,-1.38698488863202,-1.21829469335548,-1.26883857011059,0.355747312908131,-0.140246522825876,-0.258690687549393,-0.0870528293695845,-0.0906274398545719,-0.37414741993611,-1.38516781483379,-1.02290889713448,-1.97025045660731
"P42336",-0.597444549039292,-0.982001318462954,-1.45844870834933,-0.477231513049576,-2.59841971723682,-1.70932847356585,-0.790396436559934,-0.099312967402426,-1.3843958745592,-1.01741489008584,-0.556236203770129,-0.361028850970411,-1.68154640571256,-0.100827700896845,-1.61700167129066,-0.0869502492768248,-0.852358338022492,-0.30226718148581
"P42566",-3.57777118835233,-3.70106260508081,-2.29065183110961,-2.48405305731935,-5.09923934464275,-1.22750860207335,-2.84234678688141,NA,-2.31278547241298,-2.65726933720476,-1.73211496273211,-1.68524099589292,-1.04900985402496,-1.99141890929234,-2.30729284523946,-2.98636951578563,-2.60710664366495,-1.58822023597862
"P42574",0.188442897692344,-0.0459868496826488,0.13582601496271,-0.2005049563427,0.332180929184423,-0.0666822090816304,0.0509680612404289,-0.702461017462116,-0.064701565749802,1.76124018443913,1.62372636089411,1.86732570011505,1.62250718135965,1.44349587110741,1.49848029695923,1.69506844294106,1.33519768223153,1.52673228326038
"P42677",-0.910165228230588,-0.602067813448695,-1.14637203179137,-0.835577548651614,-0.485955716296905,-1.06798714776684,-1.78431695735319,-1.90314246975766,-0.868076035120418,0.385842426240579,-0.162936273706894,0.268689125949054,0.223224771874614,-0.566201465903198,0.0479221879091405,0.43446533277282,0.155848145775343,-0.146691339974652
"P42704",3.2398953726393,3.20108480496768,3.29347941854539,2.62983679244149,2.63916197118908,2.88709585476076,2.63689390329498,3.70562086893348,2.66049571083902,3.28902120027235,2.61937309204376,3.38691537272165,3.43683663164883,2.8052223965659,2.75125172472955,3.81498091518128,3.05180084562584,2.97514314873372
"P42765",-2.64769010321521,-2.50869797306934,-2.67334384283827,-2.22348401903189,-2.43910641756775,-1.98281611352056,-2.6094507035063,-1.6410130508141,NA,-1.59747628377681,-0.850274285911021,-0.95796660043584,-0.135630944870064,-0.33279554592114,-1.00054085028451,-0.710987077182303,-0.240060870859423,-0.369719248490904
"P42766",-1.99209786335993,NA,-1.74041132575268,-0.747996412923112,-0.970172713178417,0.0277213149433138,-1.450807473126,-1.81765571655166,-1.23838193040657,0.47489433749133,-0.983749609780999,-0.0304902722913685,-0.57950162549303,-0.954346715496982,-0.253929121612105,0.392421229692587,-0.401276168949225,-0.362793660526028
"P42785",4.34372684919347,4.47778946275522,4.64662523529057,4.487520610761,4.30571223905933,4.06064087173771,4.70613899422753,4.54536207430342,4.47316692789561,3.35123276006828,3.74651210475252,3.64231379509152,4.07952930043502,4.1451402565285,3.61755824710622,3.63499589574549,3.98440278329499,4.1043479837986
"P42892",0.0946168592384495,0.36371595917411,0.643940555707605,0.392462238121729,0.582498771860307,0.375517894948745,0.371444277075868,0.302838654010746,0.290875175758222,-0.639150558895179,-0.599285937419457,-0.205049155982811,-0.481173825151889,0.00448755889511077,-0.530559562709987,-0.451227038103573,0.2445295858065,0.155146645785926
"P43034",0.915708119302465,0.631870903821431,1.09287431168987,0.917917081900312,1.08188633911136,0.811523314822818,1.02385239608181,0.894107472217161,0.936821606573888,1.40965426325895,1.52106727341106,1.61993113254827,1.58065103959228,1.50177452173182,1.42236166086031,1.12338456178936,1.10388865696009,1.16465151621261
"P43121",2.24992438438468,2.14050351666704,2.28516097289265,2.28281047184608,2.38360526274166,1.95059501858774,2.3639000781797,2.26823227056217,2.26322789132558,0.818578610421286,0.995438438621397,1.02243978395196,1.75421341126877,1.65856621608224,1.24469475067451,1.5307936639772,1.93460006796239,2.04353032187806
"P43155",-1.44667771444245,-2.00570241028941,-5.03773120570795,NA,-1.67591023119223,-1.02411888421723,-2.4406629825045,-2.66807876672418,-1.21950414046952,NA,-4.62762417876339,-2.61006566886644,-2.56205627286951,-3.15771597864107,-1.99334220978206,-2.07642102684768,-1.89414176800377,-1.95435935068919
"P43243",-1.82415944629005,-2.25705310672197,-0.993103812518578,-1.24251261718161,-1.08119019406842,-2.25051132631178,-1.48828795957698,-2.42125106401803,-1.30483672174811,-1.04652497021789,-0.663191296566073,-0.697699622344139,-0.835313002286599,-0.808710054623216,-0.708520117735674,-0.796708834628302,-0.778686845349793,-0.96497933387124
"P43251",4.51041643369083,4.56084535489073,4.71335683686445,4.81517043980697,4.55383867496332,4.41644158763152,4.82489889923176,4.73617106207255,4.77031332090827,2.80622572765609,3.2221300333156,3.1317249831581,3.49909657050433,3.55085114486737,2.98581332782676,3.07699080861849,3.46639724730186,3.5940272775429
"P43487",1.23697568640254,1.25486633763279,1.99410244206067,1.53643873359975,1.6614121290491,1.69051172021873,1.12651398136229,1.40441472967397,1.4203406482755,2.32719904269235,2.28609684164424,2.41985613493138,2.31616355250565,2.1253741054892,2.55818800684957,2.60848788799503,2.1456108271774,2.17844591736068
"P43490",3.08744777632571,3.13585279042652,3.43173529908921,3.17910798768263,3.04548133015769,3.06464139925875,3.3200768161018,3.29919133397834,3.28678436842466,3.63708922641346,3.73550328530449,3.85574199207755,4.05155537998124,3.89162632220954,3.72833250770764,3.69761917832401,3.78153837733806,3.88372004026187
"P43652",5.79926695506793,5.65544573043744,5.057998565907,5.73580357224483,5.40132245743873,5.69205097489542,5.15709084609531,5.94041250152735,5.25281171549563,4.79652109091519,5.11170258260097,5.13276738535808,5.24581645245953,5.33123361114416,5.42743799600589,5.5504703394516,5.56765010240389,5.61265234473197
"P43686",-0.726464463173367,-1.08620723969512,-0.337363421095489,-0.61594105431738,-1.36717167769674,-0.356693396321317,-0.967160025177986,-1.25397484864992,-0.90905711946295,-0.530973191005576,-0.127761033440988,-0.17911644096562,-0.379169410514821,-0.181772584052529,-0.349992257167761,-0.488908373009943,-0.174474418020708,-0.494311837439445
"P45877",0.416906472283937,0.993043190429233,1.04650538693991,0.570261730886072,0.594015633908024,0.743514006678542,1.22767702331427,0.905952064061465,0.977509803551927,-0.158771378730156,-0.159635584654765,-0.0668276713503939,0.651735357696941,0.319540374813494,-0.123587298421304,0.212916494896573,0.08219648557791,0.613554103959961
"P45973",-2.64445703966482,NA,NA,-1.97044333241135,-2.56880135780026,NA,-2.80013684361142,NA,-2.24419119362996,-1.09589799780409,-1.2829530075024,-2.04997785580192,-1.94879731461897,-2.07303260541919,-1.92689925035851,-1.95149000838921,-2.0335174134267,-2.05098931725164
"P45974",-0.912784953309578,-0.482484441318901,-0.30743375093499,-0.485737390005195,-0.353652249869869,-0.124037637167097,-0.835933843944007,-0.500953206310831,-0.504290313625823,-0.0992062239627121,-0.415131739384374,-0.115559468879324,0.0526794418319216,-0.0964723954688349,-0.299015596280448,-0.211045040232904,0.00514970860264619,0.0466598192518841
"P46060",-0.37385556501326,-1.13239038171551,-2.12020017035413,-0.308437653546349,-0.984206770908076,-0.951145409067976,-0.554127994406909,-0.287505061294546,-0.41100562691982,0.68669933236664,0.239419704270974,-0.00424197028032403,-0.773809134589702,0.126660299676519,-0.152366478070984,0.415436616528817,-0.148106562381868,-1.10519919280462
"P46108",-0.271206717744361,-0.276897121243699,0.567043788288345,0.041845194029106,-0.129575306630473,0.071999164710622,0.052618667141628,0.479507153004866,0.308225339245086,0.891058657821906,0.979082975156789,0.936409562774848,1.03958104646386,1.03899202776971,0.853259188916425,0.825074643433449,0.875970289130922,0.652622129320889
"P46109",-0.477309681457326,-0.565898224065901,-0.253670887672806,-0.667960440440714,-1.09508009784811,-0.846712666681932,-0.354182521649475,-0.185715621311155,-0.742268346136442,-0.0188417356498984,-0.22260104984062,0.141749799954399,0.0669769558483946,0.0619064794939774,0.124383010603548,-0.247395798485359,-0.362311319100693,-0.0776393239046964
"P46379",-3.33384013829185,-2.32894156491323,-2.38926600911021,-2.2409662053109,-3.14975233234142,-2.83018509483014,-2.28450714687333,-1.93847194956548,-2.00178540914522,-1.50969457864245,-2.07761235432529,-1.6579933927706,-1.76633340553048,-1.86491177662441,-2.08304446582671,-1.36546712196902,-1.80290870193622,-1.83513086575061
"P46459",-1.95446297788055,-0.727950733454228,-1.23750658742239,-1.60175175963219,-1.68040407373107,-1.22288272027544,-2.49301785398456,-2.49867683145078,-1.98138632769312,-0.809004576380494,-1.56774129187207,-1.08583481515736,-1.74422708923843,-1.64538222134527,-1.08285159526736,-0.897941009952985,-1.11972505983298,-1.35062314595866
"P46776",0.113679011614908,0.47239251893817,0.640090047493327,0.73043482428365,0.840214905085315,1.24180428816154,-0.0904102149571582,-1.27935435376649,0.655443594807441,1.18222047010337,0.425848943193166,1.0547685312568,1.12888964456948,0.317830302735761,0.754011522414832,1.34330807955166,1.02071978437244,1.11217624713248
"P46777",0.754089142076861,-0.136030319292461,0.210556633439932,0.433230733226875,-0.0785008068931781,0.246994322295905,0.315477412860302,0.0988774668946366,0.278177276611277,0.74362477738673,0.700338902594837,0.522199883974027,0.142171606936902,0.589639500595483,0.388822382426264,0.712312628730299,0.408370086634134,-0.299440903784227
"P46778",-2.49110795875461,NA,-3.01714157962982,NA,NA,NA,NA,-4.38031277480281,-5.53525587369899,-4.12251436359279,NA,-3.70169033447443,-4.18927744623034,-2.7737451387888,NA,-4.5652621647253,-2.76522510817746,-4.10111075950638
"P46779",-1.82700831556503,-1.818916219195,-1.10618424898475,-1.38733507323537,-1.51592835333108,-0.985175039643218,-1.53721813673405,-1.30548509627227,-1.12254711406703,-0.554698493326095,-0.977001975073503,-0.520022310555763,-0.773925095085057,-1.57734783272921,-0.52954632310905,-1.23756251372566,-0.965119973472161,-0.861185914225591
"P46781",1.21840705868812,1.0182571041733,1.40686298321237,1.36594049818969,0.750648641369692,1.29548790108331,1.14496148705602,0.650558885463333,1.27929514287543,1.6792772012143,1.84422885704676,2.06615354912018,1.71727820646188,1.83174505571921,1.94419680824242,1.82398882986308,1.74370157962236,1.85376970790067
"P46782",-0.877538687485676,-0.92405800233704,-0.970182346723613,0.0613838304235017,-0.604583355200851,-0.0939797808708214,-0.293437078761455,-1.08536116320338,-0.363275252642293,0.195813045393328,0.859821761705819,0.802477405194796,0.754446238549694,0.358004558087766,0.477205700066433,0.49960499935681,0.527278685261575,0.0328418264700936
"P46783",-3.03809226047006,-2.64441038613241,-2.2954563195926,-1.77965898887045,-2.23904576105697,-1.66048143746915,-2.23794888170745,-3.29652320825119,-2.67628910295661,-0.495947765561032,-1.54830568565081,-0.65606430569883,-0.809192288752647,-0.781824830259283,-0.874329977622401,-0.712248895833268,-0.917517301581926,-1.3882955442065
"P46821",-1.29196681736888,-0.981700458995427,-0.79251243756771,-1.19477541911757,-1.05405362019289,-1.43663942467996,-1.3558114992141,-1.38326947375522,-1.0312114247362,0.0805124183547044,0.105083546796996,0.139386069873119,0.317642064590135,0.113400779307042,0.2736029720516,-0.352054760341773,0.0737848754406851,-0.0453281628454967
"P46926",1.03485223444798,0.578430268178645,1.34220803922096,1.09492278787411,0.880919699965947,0.731116320281254,0.958068198884197,0.963492954313024,0.461521396951287,1.4180023236129,1.57491324397399,1.67375209063156,1.99944991831203,2.04805518685437,1.71525883455199,1.77481309133366,2.02560298820632,2.18358982219308
"P46940",1.60894911952491,1.48823661845874,1.89005736414752,1.55563834706107,1.47448440140461,1.31911019319621,1.67035732412061,1.44924370325795,1.62213391807483,2.64751091931209,2.65888522275505,2.69809704982308,2.68779169670935,2.56947554763701,2.6575880214965,2.47956479715979,2.45725083498952,2.41262462143832
"P46976",-1.67602701904546,-1.43623233407323,-1.30858277770896,-1.48317182734359,-1.60505339861305,-1.11205526844668,-0.968332753197302,-1.47809884812909,-1.33363031594382,-1.16862573097873,-0.803697293920684,-1.17952160348943,-0.450259354369652,-0.358391380594755,-0.795437395581184,-0.748268355784375,-0.60074072859023,-0.323543777839168
"P47755",1.16288354931948,1.5435067382907,2.04285773380211,1.74249187171192,1.78531688978138,1.94313333644075,2.08719011640431,1.94612996212758,1.6328079305104,2.4678711467971,2.86917877512489,2.9117513320365,2.67700087484184,2.73239545384284,2.4643481228846,2.74444192828071,2.64767775775397,2.52413494006701
"P47756",1.96775245381047,1.98672870990795,2.3677172287162,2.28266816571318,2.35634927678811,2.11469108464935,2.15687493628505,2.0403164225831,2.19209670619674,3.0090897418821,3.17823435700471,3.23518578656112,3.13485791020321,3.05694205713737,2.84807848876497,2.9179810003698,2.9733770724727,3.08891232976064
"P47813",-1.20518588688009,-1.9993956556442,-1.34519162001951,-1.92372977362805,-1.61515762969965,-2.00135529813289,-0.710874387591289,-1.66603366559182,-1.40227546065279,-0.484522346821677,-0.53784445310215,-0.32728132547984,-0.622083450324567,-0.549554018803737,-0.375513386548661,-0.585003906362974,-0.407542340834397,-0.206627156221561
"P47897",0.168537201638173,0.337979786365599,0.63964094639352,0.215098837642634,0.287617046380173,0.169191531009982,0.206269815138704,0.13669207770182,0.331272205765968,1.0482343096742,0.861327928914751,1.11553404788059,0.770168830343795,1.01993438812686,1.01798149213874,1.0907485584853,0.844320430648782,0.772595357328933
"P47914",-0.853199047414821,-1.49648455372164,-0.463818854086568,0.0622976244047209,-0.67925736261458,-0.108768197537879,-1.12707718558013,NA,-1.58515131331042,0.371041476361182,0.230538343913571,-0.239758168027569,-0.0775233881707962,-0.222945138039359,-0.10177606499453,-0.477295671351769,0.502686522149549,0.126407768853525
"P47929",NA,NA,1.31226108110991,NA,-1.12944229754073,NA,-2.14745135969171,-2.38522889430741,NA,NA,NA,-3.18961047371285,NA,-1.87156825070881,-1.11453697995149,NA,NA,-2.60144792260814
"P48059",0.13128440864047,-0.334859497644153,-0.894618644140979,-0.345303987937349,-1.03137204575409,-0.670257979517291,-0.279473418843843,-0.6377881885101,-0.234493222265947,-0.17924648263617,-0.157650531975994,-0.327847296665846,-0.346991557736843,-0.185984758394689,0.349894813180947,-0.00128411414607577,-0.362440429400248,-0.202017086067251
"P48147",0.227760439886838,-1.01933266678551,0.160961846337614,0.654126580808937,0.447986593057763,0.339118390715347,0.313437512639325,0.212795736270246,-0.266096998226649,0.603313332845042,0.978210761952701,0.606860409675447,0.997068041831341,0.992346599138914,1.08955145921803,0.939494711817126,0.63848938193324,0.740658068733934
"P48163",0.133422663816072,-0.0384320847436168,0.193351189822097,0.966711549537692,0.248638340550542,0.273604385927632,0.273015838244982,0.197176824738714,0.415863935734974,0.357286956851775,0.565440628005957,-0.291456396027554,0.483064032268004,0.561160201002897,0.694200161035569,0.154300963984815,0.154684923450949,-0.424621102028427
"P48307",1.42662442446884,1.79444114399729,0.162851858754966,1.78867529660586,1.29953924498035,-0.214980205160007,1.1431500307458,1.71140281807423,1.93904604528669,3.3191796552529,1.57391072831756,1.53415513045984,1.49159307594439,1.55218599393181,4.16254052408569,3.61443940807725,1.3674144286653,1.28849379230642
"P48444",0.359214170697328,0.206384520831786,0.699946240965801,0.506470245684641,0.579801650071282,0.450530902625799,0.41149916375274,0.18109187052996,0.2784454264152,1.51652783430088,1.5232458102655,1.60325791022811,1.38744263231012,1.13462349446171,1.37038173592043,1.15214416424426,1.15249092874457,1.29371141903624
"P48506",-2.85621484659045,-2.73496273948123,-2.23300417934541,-2.34046467831159,-2.67323151672902,-3.1799257788149,-2.27046695696186,-3.24460212875148,-3.47299742635758,-2.12001701162911,-1.65669544740788,-1.96208175193456,-1.54090959752221,-2.36803960842894,-1.83777466308225,-2.80730832879207,-2.26201796667513,-1.54328072810647
"P48507",-2.31846940614355,-3.35918721733352,-2.33443282129009,-2.5616642129653,-1.94215407604921,-1.75630510716179,-2.52108315833366,-2.56338547156175,-2.19784068623378,-1.66484976671215,-1.74214721806594,-1.81215096074571,-1.38463495705879,-1.60243244393362,-1.55834602834879,-1.78107316204987,-1.32179073052397,-1.71258957817501
"P48509",-0.341896928173641,0.979328046137768,0.0196283940876736,0.39520098940096,0.123070543079688,0.669502734681815,-0.59495059252504,-1.44490410949542,-0.101006055141925,0.192873310560692,0.572373854909809,0.986686059116991,1.12308372775364,0.988678976310394,1.03002267521725,0.84746339429978,0.968946258691073,0.80696785005158
"P48551",-1.12514354918932,-1.88812917011411,-1.3207368021552,-1.51922760157946,-1.27442328053954,-3.29369244135565,-1.25160109082073,-1.51135103601498,-1.72924933055904,NA,-2.97297891563905,NA,-3.52329748108983,NA,-2.31797812143989,-4.90517693365045,NA,NA
"P48556",-1.1709224018468,-0.929413073319839,-1.00414871270643,-1.78429730451781,NA,-1.59583854787587,-1.24474987971401,-0.820530716550901,-0.920898013056999,-0.4145990474754,-1.18441601838442,-0.208738736074245,-1.02011514421829,-0.989908720469395,-1.05874499616469,-1.00123869410159,-0.736744700345426,-0.839564102031631
"P48637",0.221019350774441,-0.169827305307914,-0.270811385103519,0.942108581563787,0.986635186644973,0.577350455589523,0.56491125257438,1.69840609020002,0.712721147648127,0.0761726414931871,-0.0362741911683067,-0.570543528000807,-0.788933083731685,-0.102589630856738,0.116479569602767,0.184106390887454,-0.34579655119925,-0.51366486698862
"P48643",0.897001270397995,1.23477490461227,1.36253757535542,0.804524338278361,0.807247342466759,0.915192723089268,0.842519819850338,0.619644234478518,1.00657737730129,1.6283613797217,1.49521425639511,1.8622253818131,1.49591159647929,1.38404697778099,1.60559030112338,1.64124668209949,1.47591290671465,1.48978135129882
"P48668",NA,NA,-0.153740480342959,-4.48946318854222,NA,NA,NA,NA,NA,NA,NA,NA,-5.4285115158722,NA,-4.9598222778941,-5.24836903472404,NA,NA
"P48723",3.19348843952195,3.35085325812006,3.56159869737396,3.51474635013778,3.42840920563326,3.21424915302519,3.5428195026859,3.49965504345313,3.53278334864235,2.30586226224197,2.59053896380042,2.60981578431704,2.84445695462485,2.95624715413152,2.54730296368393,2.53362713585883,2.82621729869821,2.73490332691821
"P48739",0.117668802775112,0.0605147850312449,0.361642413406779,0.0774999622047794,0.154620304532989,0.0509486870017017,-0.0198270861561323,-0.0189966960610164,-0.105887343532961,0.612658794106002,0.884043068550159,0.901555461014242,0.973634141065386,1.02353281908219,0.869201038974392,0.929101120580469,0.792110052276204,0.987165739301412
"P48740",-0.186010394866814,0.0879958065010857,-1.05264555797173,0.0773645255347919,-0.267287837892065,-0.106454359915354,-0.50443276642128,-0.317107992109014,0.122822731883671,-0.837357772935173,-1.23906661510974,-1.17472182740801,-0.5693061758211,-1.10528741106226,-0.322916143399366,-0.407793660942295,-1.00983394034638,-0.884205318141587
"P48745",3.70053630773806,3.79496135544296,3.82680267343059,4.11373453139447,4.13882296081186,3.97765005441846,4.34199629518478,4.26242617330535,4.20851121239153,2.0412929106224,2.25231824887226,2.1311764609067,0.884439282658644,0.422429031719464,0.457589855309443,0.524013128540572,0.723753012019502,0.699054356824904
"P48960",-0.668464241247102,-0.564166760261111,-0.772832888096473,-0.22592217135521,-0.457196636885172,-0.644435880171684,-0.160061468113222,-0.877420651342165,-0.659444668284087,-1.4010027256511,-1.38243527186606,-1.33060480664356,-1.05163248154932,-2.13648380395384,-1.35456685668429,-1.30633022087087,-1.60872838280256,-1.01239631606287
"P49006",-1.12682518405015,-1.05750743444071,-0.374490586749809,-0.605030574393698,-1.03694754579164,-1.88592442375667,-0.316309888051968,-0.747056162416612,-1.46485470936766,-1.19254676692379,-2.19854747342497,-0.831543492500962,-0.928764563284846,-0.81293839101371,-1.31887147661314,-0.934146898404465,-0.915375011772792,-0.96635885548508
"P49189",0.646046849394235,0.614368465188383,1.09941743043783,0.927649649021589,0.7353233019138,1.10993141136661,0.683116455844264,0.935745900278745,0.845757241882184,1.4071660366203,1.3167644035457,1.63379003170427,1.59750536929116,1.44479361672365,1.59957528563372,1.66933516871762,1.42776555426828,1.488135971592
"P49207",-2.45358839126773,-0.879014184685633,-0.552341312726856,0.0829269509768036,-0.858040397076131,-0.295801433771169,-1.45118829995095,-0.737537563781211,-1.16320938892566,-0.0914486432685955,-0.926522958204552,-0.035099055895456,-0.675205562404724,-0.410677991056203,-0.392125733508996,-0.19851587840788,-0.155062389865989,-0.385455832752339
"P49257",-0.480865503221002,-0.266262469768881,0.176294698672661,-0.0592032336354862,0.255424104899072,-0.3774008904977,0.142415556188979,-0.1975347806565,0.524695643214965,-0.356251038959162,-0.888259809128047,-0.820275477670851,-0.167318055576541,-0.526872953063275,-0.0732472826377375,0.676620949674898,0.510612642518337,0.52142304274939
"P49321",0.934310819440194,1.12192825250135,1.49391063414615,1.35369878332926,1.19344071265383,1.06141061356805,1.36533294843193,0.985644950955425,0.917673111962392,1.88683946754013,1.95836891577523,1.9372125351188,1.7976957604154,1.98724856495505,1.67206348099928,1.95521781232786,1.6086455311124,1.76751674834455
"P49327",1.06100538221776,0.996696420755791,1.47828071531449,0.901167750313302,0.996849016416265,0.930850628638879,0.927150052634882,0.353353875024249,0.825037712233332,0.889729239115539,0.874183745111221,1.02333338597902,0.84577202580407,0.830189174812134,0.872083513405036,0.998928033013163,0.92209522680162,1.06689663794649
"P49354",-4.14527695854322,-2.51895155856244,-3.48541939563592,-3.46534894516811,NA,NA,NA,-2.60414294230605,-2.99620742195666,-2.29012744281235,-2.3235190204288,-2.25327381847191,-2.44446823584682,-3.18120162897748,-1.83511106619805,-2.55256673426805,-2.32094508340369,-2.83845424020088
"P49366",-2.30868569240007,-1.38406070886039,-3.02595484532124,-3.82366240821983,-2.0002174260296,-3.1513026605314,-2.36877774717696,-1.96263902907101,-3.86673396448379,-1.93834254726632,-1.9882050595795,-1.8443005927448,-1.52017186399022,-2.54905071650807,-2.807378820026,-1.32023344333711,-1.89465269622596,-3.12795628684802
"P49368",1.40554240382668,1.73009226668013,1.85268581019436,1.34747232356113,1.26451063398266,1.46309045828741,1.57353710550395,0.919673455122473,1.49561409973242,1.94673908900286,1.99741976592423,2.03852345455703,1.83856968918939,1.7184899035063,1.93703774878969,1.67638304120493,1.72887139944041,1.78956538201204
"P49407",NA,-3.23579758413835,-3.51089320944585,-4.00166186114607,NA,-3.8368484807764,-3.8518345784869,NA,NA,-2.42621065739386,-2.72861878446765,-2.99010227647901,-3.47351520039813,-4.21412036345433,-3.30953938855181,-4.19158932601131,-5.02589656946377,-4.18132562482717
"P49411",-1.94403574670136,-2.16513474305009,-2.04439708776042,-2.45716664791622,-2.84693143225518,-1.9560024174154,-1.81443878205789,-2.38418651586014,-1.45320965987024,-0.717490429014782,-0.947079711864969,-0.599438581266013,-1.08536935407178,-0.748273582747868,-0.454163697472351,-0.502509750470869,-0.691953521661321,-0.840091439754858
"P49419",-2.40245649318279,-1.72770237952174,-1.20636724113549,-1.75683069803405,-1.57496727444462,-1.67389355456589,-1.85220774829354,-1.22129181695101,-1.76425193793196,-1.12784619827878,-1.01816283604424,-0.832922438867613,-1.05887943921299,-1.01722309398207,-1.03359161926345,-1.3043372846039,-1.52159389505788,-1.46240016018224
"P49441",-2.88774044151678,-4.01757311667182,-3.87352055556284,-2.08462045724678,-3.21004412053161,-4.94735246847263,-4.37635949977669,-4.02607300999229,-5.47886250858392,-2.33031029406761,-2.21615298446252,-2.11302322191762,-2.98677698705071,-2.68807472172897,-2.32607537516711,-3.44196020368921,-2.48279053299143,-2.04182113415071
"P49458",-1.57654040264828,-1.13930099215153,-0.564386203194577,-1.16342118233836,-0.58068925269096,-1.59870311149234,-1.08650031965292,-1.17888984797818,-0.543093518842841,-0.0156488836001625,-0.00723165279923776,0.402978374119108,0.353955052314308,-0.00245671552425364,-0.10853323970346,-0.0506739191673446,0.0215374307863119,0.527333646099096
"P49588",0.687296850127371,0.949156704169438,0.800034658585966,0.294533530140919,0.314419308498598,0.657226418729564,0.650508203258552,0.442860515218214,0.163463082779561,1.15708399837215,0.847884038248909,1.01077339058251,1.03864383685338,1.22389708984608,0.942635977858354,1.12548568468063,0.927058381759823,1.04255862686553
"P49589",0.341948269851491,0.257085917855278,0.943399857286801,0.402937520039085,0.375591552777044,0.270996229340845,0.406258840892745,0.0133616691408438,0.529055837284643,0.882490921378126,1.17969932138141,1.29323852319535,1.03121952181936,0.962530736331834,0.876257635432973,0.572975664233908,0.834780825630348,1.00020796963984
"P49591",0.473371877564677,0.427368716007528,0.590892566659619,0.278717118382653,0.677106588498587,0.817493334375667,0.348788302066621,0.498419797476359,0.981697269272182,1.22604568751778,0.797414525058702,0.81482858547705,0.560464790261651,0.629926447479063,0.703010873649784,0.876873730670402,0.575625924990788,0.420308199273215
"P49593",-1.94369062124527,-1.24468227234299,-1.16276096499376,-1.78583367325595,-1.24956816968282,-1.71397514993668,-2.08039405343857,-2.25327624638399,-1.32476741099061,-0.397900322602036,-0.528209927138752,-0.698556543246562,-0.548268262318741,-0.644511879712322,-0.457609573880821,-0.791343949833996,-0.796879259204766,-1.14544810051562
"P49662",NA,-4.92653724076716,-4.23367559500511,NA,-5.62088042814866,NA,-7.72084541730729,NA,-2.91836839240851,-3.72371179202587,-1.93198692082445,-2.86868286928464,-2.95761542808692,-2.53927440274011,-3.60366735350425,-2.34385616168971,-2.77975454334,-1.92670943638302
"P49720",1.70288852683023,1.88238404146386,1.53656163199304,1.58599586986778,1.44415288155293,1.64819406077111,1.76115520706742,1.50232095453525,1.61368520259703,1.35299729331286,1.54803196725852,1.26341915138697,1.02541308692153,1.31267500849804,1.33971658620042,1.54889557548215,1.02691301697715,0.894376117498981
"P49721",2.14961024873552,2.35347156606474,2.28053162242763,2.42853527467668,2.27827435453727,2.45613985548422,2.2904807753739,2.44876202414146,2.44139089966808,2.62040665363356,2.56699793732107,2.35773596943788,1.87306978676345,2.40198602768348,2.38919573159706,2.64149045538981,2.08340299003162,2.19754377672264
"P49736",-2.47519551506513,-1.54529932927298,-2.13196264507572,-2.25696406951696,-2.2640537385798,-1.41077363782927,-1.62883653539332,-2.14213624909678,-2.64136326666941,-1.80396578929385,-1.87439390460211,-2.02596882971682,-3.07693434041699,-3.1200138366986,-3.79302769503599,-1.70218181047312,-2.95894314527038,-1.94989637150555
"P49746",-4.27554518227356,-3.46160494238893,-3.26463997398877,-1.77720378972006,-2.9135347036321,-3.16081913620698,NA,-2.16377033892682,-3.9824372567948,-4.16000945610791,-4.23190715577769,-3.54748316622779,-3.30459569686251,-3.52566741396036,-5.64355929427336,-2.27848347093586,-4.01167872128947,-3.49110331068963
"P49747",3.39004496798718,3.61589832164444,2.50978665788986,3.10945471053347,3.29281010832336,3.29719420882629,3.01304357905687,3.40565032485149,3.31409485901579,2.97061453169787,2.8159205955036,2.55688006602478,2.36111544298653,2.929727658126,2.93904395239618,3.08644364783466,2.6463484425287,2.67999784689549
"P49748",NA,NA,NA,NA,NA,NA,NA,NA,NA,-2.39358111008662,-2.84002906259457,-2.96146804193435,-3.42263093241646,-2.64781015089767,-4.42482016400475,-1.6614640231633,-2.30541783913835,-2.5985478996121
"P49756",NA,-2.83610584489599,NA,NA,NA,-2.23733239126945,-2.47375852917211,NA,NA,-1.90097442157676,-2.22572370774981,-2.53088144762751,-2.84358567663266,-3.4088690556678,-3.18974734028297,-3.15440812791597,NA,NA
"P49763",-1.01772295673095,-0.234493526522282,-0.842107008797989,-1.42083997878307,-2.06506707294473,-2.2387232718379,-0.585951323743696,-0.212714390736746,-0.0894792698812612,NA,NA,NA,-2.78775747075782,NA,NA,-2.39558773094346,NA,NA
"P49767",2.62884931352552,2.83115884227764,3.06830037977033,2.6468383694085,2.64088246595952,2.80202242162699,2.95417244925532,2.44029966109872,2.80666333195347,2.42797915855786,2.78020877602001,2.58233436347418,2.37786025590679,1.66110981744125,1.85098780510688,1.84132892545959,2.05261568465303,2.1578996091928
"P49771",-2.24747450255706,-3.93340548705127,-2.60278551924343,-2.70919987778004,-4.25944666485806,-2.73920473737045,-4.53988816384092,-2.90076589885102,-4.15777350755721,NA,-3.73917906744221,NA,NA,-6.86090955514252,NA,NA,NA,NA
"P49773",1.93384907334171,2.38140381861542,2.29989534689323,2.58419278543588,2.72874100053723,2.32201432672054,2.12173111230314,1.74484374532127,2.11705932459036,3.43557614774499,2.88995577865849,3.39446943610637,2.83069984609827,2.92879461607509,3.09381088136705,3.23138001486462,2.84021786182407,3.06236463168529
"P49792",NA,NA,NA,-4.14789161025999,NA,-3.53301662172419,-4.18557459236934,NA,-1.48893516395388,-5.1542727469691,NA,NA,NA,-4.62513361852464,NA,-5.1568203781482,NA,NA
"P49902",-0.899631167782632,-1.5834649883934,-0.550319150990191,-0.887411020655292,-0.957088285815037,-0.611533051026038,-0.412923559783577,-1.52870806139867,-0.63350654942357,-0.890411209309268,-0.399290235459378,-0.321541871375675,-1.56635615454104,-1.07523462345655,-1.25717829707639,-1.54277191769089,-0.599086871944475,-1.18836978635326
"P49903",-3.20948213305268,-2.01058827252421,-2.13287691727248,-1.6755262335149,-2.58349271750313,-1.98010514275363,-2.17435110709486,-3.20469010040577,-2.20155835182497,-1.21421463829211,-1.62320954171593,-1.55082515950268,-1.37809335734205,-1.30581976307772,-1.79658113060841,-1.39080013922194,-1.41385062324321,-1.33839065254925
"P49915",-1.63021631504403,-2.33928531701822,-1.84476361794606,-2.25236104429467,-2.08134156617156,-1.65152041284958,-1.80010440050485,-3.6724835199701,-2.3955557814018,-1.20709883405871,-1.45500335808779,-1.47181124458275,-1.39445598756566,-0.920853304915197,-1.46007126428692,-1.47258914035092,-1.74925856559634,-1.12780439158316
"P49917",-1.26692609891412,-1.79023518382698,-1.22449257486688,-1.33762828126731,-0.730481904794745,-1.61432787205334,-1.70404571030579,-0.630931555834954,-1.86943881714589,-2.2765930251276,-1.4737622935465,-1.23381775620542,-1.99645804687986,-2.09838016721305,-1.60852696164085,-1.05948195766323,-1.73837283015544,-2.1773883539217
"P50135",NA,-0.692205623329235,-1.13302863615922,NA,-1.18551727275193,-1.14576721629233,NA,-1.09386223692723,-1.67537501718634,-1.42123417955606,-1.35873620065612,-0.579396964486537,-0.895944616134673,-0.369476064384283,-0.0347634664115475,-0.650311461765077,-0.668297590724793,-1.40676005036485
"P50281",2.95984363008139,3.07224671801093,2.98839890167243,3.56862139785749,3.34383802702228,3.43383445243584,3.18859047258794,3.23963129140101,3.48528953959107,2.39246789488319,2.82043708747329,2.78992580835696,2.57789557479649,2.66724156528091,2.11223251205731,1.87725658108184,2.48390610426317,2.61728688059342
"P50395",4.09341532260514,4.08947653150817,4.33488222305775,4.18081084894741,4.21611599293905,4.06736950954863,4.19827763437615,4.11996208460391,4.17237378619681,4.41699309799156,4.58646959511344,4.69641109445353,4.79883429221953,4.75093285598931,4.48342624837093,4.50236865172928,4.49173152047395,4.57429862378563
"P50402",NA,NA,NA,-2.24696476588112,-4.2553622751895,-1.42963973643074,NA,NA,-3.39640090442258,-1.88528742961134,-1.95516779456543,-1.27744221605464,-1.78976394453389,-2.53405463201001,-1.868452932559,-1.70468086101402,-2.08126585879082,NA
"P50452",0.682306545174002,0.0945477013712157,0.90304338439995,0.861835451786042,0.750142557028237,0.800055886098976,0.98821999636885,0.96024942904047,0.926304734456004,0.740051874118459,1.4505865783244,1.07361614887915,1.27846322814067,1.40470133591909,0.973731507624851,0.628793289249771,0.692805576313257,0.459098227996352
"P50453",-0.675874159907806,-0.79773553947828,-0.479520888919904,-0.19647006303383,0.0639490080332159,-0.247199341343673,-0.589304058886145,0.160990570728384,-0.669509262952687,-0.348287313570383,-0.243499052340496,-0.21944619197982,0.91232801743157,1.03381761836581,1.06593262476289,1.05559968866482,1.19631487025203,1.16784357597739
"P50454",0.776480893674284,0.625717754181869,0.802261097464324,0.444818664883874,0.391356638254017,0.482934372449249,0.641604221406725,0.498346599601573,0.644189225929864,0.657910245450111,0.718055215385382,0.736899191472466,1.04385021562135,1.09944614685543,0.933644557681642,0.692450377381556,0.935403945176716,0.750261726361709
"P50502",0.331631229579447,0.665053857686347,0.173672509020662,0.255554546642362,0.411288301943079,0.211723892119501,0.127502920555379,0.31713925108693,0.477890495123251,1.19789457186294,0.848148387157197,0.884178823902955,0.790155085464708,1.0050310938731,0.936044255161898,1.17936150595271,0.678407329620605,0.641532697296981
"P50552",0.257529368248779,0.546583317379842,0.324165391692885,0.431595309386198,0.820183367663796,0.856517624695917,0.308747656667965,0.49447741746739,0.282445958445134,0.668214694093136,0.870327071048884,0.88542306189162,0.846623808080787,0.550774690030185,0.923887722424427,0.421328590508148,0.814916932283877,0.535234921600686
"P50570",-1.0542577464219,-0.9059873866225,-0.289666787322924,-0.637461517653184,-0.438533593442953,-0.866578566706852,-0.643702471864809,-0.857973298051864,-0.0811056817444236,0.298673492893041,0.0433982640293316,0.263097488857412,-0.131939956408416,-0.0918086052675289,0.28153649110026,0.0328955732271599,0.288797107125861,0.0988549687247442
"P50579",-1.20417298110913,-1.00419859266744,-1.18364650694223,-1.16615540128177,-1.86857688075949,-1.68071597324798,-1.6134165300974,-1.97076458718265,-1.56802815701388,-1.0563692006082,-0.38637668654143,-0.509758321129222,-0.900122917838054,-1.4110080508625,-1.15022289412352,-1.44307660631766,-1.06959221771952,-1.50134292881095
"P50583",-1.33284767763169,-2.29349125897683,-1.34857887851266,-0.993421755027772,-1.41317251317047,-1.43477850857259,-1.12820748035574,-1.82160945000462,-1.24632268285395,-0.267956289678937,-0.081035110553433,-0.136119846293607,0.0450250345541576,-0.145011925297034,-0.815883391833683,-0.0896162403736032,-0.180111848804387,0.441469905525274
"P50895",-0.0727396136398433,0.371889891128447,0.601718589038736,0.113766440866559,0.425020963014589,0.375480483374195,0.0893964903662621,-0.15720106113505,0.206495373710901,-0.108181157123347,0.136050148549408,0.0840729998277325,0.733585792806988,0.622242787516869,0.287243700759184,0.0804230537852799,0.157223945483995,0.232587815346633
"P50897",2.83173653839579,2.65211405033269,2.95420672760016,2.98025716869321,2.45696528024818,2.18597760738506,2.8530147137233,2.74317112651377,2.70265992229051,1.8602922364318,2.51963422835043,2.43979509839187,3.16062620042031,3.32671580609176,2.69162468154834,2.85550305770198,3.0022698395856,3.0333683033445
"P50914",-0.738192229551803,-0.827803026730043,-0.721786406864286,-0.255730273667481,-0.87154013463929,-0.763085682398279,-0.640486521216588,-2.01970643313757,-1.18184276599437,-0.458278276166479,-0.99728929964524,-0.141318017756539,-0.221459989009132,-0.590256548545968,0.114841307557571,-0.722507412199099,-0.124654712365066,-0.641849089681481
"P50990",1.72300178827928,1.78823786405365,2.26961452046491,1.62875000852444,1.5165163208951,1.55172930801567,1.7117022901671,1.36302944845861,1.68607987186738,2.36456724530287,2.19280422826128,2.35687907376215,2.19015414865755,2.15777195089082,2.1236944328408,2.13383249855249,2.07198308168595,2.09093228926245
"P50991",1.40920156960657,1.33673566027797,1.56325836978588,1.18800506907455,1.06742207863337,1.18632491274846,1.34625875344425,0.973113807510737,1.18839469710734,1.8994167082905,1.87386894528369,2.06345126703146,1.77556985384815,1.67021491364831,1.81688048022025,1.70967472978698,1.79930270494059,1.71981728819757
"P50993",NA,NA,-6.94207464027069,NA,NA,NA,NA,NA,NA,NA,NA,NA,NA,-2.0881974188543,NA,NA,NA,-4.15914290598757
"P51003;Q9NRJ5",NA,NA,NA,NA,NA,NA,NA,NA,NA,-4.15488537774296,-4.00621935058884,NA,NA,-6.56814020043743,NA,-4.71340656586603,-3.56143756495669,-2.641104327967
"P51114",-1.83688254455643,-1.27390394493385,-2.38379662720249,-1.33242872119173,NA,-2.96916817438526,-3.43871235716094,-1.39834170537095,-2.13004026477562,-1.29614505034182,-1.56897666104958,-1.58679662688329,-1.7550732114309,-1.9952165944712,-1.67707198290855,-1.4020972576262,-2.44888628558955,-2.45913507588098
"P51116",NA,-5.20513733007752,-4.24753579708541,-2.42009564585594,-3.79181487170259,-2.62636447669544,-3.80194984134808,NA,-3.87178303602222,-2.07646152914964,-2.66488697532413,-2.59025097987056,-3.99003758488914,NA,-3.35924139895985,-3.8634442334676,-4.25581837478657,NA
"P51148",0.939225427239293,1.06199400908301,0.950059566070992,0.85699534220784,0.908204319678433,0.852893060019889,0.898811218905928,0.884646353572071,1.14026879858728,1.6668738637475,1.50444896991185,1.52372216779173,1.55173998779773,1.40762113216468,2.00582517629379,1.97095589506982,1.63610085147853,1.54657310277905
"P51149",1.31479280420215,0.903660519221585,1.11211655148226,1.08040050223824,1.0982143867272,1.3123204616948,0.893203910312295,0.922667115611649,1.17294647995429,1.50179726665747,1.28819368359373,1.22037385271992,1.57802911538155,1.50625619206654,1.65213667306255,1.40018613922752,1.36883179253663,1.74003832994023
"P51452",-2.85630900442558,-1.60405077782661,-2.08752343501839,-1.62791179358696,-1.77101680045277,-1.68181185384071,-0.938918324928883,-1.87040869269851,-1.86238442762257,-0.797284590208749,-0.223035839796349,-0.166290277225254,-0.3983398514532,-0.578485657405441,-0.980070804322297,-1.36396416377119,-0.34859643193837,-0.438350039718236
"P51512",-5.50524941530325,-4.2112697242235,NA,NA,-3.12014341931001,NA,NA,-3.18185963944922,-3.63625755909136,NA,NA,NA,-4.89262003689627,-2.97598768289476,NA,NA,-3.76869204853976,-3.23427811466762
"P51531;P51532",NA,NA,NA,NA,NA,NA,-1.76119356103643,NA,NA,-1.47879761359693,-1.42299912042414,-1.37965033909038,NA,-1.79581056873234,-2.8871828090934,-3.22806601078756,-3.12352123223974,NA
"P51570",-0.542195100866735,-0.630457538014221,-1.85312375135019,-1.22667978431854,-1.21948512348632,-1.07934677058426,-1.34928930557348,-0.960533795894847,-0.790531352046896,-0.339514425245429,-0.603429283232265,-0.920729067837996,-1.2654218625276,-0.495093105565227,-0.336710161366446,-0.634841366787961,-0.895454098959448,-0.580794430547126
"P51572",-0.167498739661083,-0.2877203367924,0.890939151374987,0.194296689462179,-0.0576030607357989,0.0121635071443169,0.0451002711995283,-0.390401322783342,-0.0628641749663075,1.57014403139422,0.909883154324223,1.42902312098414,0.598066130379939,0.192717173758933,0.280267660371303,0.419655735099877,0.705327026537903,0.587509152941735
"P51610",-2.3639447681582,NA,NA,-3.72541335283522,NA,-1.84211971882025,-4.88595166504499,-1.84650292451588,-1.33867988024913,-1.728840088406,-1.70619542112373,-2.6886136108625,-4.74951980638775,-3.13002301813025,-2.82679715983907,-4.19439498373743,NA,NA
"P51665",-0.463179538126287,0.0453992163082333,-0.309734060167079,-0.459277842723141,-0.794085922633327,-0.456101033210693,-0.650923599223575,-0.681191048282145,-0.582929680013462,0.14146037938499,-0.93717656567653,-0.475978958459944,-0.798457019166093,-0.238463705897106,-0.468784020395923,-0.467615167459527,-0.112330916752063,-0.333869574510198
"P51668;Q9Y2X8",NA,-0.0920703619961536,-1.64604103950693,-0.505174592934393,NA,NA,NA,NA,NA,-1.62116980215875,-0.643921391323905,-0.675987893611856,-0.598232266190328,0.146718158933508,0.0458877229907539,-0.469952294269694,0.313508489775865,-1.35405733388911
"P51693",1.07130712044857,0.80606492551574,1.11036763963908,1.0333726667302,0.649985303340433,0.488572449002087,1.22138280456062,0.520580987106731,0.815272061636769,-0.223456692356368,0.658862457829615,0.494846087830977,0.973284693645439,0.318371253624363,0.337261204843434,-0.45287525093436,0.196043059419575,0.183341859099958
"P51858",1.43009491748375,1.47339078880095,2.04507506562446,1.77427046423507,1.64064211622042,1.63647885054257,1.87097071167704,1.32356112958346,1.58817438432343,2.48463838716104,2.39618830727202,2.57137996410374,2.53136344020451,2.46668220510163,2.3416449370365,2.32669742064856,2.36143118799533,2.56438119595397
"P51884",5.29835650868754,5.14102909828291,4.79986314419077,5.14970866082824,4.96612452027507,4.95994855673818,4.68228143722154,5.28580192055924,4.99518734957498,4.54107063436792,5.01251174779892,4.65585372880955,4.64115829912618,5.2410750520003,5.00052705480881,4.79022711988281,4.5237147213115,4.83462513019179
"P51991",-1.17592660171599,-1.22269227456751,-0.546955825345344,-1.55934318781441,-1.2465512714567,-1.02475223775475,-1.6255226423026,-2.20983013405326,-1.20816473410003,0.0812434968695896,-0.703964127970972,-0.28682152350968,-1.00999268409503,-1.15361063212094,-0.349201415104517,-0.163333906195138,-0.00212420383311596,-0.0471310171951416
"P52209",2.61142843797385,2.54238738041111,2.99428056923308,3.08138879222187,2.83125446313912,2.81677841406101,2.9230649439435,2.8241722390851,2.80327597161591,3.21694675587666,3.28295191598596,3.29527948410063,3.31329995218372,3.25216880198649,3.06625417975236,3.31686629523164,3.24205757293385,3.31977185193109
"P52272",-1.36053305325613,-1.4929403850904,-1.25658076215381,-1.94232056955544,-1.76609421057561,-1.30834260893381,-1.93795798555456,-1.78891547852989,-1.70195337599649,-0.794739563531876,-1.13552477722542,-1.24184912343318,-1.52236253523541,-1.29179887036359,-1.22317311153238,-0.649681915893071,-1.41158158333395,-1.04084623482901
"P52292",0.238617840726693,0.709685689518061,0.967835290337856,0.168547090190211,0.103771666260583,0.520734843718914,0.547435980365567,0.187468683181713,-0.151804089537441,1.46590595365249,0.971371748174453,1.44844339012813,1.31047353688496,1.20932049403504,1.14864226510372,0.910137212325115,0.953065719050512,1.02829705730176
"P52306",-1.99487093311349,-1.29836036694367,-1.48236759738366,-2.06982031602785,-1.91193538416777,-2.36636612723,-1.96524145303226,-1.74005527618321,-1.37431098354071,-1.47632693293131,-1.27382838114923,-1.21595738205229,-1.56154327850192,-1.28152452003999,-1.19911642982429,-1.23787638747192,-0.953872386022808,-1.53631089228735
"P52434",-1.57752672126588,-1.11298105070032,-1.6634954698,-0.833939976063482,-2.70057576051647,-2.40460336293101,-2.55165869819648,-1.42738089764578,-1.61540910707083,-0.646996098309286,-1.32041454745789,-2.07006559606052,-1.28889903387569,-1.30417814704306,-1.70221124062329,-1.59665855622367,-1.47540729665795,-2.04398038432327
"P52565",3.2222463151548,3.05781367521927,3.22624403927078,3.22653272408916,3.16329836480866,3.12868360141243,3.28937502290518,3.11877747165228,3.30416246680445,3.97403844926257,3.95210919069137,3.90224605764475,3.7655351194977,3.8976454175015,3.79320572165289,3.86465330046599,3.74200424618128,3.78706691756286
"P52566",0.144175687610989,0.267619877610104,0.641557257791975,0.722503108813269,0.37777501509953,0.358669009406531,0.331447240329018,-0.113255652979504,0.67273591581932,1.01093039396888,1.37170970186942,1.75040490273913,1.9030254355189,1.70913608525137,1.72416700048147,1.30591183366528,1.7371971498379,1.63469366159781
"P52597",-1.98812128052291,-1.33638362486365,-1.45734657386201,-2.34055545500677,-1.55036034773699,-1.94029662839952,-1.89598080630364,-1.61176996035955,-1.90322188556988,-0.722503493025917,-0.613787007343995,-0.683657038881109,-0.79368339060912,-0.776630568167883,-1.10576108290811,-0.825160772944066,-1.09139084084626,-1.0774681014325
"P52758",-1.22886376181258,-1.2672966206422,-1.59650026275945,-1.66093625082088,-1.23073560627272,-1.10109080920823,-1.27229533198572,-0.836150877004063,-1.16236377966672,-0.671908467271096,-0.703737049029918,-1.59528405376483,-2.16331107484788,-1.49958529088666,-1.21429507373728,-0.699826059997309,-1.11559101475958,-1.4575898498324
"P52788",-1.60532980658926,-0.991043276974686,-1.16460338123553,-1.21325390271909,-1.40114941806981,-1.07026512213043,-0.943610100174523,-1.20576222724118,-1.02991600520433,-0.530831858233475,-0.628244899397352,-0.392240324508019,-0.421248063262188,-0.463664573230191,-0.394628219495438,-0.38581646930696,-0.536038454648379,-0.261976039054547
"P52789",-0.532254668258563,-0.22464314087793,-0.376794807805921,-0.192928174320855,-0.349027374902144,-0.529171553235404,-0.635590819893754,-1.1928085929223,-0.258910327822287,0.392461176909864,0.406467832309547,0.631010395011987,0.716970497303391,0.531294718363489,0.75582138172202,0.0497585250220833,0.71481069571699,0.738114531569261
"P52799",-0.784192550148582,-0.904968925957414,-0.696484085725547,-0.5375652846839,-1.10405048787093,-1.28679637525471,-0.972714021565739,-0.839081544954531,-1.15427033048816,-2.09554476366591,-2.34332056571829,-1.80051897628247,-1.46061149761156,-1.80078445345984,-1.86317063849598,-2.31701136663645,-1.3380624316461,-1.2538510371791
"P52803",1.58744732286956,1.85083404216381,1.79921229053663,1.95121389362514,1.89120613946982,1.54492201763103,2.00397536125146,1.93699856161022,2.19782467491751,0.347445239666614,0.364236890988519,0.720515638314174,0.621221096989844,0.722734849741327,0.0078397901260967,0.717111900548199,0.804450138959648,1.05559201766222
"P52815",-2.88061774340667,-2.3705759149935,-1.80403734178741,-1.46595554207939,-2.83433037310948,-1.54345159297291,-1.6039507973814,-2.62480288851443,-1.73037671909786,-0.611886532118483,-0.768824991639749,-0.130063757635991,-0.542274532717333,-1.10106822092562,-0.519820815446614,-0.71306481515476,-0.822806897775572,-1.06189554517612
"P52823",3.12122862889722,2.99886254857819,3.42350306166607,3.24147594896131,3.17665776449711,2.80152102485479,3.32081571589269,3.16912543921002,2.98478437017999,3.42826772011262,3.76063831236755,3.70986007681267,2.88773888777681,3.03784576771896,2.63747228956943,2.16608701741938,2.4111403213996,2.3070020037589
"P52848",0.00225684365720191,0.211287556532517,0.824177203191228,0.00762794329589234,0.122566953042174,0.0872393123659858,0.0850942869247895,0.607978004833662,0.543710572889434,-2.20073284925706,-1.58140574158062,-1.3146802539763,-1.11962958529364,-0.890316776573904,-0.952342358025358,-1.91353149505504,-1.41984301111164,-0.771327475926089
"P52888",-1.23487317249221,-1.25862009474957,-1.05587731992375,-1.12982741454029,-1.2325934128013,-2.05816099150726,-0.779728776218029,-0.80071075246974,-1.38910784311632,-0.178891922294536,-0.216361135484279,-0.253509032321341,-0.155503960622394,-0.230434976170677,-0.554112741460309,-0.626747921397558,-0.445044666208393,-0.225596585271418
"P52895",0.0902428690998374,0.522531473193478,-1.54600561382963,0.882108021703315,0.129483715938633,-0.94187295811967,-0.241091299729163,-0.341288449295089,-0.787378567006337,-1.14750864240152,-1.9061028189654,-1.34335553537159,-1.1451463301835,-2.09844454536491,-0.934083845590304,-0.685802313818656,-1.29133495098614,-1.33227730390131
"P52907",0.412291459496528,0.627167828635335,1.03769019398132,0.900650129635492,0.967066064565302,0.640990177796738,0.82252096233019,0.83637873499536,0.739681549255701,1.90147696170228,2.0101802211993,1.95255140744251,1.81605892868993,1.92119131970299,1.79711862851557,1.63381159732208,1.82839983583749,1.65460671469512
"P53004",-0.0976019476282062,-0.379350932805227,0.38244748821684,0.519454419323207,0.247732682400279,0.0677534467716914,0.507287401427611,0.324418632021944,0.600813743416708,1.61477720309197,1.6643179636703,1.80062012585588,1.84227901292584,1.65932132519617,1.53888207771015,1.80119987516996,1.6578773193069,1.67500440376895
"P53041",0.0907602349830672,-0.486375386816322,0.0221768416861181,0.108099990003858,-0.0627846454025285,-0.359675045910205,0,-0.0645616502395026,0.000623659148734745,0.753848213365027,0.95497356078187,1.00011252525185,0.728919855305469,0.854318728573084,0.453878204651719,0.732492049416386,0.409625718470211,0.520856078699063
"P53355",-1.70835122501781,-0.438420411826247,NA,-0.433682448676027,NA,-1.22162138233934,-0.947180577299688,-0.606785394294127,-1.43013168855431,-1.29733316759063,-3.99812430258844,-3.22054544202279,-2.21498283536339,-2.19304550054814,-1.77174734467287,-1.84515561969848,-1.29908800820271,-1.98807094896556
"P53367",NA,-3.11141014229518,-2.93335282695339,-3.29463418277243,-1.99741806218084,-2.68232667596565,-1.97031783949781,-3.1266639744837,-2.57727255827548,-1.62453078373907,-1.4784185202062,-1.44959264873369,-1.64140767909584,-1.52983067276261,-1.64210016583759,-5.05587993698365,-2.81036625127739,-1.69631259514904
"P53396",1.73328721392568,1.71540951372889,2.0804921447061,1.8456931719367,1.87930684683395,1.76274804833409,1.65783241003794,1.43904579103201,1.6551742590716,2.34518081751849,2.30389226511488,2.56088088958326,2.33586404567606,2.2267378262,2.15214675733563,2.35712134418908,2.36006548392201,2.29306366043885
"P53597",NA,NA,NA,NA,NA,NA,NA,NA,NA,-1.82768053924364,-2.21559660836496,-1.45437712125647,-3.35683713385339,-2.18370440756332,-1.19796159240909,NA,-2.42332796922214,-0.797244943234237
"P53602",-1.60115999357225,-2.96022142633696,-1.94430661494975,-2.63967633920775,-1.90825215375996,-1.22476034838533,-1.06350845218391,-2.03676832335996,-1.97135524869367,-0.655152129788557,-0.798256916333385,-0.652308219486458,-0.374541197890513,-0.0110388466441744,-0.195130616391696,-0.0481428224435341,-0.804797328788068,0.0607779850994667
"P53611",NA,-2.51533593855499,-1.73025423174508,-3.57213367340833,NA,NA,NA,NA,NA,-2.73593930629198,-2.25115832462574,-2.78041349180575,-2.67044240242828,-6.35222453208876,-2.29401445717678,-2.94018765167567,-3.56083938386686,-3.01128312802153
"P53618",0.00827224973551033,-0.250490224593253,0.275879780511014,-0.0190707603590603,-0.0742446906390413,0.455920677106642,0.288006241651381,-0.211580968138581,-0.291280162131397,0.999747776313669,0.520435641106063,0.49024498193598,0.200330069179163,0.0111613640089629,0.424565593445918,0.641281903148164,0.185995925838485,0.266309986784528
"P53621",0.23869466793289,0.503802071597754,1.04077150165246,0.536247615470428,0.519008822772079,0.705260768765264,0.512984747380807,0.686917480657987,0.356637409965105,1.26672354044459,1.00904529634805,1.19419325854219,1.24033575126052,1.07584074414739,1.02044989304595,1.05965285512552,0.986978453169966,0.678966116583737
"P53634",4.51952544923923,4.66075733042396,4.64227545690658,4.59113047302009,4.35496122412285,4.19650444135586,4.75148521735282,4.66704451264527,4.6208796376877,4.4725387313597,4.73526918901978,4.517568464268,5.20509892526342,5.32612990350254,4.86192115693984,4.96980919163443,5.37960983113061,5.29445929718391
"P53680",-0.186653329219018,0.353859492802348,-0.14029437814335,0.348356832653137,0.243190125773104,-0.062650616988547,0.0803298703997495,0.280424780794309,0.0758917231198044,0.842360250930835,0.758979147473104,0.804312604528247,0.591098870249411,0.686546593755578,0.575871783244851,0.569057877328488,0.594633246223362,0.782046668769087
"P53801",-2.12334196896354,-1.3498493268703,-1.60692609545732,-1.09123585598586,-1.55428634376541,-1.36541693602946,-0.878969903342554,-0.542558146303278,-1.77520352929941,-2.35911462765059,-3.53473737148591,-2.71375800608899,-1.88419322863295,-2.43383662893419,-1.72599191444738,-1.2688434442448,-2.16506358920921,-1.58930497449885
"P53990",NA,-3.78661917308812,-1.14783474985444,-2.64875932993586,-2.31674457971375,-3.0567983759224,-1.26388468552081,-1.92365206483099,-2.09347586725337,-0.830888731559686,-0.973423744763347,-1.01915690970734,0.0535750701602424,-0.537963889290655,-0.525507258811548,-0.659813895755274,-0.183092664014243,-0.258541583867185
"P53992",-1.9539418431507,-1.44661769359838,-0.644009967789723,-1.89111048186645,-1.14997694460526,-1.37767664783944,-1.30326018837216,-1.95938646558207,-1.46812618491161,-0.207597713952012,-0.0588974554102766,-0.527347574358148,-0.325589272658283,-0.347009589693355,-0.365824119480978,-0.46425354809131,-0.661068780840611,-0.734562749564572
"P53999",0.627398354523585,-0.150956287432193,0.27939383647532,0.375437768528597,0.697387317410691,0.654182127889685,0.880447164413731,0.4746478006257,0.589221773328271,1.31146479190905,1.49863645971793,1.55906513174109,0.790003354053185,1.01158084287877,1.18998947737535,1.12731514128554,1.17328573493338,0.800651703908835
"P54136",0.0621854839029794,0.167438494843703,0.591073051753931,0.0416165670424622,0.166465142327217,-0.453630890618685,-0.153169338422069,-0.0926133064960144,-0.00199298866538555,1.17956647507967,1.10438722280576,1.0118179947543,1.04812284489706,1.10028159766048,1.07836659141973,0.904258576638709,1.08149636919206,0.919666993512203
"P54289",0.740209405286636,0.758250217226879,0.155943106660926,0.745691807042585,0.825575511279725,0.912842439107566,0.209530051124876,0.819905286548254,0.656517549721055,0.251127879325399,0.191909496292707,0.222903099763609,0.194719815409925,0.409209298693769,0.488458419679327,0.286415233507077,0.175020435337156,0.43382992942254
"P54577",-0.487309207432338,-0.733209765860602,0.58613611859661,0.0339850872394702,0.139316812564315,0.430875570964847,0.202665911358723,-0.00508544717442305,0.0755462347473088,1.50086361427052,1.48828392651302,1.41338761634023,1.12088210192053,1.28141380859632,1.35212552919069,1.40960409453585,1.05617958947088,1.04706530916154
"P54578",1.03335548243832,1.15091926086585,1.2444707967353,1.16542679018617,1.03995769697046,0.712165402631758,0.892743461541315,1.11720881271932,1.08840680723619,1.56857514511882,1.67851092563454,1.68832887494722,1.67983965510993,1.82355454458868,1.53596703926642,1.81635879165192,1.76228812570236,1.88276831642168
"P54652",0.221774220113421,NA,0.860368605227645,0.799845190559839,0.193536034447881,0.0350076395276719,0.91255507642186,0.940702911419564,0.58584910690654,0.828938919627003,1.45479766169639,-0.533953177307437,0.502355898387119,0.982954468302054,-0.0490846007648855,1.10909272526075,NA,-0.949004313816005
"P54687",-1.50903752449408,-1.52880163773358,-1.30222235946014,-1.06097402110471,-2.1885433044814,-2.03482917982789,-1.09508921092359,-1.73321307242218,-1.71040207220824,-0.871685734456501,-1.41510044454898,-1.34071077796766,-0.572650793276664,-1.52614755022423,-0.935650951779274,-1.34019811435539,-0.945784856902473,-0.212510669423365
"P54709",-1.18031831413976,-0.871341610260036,-0.430199888306416,-0.782774223617657,-1.21587921989537,-1.75734136865332,-0.746611123457925,-1.27254624927805,-1.38360272349866,-1.13248080406205,-1.67375423405289,-1.10074101618582,-0.748722794652752,-1.41232150438462,-1.11025285736796,-1.1534219887017,-1.04143272663133,-1.01813562003185
"P54725",0.872325582342054,1.18104556552322,1.24950414641426,1.22771919269246,1.01385417224215,1.34971548780968,1.05328430158814,1.14825240094553,1.26535019233551,1.7103412111644,1.45144639348626,1.61001562816439,1.01159912438818,0.774705661206537,1.26523235046489,1.20525377731011,1.10549678704276,1.19972251945541
"P54727",2.11849066799702,1.8710626835533,2.11618097495967,2.07905475484605,2.20465697228504,2.29126886309955,2.12273798671034,1.77014666911195,2.03998448381958,2.44129743428127,2.45996100126948,2.54318558145203,2.33013658987839,2.22925498992055,2.17556806772385,2.31063431620291,2.36953866495302,2.3387765949485
"P54756",-1.95755456351402,-1.70246632276383,-1.70648199516269,-0.846285694145884,-1.78504651777126,-1.58550300276064,-0.38299930361287,-1.14029122308229,-0.909648812300482,-1.81041780083843,-2.8826553585114,-2.01031416549031,-2.58443013365789,-3.00308097648337,NA,-2.63626732080826,NA,-4.55313675018602
"P54760",-0.504287766548792,-0.277623918459918,-0.219116126850382,-1.12377446261128,-0.648634820750202,-1.45401832636655,-0.0614375919623633,-0.550147391032318,-0.438328518523843,-1.05442328212308,-0.725776449635688,-1.22369189492467,-0.98109240944184,-0.976822316767897,-1.53763186462449,-1.01636260437198,-0.981565353664034,-0.822015068537783
"P54764",-2.42075085614244,-1.3793791110034,-1.06701531776334,-1.46489896341052,-1.67896657367472,-2.24456463555208,-0.975950767441126,-1.33916396247542,-0.792039761527743,-2.09418809343871,-1.79344876448294,-1.36073417195639,-1.2126578164717,-1.46077554076891,-2.03652921911039,-1.85089019517559,-1.83788163117047,-1.53863662635152
"P54802",1.42519510111577,1.65349719566915,2.06531430596955,1.75546230889645,1.40605879646964,1.37285647665122,2.12996028452688,1.67739159396303,1.88029423493144,0.69502938356286,1.22016940815768,1.17499385189914,1.50078047445124,1.48961498416813,1.02141224166761,1.25965978146112,1.6911095410889,1.62388370513282
"P54803",2.73826585936715,2.73047967579106,2.87933377054502,2.37906657148201,2.36729192647606,1.87846998776729,2.7690791325034,2.44667642498445,2.70740773905606,2.15517373198715,2.36602472489436,2.29898943487868,2.5466030078656,2.73465730959917,2.46739671181443,2.51494333797157,2.62315218349393,2.55316839742636
"P54819",3.43296702710924,3.55993285246339,3.93340104370953,3.59760624632938,3.62632275335312,3.60105712624975,3.63637378806011,3.83596387713546,3.44399234608934,3.99993776708433,4.44638472204635,4.57342590783067,4.30686310625184,4.1779091022855,3.87060823970169,4.00716992800766,3.98196713431425,4.32570400570627
"P54920",-1.33530479999478,-0.89422778754255,-0.684653523818801,-1.33674819735385,-1.29459516295221,-0.890079336231687,-0.836700694439497,-0.886941251542962,-0.630959277679435,-0.179945589719631,-0.483882037624238,-0.619486819264226,-1.10195809586443,-0.831932080076763,-0.735809986824419,-0.843901340411222,-0.990776925372343,-0.52035561200639
"P55001",2.02448787336898,1.99383067710198,2.29090702465293,1.6957598175823,2.16788343018006,1.79585260696286,2.12435768328664,1.47959060205917,2.25111526848219,-0.0497928371669047,0.534844522644285,0.532031738033858,0.428528085711413,0.34959198123231,-0.214402091752305,0.082340296078506,0.325299625509855,0.131744070534401
"P55010",0.171002093773975,0.531987252620608,0.551594743562536,-0.682098696832881,0.365352762004266,0.41100092242797,-0.0177072974877195,0.643525837107443,0.660167178681574,1.16898151933951,0.607311064563183,0.753366916242204,0.563957318738538,0.809751484808025,1.10297206806221,0.915625995154651,1.0727745359515,0.605215264023862
"P55036",-1.35934667092418,-1.20221274838561,-0.8258766555502,-1.45920004692584,-1.79889470672631,-1.27852312308799,-1.45358411696544,-1.24756284129994,-1.15428511588931,-0.551239534258936,-0.577526600029617,-0.20314529367168,-0.250909324655897,-0.344536561852456,-0.202810399599469,-0.752583736362874,-0.285945882145271,-0.934133481675898
"P55058",0.972066281338988,1.23627404524176,0.646823994539382,0.766103120964917,0.520128689214907,0.550876192603081,1.05037332992607,1.15652283245189,1.28341793064882,0.62601814129839,0.329538717005184,-0.0799273376157501,1.93711350938499,1.4762513430801,1.80025572601527,1.62715812887845,1.75668701045917,1.86967301652147
"P55060",1.85867244109258,1.81912513961579,2.07723130179279,1.95845595589555,1.84171342871286,1.80009481884595,1.83531465354573,1.62667750508227,1.91276851394545,2.82987996056775,2.44070507524144,2.47409799892639,2.3295969059592,2.25146546870286,2.40918762639698,2.63487484864981,2.24372426540759,2.35547256097118
"P55072",3.01906619113499,3.15534087176517,3.39162020678914,2.9118474080797,2.8448258780857,2.85042360893724,2.87813450250664,2.85433592662645,2.92568283360741,2.91260389238036,2.65562192903644,3.0407610708375,2.75917848179711,2.60249473907963,2.80646722180095,2.508761352648,2.64699893069468,2.87359108644852
"P55084",NA,NA,NA,NA,NA,NA,-3.45979848873896,NA,NA,-2.38654507933033,NA,-2.61083205978802,-2.2108553530051,-1.60380024169921,-1.70373422408789,-2.93556280738053,-4.60206957600459,-2.95611963188252
"P55145",-1.70898499951005,-1.73470479010642,-0.916428157744124,-1.8419500649821,-1.39542916692533,-2.45983185113417,-0.804063177217957,-1.84014796479971,-1.78580671483813,-0.878263405374468,-1.11108921299495,-0.508456333838827,-0.335919446959091,-0.342668041387046,-0.423246072719955,-0.990953186208395,-0.301449120597848,-0.398313318250576
"P55209",2.85409155964166,2.59632853437379,1.7273572342898,2.72882473787275,3.07501725340358,2.91261382797661,2.54073570351762,2.76594402763449,2.91830645438558,3.44942984194278,3.13199551869416,2.83170026438086,2.05197894235652,2.66422808554414,2.60806450262745,2.89487450519598,2.49427594146614,1.39981914217006
"P55212",NA,-2.17871251298863,NA,-2.61299423934764,-1.13852699155815,NA,-2.19224206489733,-0.939916117765984,NA,-1.81964199419376,-1.4043711105161,-1.74310530795691,-2.87654305330306,NA,-0.964250394712659,-3.14560196228933,NA,-3.32010581510757
"P55259",0.750838703079324,0.666907035451068,-0.0520975711148761,0.904513739726776,0.425914466134721,-0.0638050167633146,0.896524505852254,1.060015860169,0.551664746140419,-0.133621055442681,-0.00974992506170835,0.0287856078944753,0.133243813128429,0.577344397146485,0.312925447250784,0.424483155779908,0.577560822868781,0.912947027498529
"P55263",1.27161406369867,0.903355337110877,1.09633829459976,1.02253446375902,1.0359429039534,1.05805489726112,0.769668634948365,0.840205250163343,1.08677732920873,1.82203143668623,1.37719456495505,1.62536662295289,1.27734973164836,1.46571647137736,1.68858258868574,1.76213206224471,1.28525965023638,1.34547173703499
"P55265",-1.82801935723589,-2.43091317608421,-1.67957245376407,NA,-2.09366994559383,NA,NA,-2.77790026569251,-2.71733912815671,-1.83559977649982,-4.97748607264501,-2.21123583112196,-2.54931554531008,-1.61111741706689,-1.96382422612962,-2.21300611703831,-2.28306993575734,NA
"P55268",3.2182287219003,3.22879514010915,3.26570456766523,2.89045656228516,2.76295625909976,2.59868533727444,3.12847767740103,2.28852691421663,3.02401920539103,1.54134566505889,2.07696226397555,1.98532438287844,1.64560194590256,1.49666883840838,0.976820959177415,0.853937715186314,1.44469437878551,1.44292212741387
"P55283",3.10678282443474,3.25891266487811,3.54950990064637,3.29013973931631,3.25667980220301,2.99470644386743,3.59381737187194,3.51608092380373,3.45109920404765,1.62783564452547,1.91524345002906,1.88773206332672,1.98642117329346,2.04326484486742,1.70558557050762,1.80262273846845,2.10526906229455,2.3923844678034
"P55285",0.456882933316892,0.616518182135438,-0.00289011900441949,0.389337651554042,0.239025854839786,0.135857243562729,0.193120431040741,0.382689848287079,0.161698201694039,-0.265465929007908,-0.00435694339063453,-0.183375093451875,-0.185644348164475,0.436630634288425,0.00506381309001824,-0.00606311294558992,0.313575223726032,0.00953918344024274
"P55287",2.75485793283299,2.750166697396,3.15526343950616,2.97483087210684,2.99029706167646,2.63827043146811,3.14839477687904,3.16991564706774,3.13970308199498,1.13690379320726,1.40194672069686,1.24441208575648,-0.332256835064671,-0.205978740864392,-0.337923573708485,0.437315490336815,0.480860211934298,0.517250381602564
"P55290",0.640021456555484,0.874694142001792,-0.0298869169714244,1.09488596868505,0.476846452553497,0.676400694784602,0.498025657870055,0.605338483274997,0.85592566643656,0.478739833930183,0.0438437917632939,-0.0663539253724608,-0.826435769113569,0.0183184937554959,0.208280001866514,0.388069846696865,0.242934011068959,-0.0782011646059679
"P55327",-1.89781153919525,-1.43001377864098,-1.14053788104485,-1.36366827868753,-2.36345867490828,-2.12115850616883,-1.37050671722082,-2.07816021927425,-1.97534820702912,-0.526101066627471,-0.394564586816783,0.015539649503804,-0.492899635929787,-0.702235429685044,-0.151187238549804,-0.129939740143111,-0.261596434370555,-0.197401246919465
"P55735",-0.661616203656195,-0.498483689589452,-1.03394109071878,-1.52051854364099,-1.34523325127928,-1.18811845359987,-0.503367649267998,-0.900492663194796,-1.60855952967008,-0.240641731011763,-0.0204306493136848,-0.210347778072322,-0.669963256827729,-0.816405398105141,-0.762977970377879,-0.094955267532443,-0.706830670821138,-0.201638458443814
"P55769",-2.28256984330678,-0.915185376505148,-1.98229404191723,-1.80079808401232,-2.03450067982252,-1.70465762458452,-2.01160488883109,-1.76527743669683,-2.75805232236577,-0.0420577615834521,-0.849704147428559,-0.649645909268484,-1.49481454940651,-1.21773679656703,-0.756820499075584,-0.593040799600181,-1.63271138251008,-1.37973918233499
"P55786",1.74482487066823,1.58878509163379,1.98164275179493,2.05900071954308,1.97312870948849,1.87493903211966,1.93980905976445,1.79605305192383,1.93568044189403,2.73359523460524,2.99845284300824,2.98833771855358,2.89897441678034,2.90656663631634,2.47689857440332,2.69704928385747,2.82561611492836,2.97142547674084
"P55854",3.14983415868705,2.89316423574775,2.72569381418345,2.4987779398006,2.55812411418314,2.84025477310666,2.35426102519009,2.47711914699125,2.10362408901185,3.09808821055859,3.90529190078697,3.568053224032,2.85986136244207,3.942123390396,2.41313602059609,3.0223032437258,4.04721915685566,3.89748672880397
"P55884",1.03955231359158,1.06585340563024,0.838629315845461,0.677000143480235,0.66633100086038,0.645680354329039,0.55324291982719,0.417730277084541,0.76080892035816,1.35645289182691,1.33960271628918,1.11565169089186,0.937469995544726,1.10437992434832,1.13483381853819,0.917350086722994,0.827315299930016,0.923298191384724
"P55957",NA,NA,-1.97330560107213,NA,-2.34029982622797,-2.54913705234148,NA,-1.57179477977595,NA,-1.89259534087254,-1.34404931537297,-0.575772893909557,-0.559054111969282,-0.833514709233084,-0.678344987568606,-1.35603784886824,-0.512523163494338,-0.381701892259176
"P56192",1.41786922240551,1.40558033323753,0.836290347514776,0.255501019368976,0.817553899235199,0.343442743900752,0.292524015781225,0.159379610996432,0.873942524765033,1.52259484076552,0.815114511061722,0.957522466363102,0.878499056504747,0.564221303034659,1.39381409139462,0.472403349710824,0.427815023290153,0.378366528398397
"P56537",2.09615921482218,2.25881255740718,2.30233892229903,2.17383672422791,2.39804762944917,2.31582300132963,2.19611859494406,2.25358153932966,2.27569880155608,2.93762006291043,2.67957557201495,2.65463014382141,2.73185294967609,2.47598573122447,2.57220763274802,2.89645984847666,2.78126751195811,2.94604124308454
"P56545;Q13363",-1.27751049871022,NA,-1.03994141124981,-1.62693735914959,-1.67626709876995,-0.958416772024569,-1.97483641371138,NA,-3.02692445975898,-0.711117585750714,-0.530933099458135,-0.762949198125629,-0.791546941274221,-0.442210725704328,-0.472175655369909,-0.530443200092744,-0.791593265257493,-0.332244779462719
"P57721",NA,-3.83272108634111,-2.18290762460511,NA,-2.24668637091275,-2.43730300781916,-2.38057379624594,NA,-3.48010159853822,-1.23309455024285,-4.21717798211252,-1.29566108628093,-2.28088216266415,-1.6917656935889,-1.69908397254379,-1.56100776950096,-1.52722398074136,-1.92198953773729
"P58335",2.16910624039311,2.08844694970555,2.44542244761736,2.34062387576096,2.36943108242949,2.17847596898241,2.54657353266388,2.25402374429344,2.51759512380253,1.77968120833815,2.17238552239991,1.98277947490535,2.14738185999267,1.84225219164785,1.75412926586436,1.53297756083742,1.82910599114646,1.97850867737604
"P58546",0.658321243271612,0.738514816494792,1.15000611015909,0.766438208414087,1.08090930258605,0.816573574530397,0.788651466290631,1.06694660762695,0.783446345212329,1.66991079602398,1.54954210715657,2.04018639815902,1.95515813677677,1.59238864370622,1.74505235503199,1.98522338544041,1.82626275268583,1.85666416012806
"P59998",1.75079468397472,1.90386893240222,2.28079179382262,2.02492762460802,1.78943949287464,2.21886959056691,2.13179738623181,1.79392603952726,2.06170956342668,2.70519601496549,2.85053531665849,2.87839630502875,3.20195358980834,2.90175514601157,2.74692012372453,2.64326866188307,2.83980040792941,2.76374888045885
"P60033",-1.75377117851812,-1.98004708099293,-3.00533896618303,-2.14517213317063,-1.89362501546253,-1.68136773138215,-1.55709374422723,-1.819624132763,-1.4369262765114,-1.02393437901702,-0.933053163008298,-2.20684575177685,-2.64567169844652,-0.758743891610568,-0.459968873200267,-0.102990585757713,-1.61741740430149,-1.85966914963655
"P60174",4.47397033014218,4.41476570502053,4.75743684850792,4.81041159024623,4.60372267096397,4.59042750010635,4.53553189111139,4.45135922523331,4.50142943671536,5.26095081071157,5.68625391971045,5.69502294491693,5.58613103741366,5.63106203166687,5.38320550232236,4.91303909605911,4.70253309365953,4.91544966673037
"P60228",-0.520732799866197,-1.00923126098012,-0.826385832000287,-0.529837977597481,-1.33047359542392,-0.542928310460079,-1.34245844459368,-1.39309372286675,-1.26758304457417,-0.0127416416647606,-0.112070894167163,-0.177038180022141,-0.420287633765676,0.125027160886303,-0.25450607145843,0.370446331262483,-0.245970974192966,-0.521750300133652
"P60510",-2.42653950400618,-1.40685728285057,-1.55511328108214,-1.73160902173135,-1.93044175777928,-1.0109797524798,-1.61144093933578,-2.24668701326219,-1.69477836089229,-2.46954472527187,-1.20041981420514,-1.32791358376132,-1.56347009276791,-1.15054900140266,-0.901889798217084,-1.62968050937299,-1.21823596424546,-1.52955062114039
"P60520",-2.48385993585815,-2.32924352962271,-1.61836684511592,-1.30561501598716,-1.7493022275183,-3.25310874530351,-2.16418939299523,-1.59381494284094,-1.82863792994102,-1.82987220730768,-1.63745437416888,-1.99057711754548,-1.54931149647125,-1.34062126822464,-1.44512420299645,-1.71371392674907,-1.16065174056692,-2.03563441499311
"P60660",3.13745650877503,3.20888758503241,3.26429899459458,3.12481114520256,3.3892087909387,3.45739485171862,3.18911803561895,2.97515199944267,3.27250406702939,3.81860818121676,3.70500789146282,3.8600972591184,3.83834793730461,3.6883442018254,3.58814351781414,3.70262864603787,3.6442432089524,3.60803548045928
"P60709",2.20363836799559,2.1881400107061,2.05631089451753,2.22839433940241,2.29978929240958,2.50645159550482,2.62990325452902,3.04556275578034,2.55735733192459,5.09467692358489,4.35932776361732,4.48611686081775,5.0561543891825,4.43567857641882,4.32973651943224,4.40365076318102,4.39034404967626,4.64070144531604
"P60842",3.04006949940624,2.89539623846169,3.33708001503293,3.05551850379631,3.0052392398374,3.08871671787491,2.90338474806553,2.71008991430055,2.86011760035294,4.08085430144189,3.85153756331263,3.96295411854902,4.04662926212412,4.01796799758209,4.08113496310497,4.12652694984728,3.97566170749709,3.97482146124284
"P60866",0.125395175052986,0.270998013351198,0.527784963569497,0.0831476535171962,0.0117661187049052,0.481588504355335,-0.267553734417229,-0.41948608136061,0.15029650156314,1.68821077371499,1.26555797775449,1.44205143875877,1.52104778227582,1.09722509198624,1.38338254608618,1.33794756466578,1.09441386886135,1.1162666641932
"P60891",NA,-3.4257106517338,-2.13644727871677,-3.08714183652623,NA,-2.01230054816903,NA,-1.65865547822422,-2.21968588032862,-1.73597612820112,-4.23301213314204,-2.76768799619353,-1.83646476533451,-2.20087961031474,-1.60280737454953,-1.57571466472816,-2.59879701199145,-1.8093085390631
"P60900",2.36768821140635,2.55857056661488,2.39055193131443,2.4633025401315,2.35940120615068,2.21935154957643,2.32892195686447,2.41690862931362,2.47738833101243,2.3405412012275,2.33741353978444,2.09995345679979,1.59117520220641,2.22189276820268,2.18459824517919,2.08429678542938,1.69295880321032,1.81455231349805
"P60903",-1.25657786999086,-0.870929061602562,-0.436017111733106,-1.47418131941053,-1.7273313849959,-0.889453291718986,-0.974232721210829,-0.986580905379139,-1.01537784872513,-0.201208097530987,-0.0915004045063252,0.00373924359415767,0.370086967275663,-0.146433126101522,-0.102406033111716,-0.0620842838922968,-0.468086369631433,-0.860637631204363
"P60953",0.857081003647702,0.4311274080227,0.250422456394659,0.294266850097394,0.603487303140584,0.575759307293293,-0.0771245630783657,0.387470132247543,0.409991880200973,0.930723469937478,0.546261463494027,0.500708060849435,0.404872549498721,0.685258775098674,0.952495264842959,0.801463017466199,0.512222860843369,0.775340231637253
"P60981",1.69173474502021,1.79473860236305,1.73099927569702,1.8726469170232,1.94866690820112,1.99655089559146,1.65737987706179,1.70173664345787,1.68633055750817,2.9104338856429,2.69914260922542,2.9165029994615,2.99341143938378,2.7396369792867,2.83222225259449,2.94909933714753,2.6603292801889,2.76605887259049
"P60983",0.886655065452642,0.721747261713533,1.20044221745206,1.00170629091601,1.0936271147587,0.930224846110541,1.07465028515629,0.273999830767366,1.19172587401395,1.38819384351611,1.43931086548006,1.67775843020572,1.94623667222396,1.88554982159574,1.7383319210014,1.71374227667614,1.84208171247183,1.91204211610281
"P61019",-0.833108029187471,-0.597059867698039,-0.36570566219137,-0.290738374845356,-0.777576500731097,-0.80656842202745,-1.07304167373583,-0.450794077699983,-0.350873481385616,-0.111554994151318,-0.225140741420725,-0.344248738350497,-0.157067876262479,-0.403134446470714,-0.0626750479918901,0.0542647693982783,-0.15179903860939,-0.0709818285885877
"P61026",-1.84149854994611,-2.07934122092815,-2.8258942599228,-1.55911557396666,-2.33149057959244,-3.26826498809621,-2.55934217398958,-2.86104993418241,-1.88745324727054,-2.57276001699928,-1.59281707298522,-2.25807743590402,-1.95205521722015,-2.14452563125342,-1.74536587749539,-1.23324562347642,-1.84144749325655,-1.58368540601271
"P61081",0.0882081090380069,0.912591271091298,0.940279488267487,0.42982622994824,0.678732897814029,0.632959728918165,0.637853541285368,0.55754126555763,0.925660779932153,2.14533086246143,1.59702487809793,2.12821547633369,1.66718828022682,1.55995266105994,1.8685891437822,1.72717972204298,1.77581819335275,1.94570980651442
"P61086",1.35215927861735,0.976225247141404,1.67852282859178,1.28843351947269,1.26806499247994,1.37368262992331,1.32134910930929,1.6672731685489,1.35640191969667,1.91652962214436,1.96845095884952,2.05088404962468,1.80811030856157,1.90281922471016,1.5723767336539,1.75414687384671,1.68063540294447,1.68846418174799
"P61088",3.73441541810433,3.61086641347786,4.2509244277777,3.81710271777061,3.94962507553848,3.91367762046851,3.65038851533958,3.67978958102593,3.70635121430616,4.51808685150238,4.73188400300867,4.77285786308919,4.68827640039525,4.25693326919703,4.41736380115754,4.36326698160765,4.54317911482292,4.55784058791285
"P61106",-1.31148138854675,-1.4307018976601,-0.903107839913467,-0.961834822715025,-1.57741568406968,-1.24561094480397,-1.7223430607374,-1.14290304533594,-0.812124084563679,-0.531922290198125,-0.774070442783167,-0.414370081919682,-0.670929657583327,-0.623899035350566,-0.47423240639603,-0.737875872183915,-0.914682800099374,-0.8196154234896
"P61158",0.914404155322142,0.898253681691084,1.2963801027039,0.895052447277749,1.11982531454053,0.853717307474879,0.710815575904038,0.643696351155693,0.93688425566843,1.74369128520842,1.83762232062392,1.95096582568765,1.98787629912026,1.78348063661169,1.62929447325195,1.595198703688,1.6523089780728,1.7275749846013
"P61160",0.776276943278955,0.727803397690973,1.12906803793629,0.749266421341749,0.892077316385555,0.719759640899577,0.631673228559771,0.549520409995944,0.612906994332549,1.5689629410035,1.5001500538847,1.72878238448267,1.66301241259468,1.58568337100993,1.52338101798838,1.48604053007822,1.59128913251399,1.27476380158807
"P61163",0.470727154496229,0.658361551814442,0.7741974679512,0.567992690965346,0.859784080671743,1.02892972540486,0.937763855945683,0.724593804265892,0.341292822832434,1.637997955325,1.46494707157395,1.31987950102017,0.937849784029776,0.729351440259482,1.01486207819919,0.890858104804803,1.01120629848912,0.952001112699348
"P61201",-1.45031570177435,-1.03933654667514,-1.41678772298979,-1.57768279151289,-1.89180798438084,-1.9453188339915,-1.27637426484031,-2.68900948939991,-1.77356313390621,-1.52703961315757,-1.16285654706824,-1.08515051640627,-1.42555354512498,-0.945668875360863,-1.4714845285346,-1.34657413596814,-1.10930240329988,-1.46262798438106
"P61204;P84077",1.96201677072203,2.27465011275664,2.23370797554686,2.18332817355366,2.29595771506932,2.41018917677656,2.0695654415753,2.26434900952155,2.18913745506451,2.58718915056896,2.54459397438536,2.29453688179804,2.38866950982374,2.80021496374868,2.93032762954599,3.11463589691483,2.70282278472446,2.64121202235196
"P61221",-2.07884979718064,-1.29860584292588,-2.26364413823736,-1.98642769844681,-1.5707392438311,-1.02307966460986,-1.90951187386116,-2.60263560821395,-2.92542457377664,-0.917448323460651,-1.86235329899423,-1.42447179716479,-1.94264159396516,-1.40737057566688,-0.603725583345507,-1.24449912209405,-2.21373533701731,-1.84232104783091
"P61224",-0.0976021922503065,0.0525647995491649,-0.890894479481729,-0.642995037780371,-0.305385603162112,-0.436628298963551,-0.633009044101119,-0.755224827544233,-0.158701002981703,-0.0472896614732559,0.0729397231826479,-0.292816532243723,-0.0612150520006658,-0.747638655789173,-0.295439864981763,-0.191729533945344,-0.0733186049417025,-0.352986482876338
"P61225",NA,NA,-3.24168036334817,-3.66406337913687,NA,NA,-5.16753962336092,NA,NA,-2.48271951150265,NA,-4.47601094040259,-3.0710061558427,-4.46407521617524,NA,NA,NA,NA
"P61247",-0.494125358430036,0.0918317954960344,-0.309858333735825,-0.213791037436163,-0.491352300374057,-0.0879161484373192,-0.706698552514803,-0.675170344176808,-0.29424499885932,0.895287624830535,0.445699042241808,0.919776369147362,0.803806899638415,0.490242543936859,0.733033521262792,0.503866826379976,0.774812228734847,0.636722035568946
"P61254",-0.855249927829423,-1.84722431043985,-0.906271891014272,-0.655145098057742,-1.28989563152081,-0.619396141399712,-1.77842267259097,-2.3678525511217,-1.82708866306866,-0.771232582177131,-0.689860224132916,-0.654473379080699,-0.834166729717666,-0.985459683795814,-0.947113161782061,-0.896640566060032,-0.2143182355651,-0.0954860485846787
"P61289",0.609159414360466,0.302168288041273,0.46261698525163,0.675336476045308,0.204914847425892,0.285430788986375,0.362182013594602,0.106141975835737,0.827450788277517,0.634997510524155,1.03983377697635,0.696422378858109,0.641447914106466,1.05381728514274,0.443254097754917,0.825262160552935,0.705490869313811,1.04201637588242
"P61313",-1.16079887570764,-2.68872800338044,-2.12609566784827,-1.02770619324768,-1.33092875246404,-0.673306218382838,-1.96548937361805,-1.3122027304779,-1.7718221081871,-0.658844093885431,-1.85225090618794,-0.874552427027539,-1.2757455361728,-1.65797848588295,-0.440424683434323,-0.561026973593631,-0.613767484951339,-1.59132871156149
"P61353",-0.260608315229581,0.15080177213526,0.00151591579731125,0.158509195059034,0.150663864373794,-0.0111012810066224,-0.305421906286091,-0.59998536097757,-0.630728435819016,0.405206511883994,0.0752293616997068,0.610713567901378,0.415396727760299,-0.184353014685685,0.46928937165938,0.48060180160358,0.0206811554200854,-0.442714581658288
"P61457",0.269235389512815,-0.0300283562102841,0.0946593509269995,-0.0882862827519144,0.22583095499402,-0.0623268873702116,-0.366754531587697,0.111548594829726,-0.311019600946697,-0.0959805302856296,-0.00161737527801442,0.592284792163527,1.01307376000148,1.09181516078362,0.957521717763024,0.527802709701739,0.977131292357894,1.17779745072572
"P61586",-1.04501480329876,-1.42741459670749,0.0685021782257369,-2.29975735145398,-0.476816973623773,-0.375527137101038,-1.08556366089839,-1.0149138543632,-1.39097685826831,0.601903140069233,0.0592196658464559,0.0628875232973467,0.36971610215079,0.118031498392586,0.516801001145271,-0.0372420605135542,0.138178734616496,-0.406132794512651
"P61599",-2.00088610406513,-1.84648215735431,-1.22521200381979,-1.77964046593115,-2.24324310208752,-2.01660050761801,-1.3935819246042,-1.25368206108077,-2.40117507202853,-0.813104091159483,-1.47222555159534,-0.706639204943674,-2.03505037429471,-1.66481777389377,-1.24326582538809,-1.79088725506583,-1.45765987065463,-0.831150619434594
"P61604",2.17421244897695,2.1541819563439,2.88526978681452,2.30472681707193,2.21592186317882,2.24919395759717,2.37609994379171,2.24780041752789,2.3748088399093,3.51823199121151,3.60620721673944,4.08112432808871,4.01448288944246,3.83671803376845,3.80743583314507,3.67911304274169,3.79558130226868,3.67532505079355
"P61626",-0.99736463213129,-1.16808266062212,1.19898016101087,-1.39300257811691,-1.19677875113926,-1.15748676325445,-0.61214184244547,-0.865575939880552,-2.36363973606073,-2.6054649356859,-3.30876787017953,-2.42671486775644,-1.57720822311003,NA,-1.11094402397182,-2.42265815803021,-2.89416867856045,-2.72895503995694
"P61758",0.162706180112147,0.724589447048368,0.6177708817627,0.218425587913233,0.400868634082526,-0.0584461458098477,0.0796483233920995,0.405375386832302,0.254832122710832,0.920934085445683,0.75952570724068,0.90333298987832,0.609289878751094,0.579635264426072,0.375104575007443,0.544381233597777,0.607737521455443,0.417481148139323
"P61764",-3.11134931894141,-2.56619080550091,-3.26786146978953,-2.67506627648266,-2.91579738769221,-2.82106787931908,-2.99725256537592,-2.32328036823085,-3.49860184777198,-1.38419862666538,-1.80811081562241,-1.29708940947173,-1.40757870336457,-2.18495568385896,-1.64252786806475,-1.88022721410038,-1.63758345996426,-1.43102219980192
"P61769",6.38033551909074,6.25426739743646,6.58709373655568,6.45794251688137,5.99903610921333,6.06405823289151,6.44700587759061,6.19531471979991,6.47966806783285,5.53165461961801,5.32086176747398,5.72190199067572,5.85215183178232,5.96727677783893,5.81828196093144,5.73553120119663,5.95418506061522,6.08826121613551
"P61812",5.46436202255401,5.35995947853639,5.73338985924321,5.28825740654174,5.27590651877221,5.14955466454514,5.50707379643932,5.41397254596382,5.41476249404247,2.40398303851665,2.85686631335101,2.72605439237242,2.72215305074346,2.66570089973531,2.59069058053302,2.8114727532293,2.80234466910798,2.88294590357805
"P61916",6.86950511924679,7.16488452190038,7.10870708323323,7.07642179773267,7.00363443108663,16.6915722259184,7.26882663639062,6.97034310758096,7.08878490830307,6.11298495997019,6.42631239848647,6.29320288645867,6.54079618200072,6.6603409649221,6.40375683648967,6.47040614861392,6.66065220383004,6.83079843328062
"P61923",0.331895989538307,-0.7431974510908,-0.0186605384238998,0.0697714730500891,-0.679131685930141,-0.576796594929453,-0.237959833211942,0.374015768890658,-0.549415527247421,0.500293300532656,-0.150968764397909,-0.289661776432071,0.198384464019458,0.285998401309234,-0.269937279098423,-0.166134675451385,0.833896047880952,-0.181865705810072
"P61956",-3.9418568715553,-1.92003511268145,-2.0266408048761,-2.42538650674499,-3.5420590276308,-2.7700709053074,-1.59051909887494,-2.11545957919211,NA,-0.135227971246941,-1.30304942450853,-0.768029103237475,-1.159053563464,-0.811666809724151,-1.09099186606986,-1.72543384032968,-1.30344025123774,-0.393447136180416
"P61960",-1.41271609673424,-0.339029011680733,-0.217349208761654,-0.691372209760339,-2.5771069808969,0.0117173502681869,-0.458577978727631,-1.00423834080155,-1.05878467785073,1.06059087663732,0.530422464351336,1.16219114804323,1.08523637554137,0.914987039974958,1.11466860383877,0.884989979766029,1.14524616985713,1.45747345357589
"P61964",-3.00697653962685,-2.71697104983996,-2.96295140551795,-2.3072636400452,-2.15949913763821,-2.3999668370691,-2.53751049199886,-2.78733866083518,-3.02726387963774,-2.80350794957903,-2.68554794809671,-2.90958104933866,-3.02654703314429,-3.26047593538599,-2.62952802436702,-3.91130924632768,-3.69848289430679,-3.82692630843085
"P61970",1.40896922079592,1.20653913200641,1.1081128564582,1.49591585211128,1.8766028885977,1.79377579119863,1.51865087349928,1.54226771661085,1.6995751405349,1.74924589085902,1.44318695744254,1.64463546557704,1.67613637593183,2.09080152547117,1.84530548815073,2.01580519092609,1.8866276823038,1.91625688560008
"P61978",1.99975965702844,1.84244049983773,2.48430959627447,1.8679846319004,1.97057515419321,1.98569921339248,1.83017523941853,1.35674256187251,1.97675341950323,2.97510148029164,2.58114541578487,2.9226498936711,2.33396473578414,2.51016369103422,2.85976795554746,2.55909292460106,2.34839313019811,2.44759156985015
"P61981",2.93341399460687,3.00651420604942,3.34022352729229,2.9097884195111,3.0125102652064,2.75280212884176,2.9735977714622,2.76504814528919,2.97835971510379,3.57890059702934,4.11933444031656,3.91876470542623,3.87600753315292,3.74745241432677,3.47525759490836,3.55612114080858,3.45405587993631,3.42765541119566
"P62070",-2.5869580055736,-2.22461728703171,-1.38485772359078,-1.27951495513733,-3.09061339346221,-2.7268229753526,-2.85714776866048,NA,-2.32428927508567,-0.839378119765834,-2.0506541940537,-1.36630020584867,-1.32394555794748,-2.12619234508624,-1.56398918354701,-1.22844204279225,-1.9530752123333,-2.60593744435711
"P62081",-1.58692177681002,-0.678942128413943,-0.99532879950109,-2.07590118464865,-0.989072565757858,-0.51317085229477,-0.673990832827114,-1.84129861568529,-1.38810657315678,0.353450439539202,0.444273971703835,0.879533391585051,1.07596469234068,0.546055781818223,0.138192000874154,0.463392315405544,0.624773660567433,0.74693644820657
"P62136",-0.556183143681368,-0.723899247156024,-0.588745150401869,-0.873754712729172,-0.0533773811148457,-0.589298070790177,-0.612911727242166,-0.936628793670329,-0.934040317648226,0.359728341362219,0.104331831723648,0.52895001878748,0.203246731249878,0.130957371960893,0.47847446565499,0.545025040689673,0.138005162822806,0.496709261684185
"P62140",-0.767156182954091,-0.415986916730283,-0.596214058267858,-0.659479606801337,-0.856260622176078,-0.938116799425918,-0.334865963262656,-1.55147017543604,-0.246788727097982,-0.0603884618258341,-0.78396963372953,-0.353917914210026,-0.604897823966704,-1.00310756667315,-0.261051612682513,-0.659259211670459,-0.461811045240733,-0.784506578689833
"P62191",-0.397263666539256,0.110501021071029,0.343034700083802,-0.46683824509085,-0.145898800225677,0.268693989095986,0.0345229478671829,-0.169568712383976,-0.0480823596552664,0.391160852161011,0.276006017205917,0.140564828968449,0.350190135069314,0.529427050366975,0.450979951624593,-0.237002385691587,0.0948831062517907,0.136824195887277
"P62195",-1.12055259109581,-1.31673890721683,-0.751047893463079,-0.701995721609559,-0.92706218192918,-1.40646797444429,-1.82142282187798,-1.96187155745131,-0.74519195253129,-0.681165811496465,-0.72788393636107,-0.832612787048706,-1.0330816039599,-0.608787211679759,-0.589727149410603,-0.626982124764264,-1.05656349619864,-1.00716690121675
"P62241",-0.712955572363233,-1.27358113491428,-0.674428239001245,-0.385539795371256,-0.248405167887958,-0.181075844289692,-0.861676344419861,-0.669016852817041,-1.0481151535466,0.258932781696569,0.654801330649658,0.771077506810379,0.685506051509467,0.648664334158241,0.341196195823951,0.302914768204229,0.621487390904063,0.461164381506038
"P62244",-0.0890128327136122,0.160234210744035,0.533446316278528,0.136548651559583,-0.072526824507321,-0.149331091497801,0.123766558874575,-0.417351171770118,-0.217378063900666,1.00136945224475,1.09201981607286,1.54292015706703,1.29701696283705,0.876040540911573,1.0340468665458,1.1648335126952,1.38241508699971,1.10959316872653
"P62249",0.342109877361532,0.538255147549641,0.701798439173828,0.0406773371924629,0.423188196250454,0.543471927689538,0.168910891440397,0.0663406017248569,0.669461040782526,1.18117621304579,1.30012066650755,1.44732239986245,1.29086139617994,0.895098930116708,1.00112119559066,0.805369962728756,1.26826918572775,1.02450819609856
"P62253",-2.57303151735151,-3.33820178880455,-2.429078183596,-2.73476394518199,-3.36566804132004,-1.51547084909005,-3.94465716010074,NA,NA,-1.94756116318152,-1.97894277717918,-1.94807246600256,-1.66245616020989,-1.3307345497784,-2.31433636305653,-2.65652333952814,-2.3925900261071,-2.27051724360507
"P62258",4.79886949233558,4.75713411399459,4.94816254819914,4.82514510392073,4.64822017843492,4.47265106767538,4.75729132298166,4.59682827054667,4.65384523586593,5.44592625016733,5.45790313549713,5.36780949000076,5.45175857856696,5.48079243294865,4.92410659464433,5.33845380814452,5.20548335186703,5.36929216706079
"P62263",0.152116407149274,0.0507626459948209,-0.157954951609607,-0.384856340478951,-0.0996530414347792,-0.280253076867094,-0.944962991825758,0.120251581594847,0.0990448688223715,0.930282213664345,0.72621491083874,1.12969965942986,1.11952363390121,0.608968742034026,1.05138796667958,1.15798221063545,0.545368768260744,0.698445441198523
"P62266",-1.35457053364615,-1.86239387422422,-1.10646584681106,-1.20777098640307,-1.32523649318869,NA,-1.93262729387335,-3.05843126730133,-1.2809322670102,-0.385434070041102,-0.621149811047556,-0.467992799770915,-0.538827946675214,-1.5434555035715,-0.862072624088985,-1.5411280533201,-1.16629145478866,-1.2639391599775
"P62269",1.17218203531851,1.23935667113498,1.29512624521375,1.1670828706785,1.38571165918295,1.47455437828468,1.04227805333944,0.896261236804349,0.968125622756565,1.65447325453188,1.94203000633207,1.99213778556854,1.79427585362637,1.65093692499274,1.78491444094003,1.67402993940206,1.81930499539203,1.53584140641586
"P62277",0.667375463582031,0.9655137741901,1.0008518098682,1.16226437344723,1.09364135831992,1.04114257633662,0.531616059024694,0.662309233999011,0.342278170342013,1.33054882265498,1.45450818991876,1.67005744914387,1.91400132773237,1.60341781672981,1.46839637980132,1.63157513646789,1.64997292286608,1.80908123818908
"P62280",0.41856503583681,0.281580783962715,1.03548164531664,0.315253716890394,0.299972748722436,0.668400120426604,0.860641895401617,0.0327714987758512,0.696272938786738,1.27634645745433,1.20176244105137,1.59902272158608,1.31502508672287,0.924576712481995,1.02301105663991,0.963012442778787,1.28802531293973,1.15926173039178
"P62304",-0.930310517131388,-0.0101430264515123,-0.115043482582301,-0.60682955892257,8.38301091317106e-05,-0.493930060099396,-1.06620725324215,-1.19946345901331,-0.357106879637717,0.660462780398555,0.139901233750225,-0.625877642591315,-1.0321274126912,-0.605997283884338,-0.733075704372368,-0.427181690977909,-1.49786526465643,-1.46296385336638
"P62306",-0.651657805106578,-2.33301153832816,-0.322450391169035,-2.26007256492374,-0.737268844783052,-0.364914223644156,-0.963705249154028,-2.82756173383638,-1.08559773026144,-0.0933728754423306,-0.398545599983319,-0.829269187018295,-1.31482042928503,-0.786176968379938,-0.395923811632352,-0.375099829484309,-1.60168673496027,-1.7379179255222
"P62310",-0.415794549994139,-0.874348491346953,-0.355243041303274,-1.05657867537841,0.0529499499701611,-0.26377931298209,-0.286478866897298,-0.560801992977005,0.12336137139952,0.160461721726755,0.432240419969888,0.407995596355711,0.508724208992618,0.367235782610924,-0.208497176305402,-0.386797493009896,0.0169608881274481,-0.467796568964873
"P62312",-1.36354762523952,-0.674238161082667,-0.947701199360767,-1.67808398969903,0.791899840426431,-1.45033172599446,-2.11637803091355,-0.917702653579112,-1.99647545165547,-0.650560135953134,-0.87629209936932,-1.24177650922564,-1.46513061584065,NA,-1.46117422505512,-1.0141795136049,-1.73949997431573,-0.993854600990917
"P62314",0.283658479752427,0.775385690868466,0.0354024093654655,0.273514391061003,-0.361793491986532,0.24908708273545,-1.04056338650122,0.276233285732577,1.06371233784214,0.572096811578824,-0.101763810096058,0.156240645553581,-1.11447501070209,0.0351737295806416,-0.911240567215637,-1.29168732615546,-1.18197581401437,-1.5059268528422
"P62316",0.809791641900862,0.703362061088065,1.32991940604807,0.596641892572224,1.15027328292837,0.991006711783498,0.840439015627238,-0.0133778508995537,0.789979441142957,0.861857150847431,0.799199506853276,0.937793954808996,0.288809619313529,0.475223227369041,0.846900887564022,0.453057648630464,0.0982368339034014,0.302318528417619
"P62318",-0.443685076901772,-0.388166612070682,-0.00618819799658255,-0.358609665465023,-0.150618962005982,-0.572553359077096,-0.371031047550758,-0.711709672294475,-0.319340668822633,0.477202847054652,0.282120881960335,-0.192076054007716,-1.63430990822838,-0.873196575682072,-0.788315851623497,-1.01301135816069,-1.62678392140412,-1.70643059518676
"P62328",3.87170825711012,3.40005281164076,4.42821372238711,4.13291457237461,4.10108891837253,4.06131251617921,4.25436665104473,4.41844453475206,4.19689216290871,4.2024766550443,5.18758377221299,4.66055824593745,4.70346055897457,5.21157714641322,4.18958379165382,4.55933639366138,4.27061357799824,4.33171265042187
"P62330",-2.34760863327493,-1.52476639760327,-1.0061465387074,-2.06767598951792,-1.65031735199733,-1.22217598822607,-1.64740413279778,-1.75335848278321,-2.3231763868509,-0.536792032792783,-1.51893311407667,-1.20774284057604,-0.966245161038859,-1.39900029256547,-0.607031995439328,-0.386503818347498,-0.977535824147029,-0.635574027934928
"P62333",-1.17066093197006,-1.01178175689216,-0.744423054587547,-1.90186924613972,-1.06314385506893,-1.35779717432071,-1.14319807807543,-1.13821404960097,-0.780189174172859,-0.130585097718477,-0.443778342958735,-0.540913442348319,-0.358611267497073,-0.654704350420874,-0.507684666317033,-1.21784876619072,-0.398360409701578,-0.365598580678856
"P62424",-1.17471904996207,-0.697571580159553,-0.894103519781162,-0.714447752811859,-1.15055371936464,-0.128573257461793,-1.57112068919688,-1.26137148578467,-1.19315028041041,-0.138084901408448,-0.493496049098407,0.181061467762884,-0.285045191428718,-0.6200551867657,0.0287816220104844,-0.101196846345236,-0.177577107759742,-0.561886413610532
"P62495",0.632293283469922,0.617505690387286,0.845074413908524,0.761548116503096,0.760612963053886,0.635349246029611,0.76424227334126,0.548767265641285,0.883244860674996,1.77917391812481,1.79844139461141,1.7962709714004,1.81628643226169,1.64695281283296,1.78432300966158,1.46092959095336,1.6786218384346,1.76245500759308
"P62633",-0.571931354119322,-0.367025936411133,-0.27080633151124,0.120155369964206,-0.168467940127806,-0.109352976893716,-0.085034184519758,-0.551523485382257,-0.511175314202973,-0.117426671926477,-0.092480853399552,0.287887510586094,0.201616920199415,-0.44375727810789,-0.48582945712912,-0.400327743373095,0.125361851647408,0.544176292047329
"P62701",0.583978674430659,0.908594904036425,1.04362785581001,0.650595297267966,0.435301891464924,0.460863871978246,0.391964392734792,0.351845496404337,0.795874729514805,1.15007553757637,0.844872796612897,1.18891022396565,1.24189891666189,0.673632933144749,1.20407382299684,1.22565135053182,0.751209909779142,1.2800999197221
"P62714",NA,NA,-4.96839956571843,NA,NA,NA,NA,NA,NA,-5.47514584157449,-4.41752422635527,NA,-3.25224132094573,NA,-3.46573893345718,-2.79429228124221,NA,NA
"P62736;P63267",4.70542157797154,4.54147076548071,4.76016528926498,4.43595403991632,4.75172191246157,4.61689212663826,4.57759177775594,4.65071839530819,4.40771086055377,5.26851988957943,5.03214468873463,4.96777272772619,5.08989847355524,5.09388427422878,4.8262263669003,4.75219799811027,4.9278886236488,4.92226045154296
"P62750",-1.27703214614667,-0.457080263692164,-1.32839090790705,-0.545329129706091,-1.05517349458651,-0.787260634051086,-1.52252275669972,-1.61239471817941,-1.9778508735702,-0.432590738611346,-1.29706961537605,-1.05535697458272,-1.57227367996293,-1.31306408775273,-0.623697494449469,-1.48329583134276,-0.666418289852657,-1.21276855048022
"P62753",0.0973813351825115,0.373178943979095,-0.328950885504469,0.891211731849628,0.372665154010948,0.434104519991045,0.311965465826033,0.140475788969733,0.0566571710607171,1.2408029203436,1.07339852800157,1.40106851030531,1.61496951006883,1.29742719601799,1.17244226668592,1.36550424171575,1.21277275702037,1.03152858443946
"P62805",7.74625282592512,7.73850995628494,8.28988018556944,7.12005454677275,7.21759589735807,7.16330648330598,7.57320346237619,7.06612184115304,7.84535679136734,7.52338938758467,7.5711935638611,7.70828103381969,6.95250974663282,6.70887964464553,6.94357848897635,6.20600157045658,6.49420700294202,6.49204163993775
"P62820",-1.97258429240397,-1.86189376355061,-1.47296997069079,-1.80295993897174,-2.07238024471074,-1.36291699879092,-1.6301892689684,-1.35911361957115,-1.5102448893024,-1.12774847162859,-1.67234901040589,-1.0389375755092,-0.861097446905041,-1.04125679018175,-1.3209643089429,-0.553210223345026,-1.26320891039817,-1.29336989944582
"P62826",3.63670604773519,3.76903939004918,4.01568780045106,3.98634854463546,3.97287464619147,4.11528678648222,3.72200452580128,3.73585495001748,3.78562751782591,4.7409685803297,4.47086730811281,4.57525748921885,4.37530467880862,4.60233174553372,4.8245263534428,4.83393379549853,4.4847561580004,4.51695501614404
"P62829",-1.3042046493101,-0.680217274583651,-0.400426447077283,-1.14371239554336,-1.45164593878505,-0.395812962503197,-1.07267402232939,-1.34061939313507,-0.487114928716741,-0.286342982858027,-1.45246417877643,-0.932249277643297,-1.85950423523481,-1.44271415879453,-0.525781987983152,-1.00205910479841,-1.00474983306836,-1.42353899622973
"P62834",2.58853251317367,2.56239958453195,1.95054584111594,1.97913748948179,2.308215738216,2.46996952456118,2.12433714929736,2.56861133193425,2.32265086126742,2.25374241391049,2.18377634658397,1.93500100084739,1.72532394254684,2.27024305568217,2.69144639825697,2.52436804134289,2.50948833218096,2.45861535628531
"P62837",-0.653452815592112,-0.788785190089177,0.678418477890997,0.262281643417186,-0.648446639348486,-0.121278901381867,-0.305558445521429,-0.0866107053233449,-0.19642569483057,0.759403367275901,0.921439252124948,1.28098363951093,1.20956906130562,0.819523079839241,0.933729280571947,0.937260159628295,0.999406770935215,1.12070298546917
"P62847",-2.3684848113621,-2.56012306970383,-2.64646451756359,-2.49885074725841,-2.67364056402749,-2.31535277934727,NA,-4.09870570913895,-2.8385757494386,-1.22809581144963,-1.4171875080626,-1.19790071532366,-1.2633608118287,-1.95580705447425,-1.69007810608299,-1.90550137500961,-1.65621184221157,-1.9378269463547
"P62851",-0.419944981227879,-0.304279084014308,-0.051509602990885,0.265339993571953,0.402912365198906,0.10023874768952,0.0370761059826776,-0.652559831692917,-0.255728167936283,1.18946532536206,1.32781630178551,1.51262639873064,1.80959614102261,1.3799344645524,1.56599880940074,0.914573571746104,1.66440939094326,1.33741219587037
"P62854;Q5JNZ5",0.191318513839205,0.193657990171438,0.115762540069365,-0.62783833850292,-1.0559411741,-0.456580611177644,-0.0908228604171963,-0.417864703973997,-0.0133267177087362,0.463445075101564,0.128787723890738,-0.0424897607599259,-0.229849370999359,0.0659885201231756,-0.673723434873619,0.160892665568349,0.0766332285121436,0.49162768056228
"P62857",-0.132854165300628,-0.224807885429291,0.552288100796211,0.354634428328961,0.436522495769111,0.751760059907536,-0.166673005147763,-0.498466392876239,-0.0708716116114125,2.39890113790565,1.51786456868373,1.46177376995775,1.39372821463461,1.49679139768885,1.37252911644868,1.31554896916968,1.55851132354258,1.69972467016435
"P62861",-1.72351281609161,-0.575073180769151,-0.970450258461376,-1.04552251797232,-0.627194446347408,0.331355512058446,-1.06633340045298,-1.91537242992135,-0.107090268518062,0.935707237505357,0.47950340483303,1.78359272837069,1.53093568992024,0.622371240727894,1.05691147696305,1.04867233782307,1.31107887954135,1.46142922176187
"P62873",-0.0918263769526764,0.35076369186768,0.51673227380955,0.542495090208146,0.411342676323761,-0.145884948440761,0.212983038688428,0.558037086819233,-0.354526391249975,0.727539487235454,0.454588735058795,0.789817832374592,0.751067121157188,0.703248662694531,1.26805882137173,0.583512073261097,0.660546337746588,0.577975512619519
"P62877",1.10868450181564,0.754558095980823,0.608451495837025,1.42153921488996,0.683386890364915,-1.66388483555836,0.722651958422302,-0.70704044695253,0.821239478132492,2.25770355956519,1.20611358750369,1.55248286059878,1.17192999203849,1.32364072859056,1.50529910560727,1.36344206514632,1.1846264869972,1.57647420322275
"P62879",0.473923747008486,0.376043822308649,0.544484279064594,0.0960013526810073,0.532587864228327,0.407645088351885,-0.193012035231526,0.198580998280967,0.00994260642630884,0.804696330327062,0.817946999507887,1.04638384793712,1.01725621874039,0.919374458418293,1.41153438244111,1.11222482165964,1.06623934328167,1.11513469203076
"P62888",-0.270090157987525,0.115603953463035,-0.437269546465845,-0.0473514081547819,-0.558942867782227,0.0163704693101163,-0.118538252291835,-0.573789354249421,-0.409061867037023,1.1213208807845,0.373660247979817,0.770919647708693,0.500875281134231,0.309739366992538,1.04079833199969,0.515207741669501,0.158629125685325,0.287021895004267
"P62899",-1.76685087583392,-2.44683178962033,-2.01136247803101,-1.18138624723808,-1.56549171282172,-0.848542511610234,-2.0270017110038,-2.47130777459326,-1.7702400559081,-0.388175526301854,-1.07785268529178,-0.524702666687394,-0.733307412832509,-0.809846029693897,0.0200730391186319,-0.465529150443878,-0.948775500568137,-0.891666384294115
"P62906",2.08893257446792,2.38307725674259,2.6456613436247,2.67848167811871,2.3287757728493,2.22193331406262,2.4233276056046,2.32766493249629,2.71870238091764,3.1165059778077,2.88235238039616,2.94760872760575,2.6618745562264,2.70251964565373,2.45265501584737,2.61367601030616,2.69541507176296,2.40388687334416
"P62910",-1.22585277646253,-1.9897125685835,-2.35413466928863,-1.72533714046098,-1.68559004928875,-0.810634665224903,-2.14987103135837,-2.29409840895714,-1.89529298056582,-0.77759039219778,-1.86039384286145,-1.5925026870179,-1.06337886544562,-0.971367835182909,-0.4352325897153,-0.959684932494124,-1.13176758198581,-1.76791358389511
"P62913",-0.343030762898042,-0.0476447974151117,0.384117330623839,-0.301503747837184,-0.0231723616311257,-0.190145327312299,0.130127499259601,-0.329283976668203,-0.924653236711038,1.20459057541792,0.861229594460839,1.19783425480165,0.652430000393672,0.200632755214761,0.76922531141056,0.757254268114814,0.859899009239207,0.0202897199583649
"P62917",-1.70648113556737,-1.88283367867924,-1.22999720806557,-0.0160743733117084,-0.813207453277786,-0.739750798928024,-1.61552168744274,-2.76260383798919,-1.02038414002907,0.172941337079958,-0.820028131473151,-0.12804672082966,-0.321999323706525,-0.587074405513223,-0.149251239002714,-0.314382624031856,-0.606655003592662,-0.73688108145032
"P62937",5.76216393294505,5.82056863882106,6.23715270111411,5.97977762099692,5.9585436895765,5.99755063487447,5.75100100265643,5.59676318228417,5.87493608230228,6.53857582397949,6.44317748782764,6.70463837554826,6.84381085051679,6.6695422739531,6.67297383137514,6.62689831089204,6.73086850692086,6.83433400549865
"P62942",2.54760505359266,2.33234353823015,2.97864674600538,2.32879148861515,2.3138929819023,2.47361609316283,2.27719713545492,2.05763109465239,2.49061235750794,3.37221144179027,3.06162626223872,3.30545125087389,3.5065137399156,3.39616895855728,3.28251661072072,3.45234710348888,3.37700855023616,3.64054489106953
"P62979",4.46025306481373,4.82240799728111,4.2722885638483,4.97981701191145,4.74818148059903,4.7782419231031,4.85976057050132,4.67387534909285,4.92108978684398,4.92696397716103,4.2229388874788,4.11402272923812,3.75078979567334,3.87625556234782,4.45145103572376,4.68083432972842,4.0000094886968,4.29388904259133
"P62993",-0.196811856297204,-0.626182593488922,0.354940042537237,-0.240195248970737,0.0565872665253995,0.0116082190629463,-0.266544581617845,-0.521535360547958,-0.469587107314979,0.420947204300544,0.581393623697153,0.920428883811127,0.504977470918877,0.682616717590767,0.653883404268576,0.457844500995797,0.584815520642204,0.571527675320587
"P62995",NA,-1.6000106616941,-0.212374150818397,NA,NA,1.26690420432053,-1.73056469277213,-0.201355130437269,NA,-0.449748432811615,NA,-0.305093721825946,NA,-1.08710942145329,NA,-1.6277568342083,-1.80757710787355,-0.860135779676503
"P63000",1.31095099082059,1.80186192361568,1.27897595564212,1.34593609647774,1.6306253756561,1.85504916933904,1.57058188054634,1.63589359241775,1.46988563511208,2.48350571000011,2.28523372130562,2.19785507558415,2.28917934232819,2.07436874415747,2.52949234492079,2.73549089148729,2.41418538788503,2.36432028110075
"P63010",0.772181963011436,0.835051379951823,0.97223907979919,0.945427920840938,1.09941365408407,1.01098577883153,0.859698507247478,0.69930323256381,1.01989488566376,1.47318909133006,1.44890028892928,1.44555095107459,1.48192754913077,1.6823570146624,1.45558193596814,1.34295720617864,1.36291193431669,1.56213213267612
"P63098",-3.01133025277539,-1.16704476746528,-3.46602754239534,-1.46832676192715,-1.89436343849347,-2.15048126259736,-3.46717787383574,-1.84121517351057,-2.58956983723691,-0.575019884532391,-1.09806361043559,-0.92019092725031,-1.32266218014927,-1.70551422941325,-1.33118070706074,-0.494992133444699,-1.53119769021263,-0.75713533050965
"P63104",5.67657877140679,5.75350537324271,5.93569538519649,5.81726547252738,5.73844594626492,5.63875117634671,5.66371418192252,5.69871601714829,5.60304727782322,6.13852004594651,6.32232287076899,6.2268248824148,6.12218274721482,6.18039412548421,5.80070413144617,6.04639828927511,5.90632607427404,5.87720790805801
"P63151",-1.12986447976122,-1.41745010111537,-1.610471647168,-0.820367954889183,-0.828400131726143,-1.17242617011884,-1.10079090650433,-1.02826757519559,-0.629360082612453,-0.84041140402527,-0.565233439067969,-0.930837916080507,-1.04109727326247,-0.461530855007395,-0.845539536896451,-0.463933300007906,-1.12336846855088,-1.35541916806805
"P63165",-0.344042298747215,0.263888073664837,0.837045565504173,0.556998378745988,0.262657816278615,0.14639489803216,0.0902886306771062,0.13205565536156,-0.302143859131558,1.33368223694118,1.21410316668444,1.18901521019178,1.49317740837751,1.4899218674685,1.2602532244257,1.36624968799968,1.50721887221203,1.26010384176351
"P63167",-0.822595948364654,-1.57080637697176,-4.20678666685205,-0.81855861510446,-1.04173177787853,NA,-1.70798095613961,NA,NA,-1.1090166082997,-1.56691767059622,-2.8074018847767,-1.10032022802914,-1.19487054330705,-0.685913668141118,-1.68325892081915,-0.988599416858586,-2.10156737660527
"P63173",-2.47362418281631,-2.05786757518064,-1.23082514567788,-2.03124756317157,-2.90777500617336,-0.762395281965547,-1.44583714707996,-2.69761509405967,NA,-0.560587353898266,-1.48367189436392,-0.750867733025295,-1.25814161538071,-2.08838466718796,-0.0249706110487988,-0.0828757943248863,-0.560847745783614,-1.42649971300636
"P63208",1.23405717436615,1.4263775575345,2.03368596895261,1.87504158113855,1.78992978295783,1.85277584201262,1.55908540799088,1.67759958632868,1.79715800205358,2.54056986943979,2.10121315417028,2.04154555203669,1.97230257096798,2.06879509492082,1.75536476861422,2.11635114439986,1.82969712517866,2.28092485222347
"P63220",-0.467501318523228,-0.0440922666124575,0.682208418550061,-0.0157173966070694,0.488009916396198,0.809671333099647,-0.226126072142618,-0.556606617939568,-0.00964606328721729,1.49182269687958,1.13201730353245,1.60884657378984,1.265310705366,1.22803332914094,1.63693875995838,1.21210650577684,1.26682390937922,1.53258124887739
"P63241",2.92521938930355,2.8696734212637,3.22825593378556,2.62255191531822,2.91264877202717,3.07637063168355,2.71357776258605,2.7335376622108,2.83820727215338,3.9899495692741,3.60086823733728,3.76825198516805,3.64522946042703,3.6982704259429,3.68736010835348,3.8057307268527,3.70527185388779,3.71140531832663
"P63244",2.2551313612914,2.00143053595087,2.2811432121056,2.11766891717133,2.14134414549901,2.05271690719344,1.96069741925577,2.08196464516935,1.97948013293002,2.69950019229136,2.73631612448037,2.69388757232625,2.54794855861542,2.63389884913513,2.74258074305101,2.65281438826216,2.50176438136283,2.63537221507075
"P63261",18.3873338984633,8.41242440006022,8.49354435491798,8.42423418158862,8.42711292105018,8.50283918806885,8.28148399418704,8.48537751556997,8.42982743579793,9.07459108104398,8.94876297802946,8.99491798013295,9.13686354374643,19.1235294626878,9.00853751674893,18.8703514039001,8.97988292309098,8.96938826441366
"P63279",0.566502586025257,0.282731300814699,0.645587496988858,0.500887999207587,0.17437469322428,0.46170533625442,-0.0292226813969805,-0.328846571274122,0.378596336921513,1.63638513894691,1.87238973998792,2.05203152502533,1.82678939986489,1.62983520021946,1.76616555743663,1.41483772686562,1.83611021998037,2.04573969073716
"P63313",2.64140892455702,2.45632773303056,3.48519320654138,3.04800771396078,2.59134943434064,3.05356510505894,2.70111624086652,2.75148643030253,2.96663160927027,4.11901792711368,3.66957131165226,3.96781570726988,4.07061059345032,2.9291771200694,2.67922981771901,3.61848077076498,3.32733912849771,3.9284044931935
"P67775",0.443802569569138,0.187910195582914,0.607130294434249,0.290605577399322,0.50185010450322,0.637709914780551,0.474519871577936,0.338352322819079,-0.0211599472222108,1.48778559446856,1.09184931133117,1.16452636054495,0.895107219933887,1.1912073825182,0.881582167888029,1.16267512991476,0.762539478629385,0.680320303280061
"P67809",-0.385988494706305,-0.717769680936725,0.0713431724934548,0.181923485468324,-0.495879911729908,-0.452429606893174,-0.215997861203792,-0.336198088210903,-0.469333547175841,0.642376794217238,0.45321337008018,0.448741073991622,0.639285431309604,0.710821390193738,0.91960867300766,0.641890938149002,0.594489451689961,0.507077276705125
"P67936",3.82921953379409,3.64432539515188,3.88873520444013,3.88735376486193,3.80439877793009,3.98013135596971,3.72340048782545,3.82942662381075,3.82809249744931,4.71142686228128,4.73128663769558,4.54788068217429,4.6479447504055,4.92145462684725,4.49285708741305,4.60117259231954,4.38439492631492,4.55946124276845
"P68036",1.33671981871442,1.24134691953305,1.73560722357325,1.44242457886589,1.70045512009826,1.57449174809985,1.55092727137504,1.52720436580926,1.45676660271966,2.07330643165248,2.1242496531411,2.18669679243345,2.20344319293399,2.04793872703333,1.98100362385124,2.04507565967612,1.96866607841048,2.00253572285363
"P68104",6.44881725821533,6.62076041843271,6.86650870052976,6.59694883115431,16.5437661699639,6.66352985125691,6.64162925226517,6.55279750223592,6.57225827013251,8.03692606464411,7.58770983408671,7.7780043524812,7.70161428523169,7.72808132396687,7.97064544350368,7.95997348510305,7.58161456130879,7.67857572245438
"P68363",4.92714472885229,4.98318631381908,4.86085050249646,5.10100054721749,5.01911373587945,5.31748655510705,4.78421231404598,4.73899071169698,4.85015740005658,5.92200664214176,5.63222817127323,5.68654446673636,5.60195797916885,5.83004892969045,5.83986916089834,5.93296418146771,5.58354079153471,5.57858769197036
"P68366",2.56859718442194,2.67871359284072,2.16644376849828,2.15407819835968,2.31763221848514,2.66291974994098,2.5120547000094,2.42629514679704,2.66611520383794,2.52640359646186,2.88788967973762,2.95546699537523,2.73013396984564,2.91881953141665,3.00463224151435,2.36558525490637,2.86510017366783,2.65924759717203
"P68371",3.9062330281867,3.7188963692618,4.12776739641246,3.88868993949801,3.90110582074546,4.19513226446765,3.71571556873915,3.53324924890705,3.74202932765599,5.21892302702252,4.88577198864187,5.09605485635853,5.14211938480484,5.18311482427705,5.17907630919544,5.03930983577039,5.05155497241908,4.90091917239115
"P68402",1.34744896691137,0.824249331738756,1.44391568754254,1.71301515645463,1.25993857730329,1.56239169936683,1.73546617422053,1.37944494020229,1.47348894030631,2.39046887788737,2.42104862947826,2.41319138317051,2.62229159840273,2.36523607894398,2.41998665936695,2.14587974095734,1.82153287147124,2.37747740466441
"P68431",-5.55821327978136,NA,-0.961495479141595,-2.10447006642985,-2.08373611073611,NA,NA,-1.72943621245531,-3.35622133178204,-2.39098249463522,-1.4023671887803,-1.58137897555652,NA,-1.92825838532958,-2.60014361508046,-1.75857369491795,-4.55318532417161,NA
"P68871",8.66270187595288,18.5566655403967,8.03444160737708,8.43866283951208,8.42663357020325,8.66132316427542,8.19010944902997,8.72298057862896,8.72413906135026,8.32223002499439,8.09765688076994,17.9455937204153,7.83195958031016,8.14356400615415,8.62891823278444,8.42286223957766,7.7382915827304,7.52116830509572
"P69849;Q5JPE7",-0.283574772916632,-0.00674078108274756,0.226492128328919,-0.163199124453138,-0.110426012578126,-0.271955018136316,0.256017867282074,-0.0389095930977224,0.0455623614744685,-1.64243614457749,-1.04973201483679,-1.08244878331239,-0.968520182947678,-0.555528897624384,-1.37079030247651,-2.16121639297564,-1.03615738885493,-0.825587697940828
"P69905",9.34480844493688,9.21335954453454,8.46420180728112,9.07836522962725,9.11005935069639,9.31414421295541,8.96323514850809,9.33907164476503,9.14815234114208,8.69499716810335,8.53123591184471,8.20428583776292,8.04060871557658,8.61441086607337,8.7707090930729,8.66934493065816,8.41749025179094,8.2635473438236
"P78318",-2.41195834497566,-1.39876476654386,-2.29701329035488,-2.17122885908578,-2.25977105005187,-1.65581166484641,-2.3083063945458,NA,-1.37719496629279,-0.979889356953104,-0.770483695029644,-0.835354323938844,-1.27396307666918,-1.40460523304266,-0.78109326008116,-1.94484311654331,-1.29453769603018,-1.27073821280102
"P78325",-0.00463681632176893,0.0646219585875567,0.623998253240286,0.664988887976703,0.738272848852885,0.481030152089057,0.978030544078722,0.41823680479615,0.901730827475614,-0.270044246624435,-0.664826696171167,-0.654495073944848,-0.911118142559705,-2.13640407620343,-1.76668639193207,-1.78818280527834,-1.83953180602069,-1.00749814672399
"P78330",1.07819461732225,1.27072514197883,1.63368484993515,1.4242243537868,0.789258390965824,1.06851049118706,1.13974463839487,1.21238458885275,1.39550512513709,1.24072008257005,1.51365463273933,1.62123275325924,1.55802334958085,1.64679987531382,0.803783998805148,1.08013862534324,1.37482886450682,1.48012512412966
"P78344",-1.94870861020942,-2.53065229375253,-2.13861525297803,-2.41518840401976,-2.5074250452374,-2.34318106799896,-1.95780923996067,-2.50683128512226,-2.07245126065806,-1.3947310400801,-1.41800096040512,-0.913975618340424,-1.22764930604726,-1.29038182541691,-1.38194528439667,-1.1724538674652,-1.34946362951738,-1.39798973497826
"P78371",0.828745159314503,0.821722215674651,1.0457636346729,0.765726495230966,0.595310342501124,0.687863698660957,0.612478215688892,0.101096558227226,0.619578615235168,1.42359739804323,1.03753073622842,1.3612710838487,1.21561498345713,1.03530969997871,1.36377053394001,1.26222579655869,1.29801194142331,1.00314776268077
"P78385",-4.43027686492808,-4.01672754572636,NA,-3.73669215950333,1.54648408713098,-3.51178490546514,-3.8346125016302,-4.04120019526827,-3.47183364006355,-3.49682102958997,-4.52648883019177,-2.91345862552613,-4.1364329980459,NA,-3.56572104135469,-3.86070267513053,-3.5307079546461,-2.97182212906882
"P78386",NA,NA,NA,NA,0.503528889196188,-2.04530360160604,NA,NA,NA,NA,NA,NA,NA,-2.39699602474597,NA,NA,NA,NA
"P78406",NA,-2.65827743989033,-2.19442639135033,NA,NA,NA,-3.27589821750076,-4.93019509775806,-1.9573339234106,-1.41981940019994,-1.2764839976779,-2.77758129412951,-2.16251191880025,NA,-1.97067422999721,-1.74826364164291,-1.58191134486786,NA
"P78417",4.5331928632055,4.65151180721659,4.81821225102537,4.7668759462723,4.63612545469359,4.62296197558031,4.75478565359626,4.71811745237653,4.61498185737736,5.51377341405102,5.5885370194704,5.62524498108721,5.09777632192648,5.02330285006089,4.8851757962193,4.99267652545318,5.14466495646907,5.32042122866576
"P78504",1.4361878033698,1.67140543454225,1.55518823646117,1.67266567746364,1.81447476024829,1.61577691052742,1.78848453440436,1.68285032208137,1.73806510687685,0.461013213033372,1.11674883608076,1.1403286093999,1.05626952724469,0.901055748238791,0.214509264837226,0.286914531343069,0.754558239049057,0.796492623771913
"P78527",-1.70009384329126,-2.27431789166174,-1.39316069024793,-1.72570951923945,-1.59767796231883,-1.75275168416062,-1.31638801285264,-1.56585071525188,-2.27592151397116,-1.322182208528,-1.45767676452683,-0.88843111400677,-1.47410636677578,-1.63211200669594,-2.64607388609141,-1.43258906901687,-1.54122023729784,-1.91204130227978
"P78536",2.57736885522495,2.64303446378912,2.95093661640742,2.73813386825904,2.65467246969138,2.43948249394895,2.99213441791639,2.69824990435434,2.85875609537893,0.895019257116514,1.41766624050068,1.76567650431444,1.58522318193239,1.78397475614606,1.4254121911419,1.18517112327958,1.62398609884959,1.370725901712
"P78539",2.67107888237893,2.36014062625473,2.79970045830245,2.58045365303968,1.33023901065367,1.65734294476893,2.47872274548539,2.11783490936649,2.65311686393931,2.26274732259203,2.57715137055142,2.53259759613968,2.78650379929261,2.5876069844522,2.45230270176242,2.18236401209299,2.68918606513838,2.66631306407368
"P80303",2.52470929877692,2.61998349279193,2.8106504946242,2.56932287170071,2.57871668135518,2.44727875704285,2.71982773862751,2.453016769489,2.71064815900835,2.23600210891895,2.33896189876822,2.34772052013149,2.34032853290558,2.37438601461956,2.02444219137225,2.23483070281341,2.17420298432225,2.31248107104424
"P80723",0.351322174776511,0.416994677851982,0.482430983960377,0.381974464267371,0.194838446034559,0.0404633350057928,0.372369531334918,-0.0382008770979425,0.549294546517467,1.18906326463192,1.2149726893982,1.47981643563826,0.723800496049746,0.660456875678634,0.638200497088523,0.472342321297246,0.565126266259602,0.466830937527597
"P81605",1.44888928013584,1.96925528142077,2.02073710115529,2.10519882492237,2.15053924496959,1.70224027945582,2.13666217626143,2.24422824812125,1.48021886315308,1.27095821709871,0.52229198461154,0.622655603180988,1.42473329439914,0.896150303847266,3.0058469845016,1.78800248908322,1.24988237109901,1.65333845265691
"P82979",-0.720243058266175,-0.79184697396372,-0.338097514561969,-0.768509113563794,-0.833128855657573,-1.32781111890295,-1.08300157334705,-1.30991388021239,-1.93565094633525,0.656141612645456,0.552612790209945,0.445458558556449,-0.178939677781639,-0.390051593886822,-0.0802242209122088,-0.00110411573386138,-0.187813503650341,-0.0560350986919822
"P83731",NA,-2.70592302444121,-2.72936192887655,-3.05620168838931,-1.85713706087996,-2.8860225423982,-2.62476490850908,NA,-3.53530947342025,-2.11178230277698,-2.04203987808849,-0.916875340445154,-1.91143098429533,-1.59543041001594,-1.58326230363464,-1.14858834765699,-1.54144315547276,-3.57904762597729
"P83881;Q969Q0",NA,-2.26445100885418,-2.04351769032986,-1.97040833120667,-1.16897152402437,-1.39692915076286,-2.19902139830313,NA,-2.2631908256845,-0.47684595885917,-1.57090491181787,-1.14489730002097,-1.31512884944031,-1.07033029809223,-0.289410270367764,-2.31398440531159,-1.24922283632867,-0.78100379131176
"P83916",-1.19782471851706,-1.21829351191882,-0.504359025965777,-1.26887542011563,-1.70982448137905,-1.37748836642898,-1.2035663943549,-1.19089691626669,-0.855706229101251,-0.404438748799388,-0.570193176714986,-0.656748497488922,-0.836344511146049,-0.727368793635381,-0.67820291658518,-0.534184695199059,-0.867753454692729,-0.624930200638819
"P84085",-0.51134756473941,-1.85409838164577,-1.03113132594452,-2.05091270250921,NA,-1.89380742307202,-1.84604825639217,NA,NA,-1.37517900641651,-1.80537082170734,-2.51974994214904,-1.49557329223095,-1.31885039521189,-1.89084389142001,-0.57164714029212,-2.27867352840259,-0.568098394660317
"P84090",0.464003730431925,0.479186784527922,1.65096994110244,1.12149276145995,0.631876623104988,0.583628580290092,1.06222048178771,0.539071035441999,0.742321565578649,1.69031704627628,1.72891590064999,1.6366028576939,1.41214584153158,1.46235278717782,1.26140119538203,1.60797146442249,1.52753432200862,1.65637863099801
"P84098",0.0971745678466363,-0.31859039747024,-0.0444904498637548,0.413921855990099,0.107437879410135,0.853443607822836,-0.272308416578422,0.0898419696643025,-0.373864846302711,1.60430606200971,1.14652527866036,1.06965511680626,0.848034530927885,0.81706908635614,0.86986321953138,1.26108233238848,0.536548005346289,0.155113281783441
"P84103",-0.354103782312604,-0.624548111999134,-1.52872996626279,-0.445413250159737,-1.3177680601555,-0.438426443964461,-1.24826856459064,-1.15341444266043,-0.880346903447178,0.313948716753204,-0.106469727297148,-0.235101952193093,-1.45484072810387,-1.29323511727308,-0.271893107328356,0.052705378659196,-0.530706975519553,-0.70535785573137
"P84243",6.29626453958936,6.4656662687017,6.66907252343782,5.73254321995332,5.90663386033479,5.77432849386504,6.15904281802409,5.47200569521426,6.35851229436974,6.40374728458469,6.04846309912223,6.20282217029722,5.23255311783651,5.21338816434949,5.39673827785779,4.76103135174397,4.8307126664954,4.90227517552879
"P98088",-0.0396972278168857,0.177643212688009,0.440604564490421,-2.120181242729,-1.25725279705865,-1.53802698341181,-0.558558963023587,-1.55536302228347,-0.305371608600106,0.743096668690526,0.701179380637011,0.416942956661734,1.07375762643628,1.22161401737237,1.02637366070088,-0.0218405262534596,0.139362273367402,0.196691537489578
"P98155",-0.631645634528697,-0.359944495879645,-0.538935813124212,-0.367337157415058,0.12463929078009,-0.738226404499779,0.0887079066889029,-0.636524152819344,-0.317254742353116,-1.932037710231,-1.49780900550731,-1.99929170860235,-1.69409667596084,-1.1245865457886,-3.13644070007844,-2.41951727327048,-2.20000152841775,-1.89685797624159
"P98160",3.98920353788874,4.00869133214572,4.19824498476728,3.69185226568916,3.5588347536298,3.27451309767139,3.95152502041745,3.14126706371277,3.8763481353335,2.71948615975101,2.93850146757968,2.89183193796923,2.74944539915221,2.7757161119071,2.65862824833739,2.38498235102728,2.56505430116692,2.71833041843935
"P98173",0.0381817811427467,-0.161321486431891,0.122173727014967,0.0486599716800722,-0.361741309559338,-0.550180243896483,-0.0762968930918468,-0.721727249246323,0.0414928606397389,-2.18354592943518,-1.58272558112271,-1.5527244395696,-2.09382804878902,-1.15887137098296,-1.76043614727836,-1.56034089419563,-1.92463766493981,-1.64439725397104
"P99999",1.43519865345404,1.06646187629319,1.37577746522162,1.40870622026791,1.33501695128647,1.67700146044707,1.55436943682007,1.06058426867434,1.62252704684917,2.62693843650293,2.81044824392629,2.79637815120682,1.99059402011764,2.13836039987969,2.93344425983613,2.76411454632839,2.67699628964734,2.83389154905885
"Q00059",NA,NA,-2.66395707202572,-1.58372445708142,NA,NA,NA,-3.70212251134002,NA,-2.38740184350739,-2.05230965153673,-2.0957964202346,-1.53789248653975,-1.83856497444248,-2.06963578779237,-2.75388792010324,-2.27750052450963,-2.2283982970943
"Q00169",-0.965880820368501,-0.968268807849259,-0.649476963933734,-0.173712725753658,-0.791157717944255,-1.04826122718083,-0.609415375021226,-0.444127094408115,-0.182378890766,0.284033751321326,0.450306174071377,0.415221387555764,0.636075696321429,0.591212016543222,0.527999950144091,0.279119023837971,0.496162772664675,0.367108654704559
"Q00325",NA,NA,-2.6811445956882,NA,-2.68735402552065,NA,-4.23392856231484,NA,-3.03935258430887,-0.977585594473932,-1.91170151132861,-0.629670387166997,-0.923787185497299,-2.65449141763257,0.246748247634006,-0.498023759698626,-1.54593620390824,-0.87514131203235
"Q00534",-1.44184532820867,NA,-1.15812199565474,NA,-1.81884083704975,-1.75339837881387,-2.96290405227123,NA,-0.655218752704227,-1.53974942233887,-1.74148818485885,-1.64617896133804,-1.59479251965571,-1.49203652595352,-1.37314762987709,-0.845620810078211,NA,-3.61258752165209
"Q00610",1.81377632264305,1.9656528204889,2.26175604030539,1.72507546905719,1.88971113874668,1.76660917961435,1.69679695675419,1.16562630270826,1.88575668134262,2.29784920628835,2.43720340177781,2.57670790636037,2.08681190769273,2.028727189813,2.06790206062425,1.81911764242102,1.93571114618324,1.79274623108993
"Q00688",-0.822643054080751,-1.01514336157843,-0.0138935633841477,-0.33524824916676,-0.73341178402293,-0.418240177717921,-0.452578356953786,-1.00942286288848,-0.425679803687077,1.40503051590872,1.1348089136778,1.24680182356061,1.65345881043486,1.21067308856495,1.41050871442433,1.53538724139393,1.38279289934171,1.4032637751459
"Q00765",-2.11254821079121,-2.98693439918333,-2.07463232355812,-2.69563370652054,-1.79178979263338,-3.47965294372555,-1.81749413321769,-2.34714477417259,-2.41269163872418,-1.22423892402152,-1.29407640037177,-2.73984195379546,-2.21644026856356,-0.635646422019054,-0.192034173150693,-1.35434848240474,-3.52871120613924,-1.91733974441997
"Q00796",-0.165580436633306,-0.54278027372434,-0.0945220549082695,-1.37604137275687,-0.402848119803725,-1.01468899499991,-0.903928483511424,-1.00164748479322,-0.961271313963588,0.295244785565632,0.439833790251933,0.525362126320255,0.727964841638917,0.748958706527079,0.168629230630556,0.310668401895505,0.557236243504978,0.455492705739049
"Q00839",1.12966560055799,0.998721449042584,1.29314554890352,0.940627380730731,0.790055453921639,0.684156021244588,1.22444800620126,0.710806791249238,1.03487515886413,1.87859467310047,1.51091040939428,1.63581835895071,1.16092187075902,1.26146283253593,1.49214347197895,1.43644731177564,1.09407286626809,1.02783497425644
"Q00888",1.77563260164773,1.93102300383466,2.34490396811423,11.5768838866082,1.31298255957215,1.21605821332955,1.81238392669688,1.7460749616057,1.3910108929129,0.362704054410035,0.00771006086024073,0.340097791958248,1.26896299221771,0.914825664223875,1.33580656792444,0.575681414095275,0.619531151769555,0.145911554243165
"Q01082",1.01611433726112,0.900326524122752,1.27499116141998,0.908898874646995,0.908756688520388,0.9312378255998,0.92296410268272,0.405906473649392,0.955707301881567,1.66335017248963,1.62387727792813,1.71458869201147,1.41423927223407,1.31814401051019,1.26809173982471,1.12318172625436,1.16184444375096,1.15816433103133
"Q01105",0.740173546466604,0.211062400350059,-1.64545799574854,0.453993279966801,2.27427949169406,1.26234799698419,0.411424330997903,3.63197319620723,1.22664351061156,0.731031455148258,-0.0990254047719041,-0.411528935481559,-0.933094423933625,-0.280723340374994,-0.323711602901653,0.790425021147827,-0.177303547862225,-0.829151165163617
"Q01130",-0.472728746102881,-0.824482287923705,-0.570420636310657,-0.644569119731371,-0.472217908218964,-0.697409763272974,-0.0514328454762953,-0.344107797093491,-0.617860072914141,1.25477875161893,0.842222751792315,0.922903563374971,0.375559576870709,0.776781888301816,0.422080766689881,1.01050649515827,0.656115767215095,-0.00610493088018949
"Q01433",-0.826326201956049,-0.587157345983351,-0.81058028899057,-1.26874152381228,-1.1835509049439,-0.856603062662193,-0.849342951486483,-0.996811571784509,-0.851354563062915,-0.235017269848694,-0.0251077287670842,-0.0848536438768654,-0.0579070542754945,-0.144975805069377,-0.116578900142917,-0.146920959421408,0.0483343045685931,-0.13575517872556
"Q01459",2.23207038800398,2.29978386404984,2.68519032872798,2.60016047382812,2.49346335801649,2.12885827497123,2.79881191917005,2.3681505321064,2.19657039880538,1.31519150731467,1.66981867426282,1.67194235548552,2.14847425973161,2.15781856317584,1.34709495524422,1.96395372702263,2.03981475612739,2.11160876507657
"Q01469",2.05585450831328,2.11459638711971,3.37489652681059,2.25523566348512,2.45229335357807,2.26721029741801,2.39273966054812,1.93447148059004,2.39861873538005,2.68207775554136,2.78240663743558,2.79620559095163,2.47599880118278,2.59615614684316,2.91277549719769,2.17804306558625,2.54587886066493,2.70705517817386
"Q01518",2.80809218648908,2.91154570531271,3.04427688849328,2.7709293465115,3.00357070853986,2.99391033108454,2.70641335708297,2.77613636182957,2.77836510992194,3.90064236291032,3.61443420102776,3.80070959188093,3.79381864050797,3.79019607452969,3.98086475820361,3.66826966894432,3.62541557459469,3.54671711836945
"Q01538",NA,NA,NA,NA,NA,-6.4210515551538,NA,NA,NA,-3.11622390605444,-3.05879938805129,-4.92705312818525,-7.16910059232724,NA,-3.51758926745085,NA,NA,NA
"Q01581",-3.31748688983688,-1.96561031372402,-1.74607239191126,-1.95532936948423,-2.32769186791275,-3.50737202308108,-2.07770579782916,-2.95810195920043,-1.94246420518464,-3.42086209858571,-3.04127788352497,-2.78206843260539,-1.99872502218659,-2.25140121272176,-2.20234482371513,-2.19512760246211,-1.96108171447901,-2.14504118019381
"Q01650",-2.70706612956511,-2.87062698214651,-2.02716640036629,-2.17816340086989,-2.8633873168723,-2.56828700188203,-3.10026819254592,-2.12332226626976,-3.29525309047976,-2.2696043935798,-2.97825222128897,-1.69227711497924,-1.75988591704703,-2.50531708971611,-1.85794228280845,-1.74665611525173,-1.51243632425788,-1.2675291005731
"Q01658",-0.167064101132494,0.715320050543395,0.496078575996863,-0.836127814671586,0.635885686530928,0.63837620040605,-0.321210728544816,0.25773021621289,0.512946640114992,0.466336481614574,1.30673811754886,1.01985700795091,0.947938998347025,0.826679250980101,0.625991209424404,0.971140121292267,0.434257496340868,0.679288189053375
"Q01813",-0.407636234995589,-0.197714195582609,-0.0109306919742771,0.017635064168493,-0.314226844575472,0.147304684308995,-0.157006077338382,-0.00915378170778602,-0.241881806880288,0.722456591596556,0.387135206015707,0.681511028611334,0.731111453764475,0.509985711025589,0.933681319857856,0.83592713958749,0.688428313410277,0.331259803702691
"Q01844",-1.12376624662744,-2.13042675059673,-1.0437700460907,-1.63587663144588,-1.99406881786931,-1.31896914600958,-1.74744014981262,-1.15547011431892,-1.81002426442704,-0.301473373048363,-0.977591309781186,-0.173484705918995,-0.692540434867817,-1.47947370727105,-1.03177876898139,-0.609510602180277,-0.447452020081162,-0.496644034269854
"Q01970",-1.88208731677226,-2.5558875013114,-2.08655997051295,-2.01059672589885,-2.05405719510713,-2.05482540457695,-2.18729828667093,-2.25473367017743,-1.25799801006477,-0.958722636839061,-1.01618309788328,-1.11964114241281,-1.19553207976913,-1.33154302484764,-1.40777936414532,-1.33212070041601,-1.28106672248673,-1.0658664665823
"Q01973",0.826390670465887,1.2088603227043,1.34922257410429,1.09089224831438,0.959696318083589,0.944333111824067,1.21715902666356,0.892845011583926,0.784572433836626,-1.03939641157103,-1.30017390900603,-1.21430122863713,-1.53927594743199,-1.09183872939184,-1.67500946011325,-1.43446818042748,-1.52550084196409,-1.68587099601108
"Q01995",-1.60033960638143,-1.55602357602667,-2.13197774740991,-1.33126534621743,-1.46690558838347,-1.47423823136929,-1.50539540775688,-2.38681948953229,-2.13976002082594,-1.34747493700858,-1.76579443342572,-1.66041350716268,0.0245041770255821,0.205588121135005,0.228679510236979,0.18728585743558,0.681424305742071,0.709927347832984
"Q02241",NA,NA,-2.31095431383959,NA,NA,NA,-3.65601764276556,NA,NA,-1.39967095410869,-1.96860245109885,-2.21931940931611,-2.1096633434675,-2.97980670547112,-2.78933508886968,-1.82921756028556,-2.75461886601132,NA
"Q02297",1.51607388041765,1.46500022429236,1.19157492590421,1.78734416106352,1.51092752016911,0.807533907761364,1.60117772354965,1.66739495856559,1.51425439891122,-0.828797213851595,-0.369329986161491,-2.11696008124532,-2.40576856851739,-2.9537539030152,-2.35734203532791,-1.50261566243465,-4.14727123540334,-1.33778962449749
"Q02413",0.462897800069351,-0.31362126313007,2.18998682970856,0.462351184538335,0.616736120938427,-0.315337786731781,0.160790244721913,0.171679241199227,-0.334882332774912,-1.20304627052823,-1.23654781758595,-1.18333155055219,0.173891119832113,-0.899663178858224,1.24166680896259,-0.282755453850211,-2.00688562851549,-0.956943861854886
"Q02487",-1.21535438406034,-0.948230266820413,-0.529431205330892,-0.880525488892628,-1.48205486103668,-2.26886278556121,-0.640381945314706,-0.601591794170529,-1.12387448142718,-2.88910000603343,-2.0775390457803,-1.70456672620716,-2.03073122352033,-1.95846592686617,-1.99860722119534,-2.75934033787241,-1.52814980720488,-1.68225748570031
"Q02543",-0.789672606129671,-1.94620056562922,-1.00419871612499,-0.634723869615382,-1.29698474452371,-0.43689884584299,-1.05023412909351,-1.47577026079402,-1.30383875717557,-0.725639720085852,-1.35595222315511,-0.720161625692998,-0.6371548609484,-0.705208447672757,-0.734147904447451,-0.632876543375291,-0.802972662675146,-0.434318954191077
"Q02742",0.175197023937347,0.44624543940683,0.331965687789069,0.583142438681724,0.421044420066755,0.0630412472483659,0.852171716107993,0.442363037560529,0.732123568764058,-1.405970874826,-1.20991881006766,-0.994875683928791,-1.52875966027036,-1.87477343968286,-1.43571233742667,-2.27275405416531,-1.74239668157569,-1.16849129777569
"Q02750",0.444176499635397,-0.237716680398643,0.713426058838255,0.0266035266226794,0.24310414891491,0.415140812465786,0.0585936629698054,0.663339372722884,-0.0040286580544997,0.982200249362142,1.03699580665649,1.08720655981275,0.755164485943725,1.28897942710739,1.3683795329538,1.04928795584507,1.21418097599935,1.25519825837362
"Q02790",0.921586822681085,0.913918682802739,1.12267767897615,0.722929975111542,0.62077135860754,0.671798605530089,0.787291601732889,0.626250457927959,0.893555711557521,1.75388900202256,1.86426630426141,1.94238221801867,2.09767920643367,2.03888352977041,1.9605561576763,2.01176453098949,2.01826187080344,1.90977741675016
"Q02809",3.13985199126533,3.07649009095694,3.56022350883165,3.07610453713257,3.08859167076835,2.85098883436117,3.11687315820503,2.59799950002686,3.15662553138532,2.69581136044807,3.26678791317961,3.19614891681962,3.5605822928426,3.47409119403706,3.11050910765471,2.93205189997719,3.40206513105707,3.53229836260954
"Q02818",5.42496880499873,5.45544887419648,5.71986022128926,5.47162750494738,5.47291382330149,5.21688821116246,5.73876917405075,5.41297041802533,5.70936519169335,4.5689904547537,4.906241090143,4.86221547267464,4.91141486238732,4.99812468758354,4.61871050717741,4.25239959483299,4.59880227305241,4.67612289214176
"Q02878",-2.73309116022592,-2.223194686262,-2.86226747974281,-1.99997494398763,-2.1771783878359,-1.7596963683672,-2.41477786360156,-2.90547059688888,-2.5186203323803,-1.64924637242652,-2.39447141619982,-1.24504647845417,-1.63229549865725,-2.5496246649278,-1.57887201362362,-1.14575877783661,-1.72090160255831,-1.86824582409964
"Q03001",0.0239141401735736,0.991067520643174,-1.48561141174225,-1.3899263031525,-1.52204089343645,-1.11974476743953,-0.791937168906995,NA,-0.32499244450667,-1.17111256679636,-1.42147093753669,-0.810879332431283,-1.24480528832129,-1.84049520470543,-1.54387362490494,-0.959791080139784,-1.18102131720614,-1.19159955896898
"Q03135",NA,-2.12954965882992,-2.01296097926112,-2.77507318390587,-1.87097040660663,-1.33234515962863,-3.39279999634982,-6.18392856381058,-2.9201076882719,-2.26161504023162,-1.80137731474912,-0.710245899687699,-0.872247954997952,-1.59394845833062,-1.06021008175051,-1.36037456966643,-1.18351244048507,-1.20225045280604
"Q03154",-1.20571692884959,-0.905807120862206,-0.989377088382148,-0.235758263274107,-0.987402040276897,-0.611959970581115,-0.836749599633644,-1.06101373963828,-1.36360185136671,-0.019366521628454,0.326162540796547,0.332983515119796,0.727835437697689,0.718043841285819,0.516175689530792,0.120979180362989,0.567517729056307,0.391293108599262
"Q03167",-3.04727451732577,-2.45167701425122,-2.90856984531127,-2.73657599642505,-2.11432013689649,-1.8579556904541,-3.3147648648676,-2.04433642601984,-2.26918803407321,-2.8678930925948,-2.53458933222606,-3.4760767096522,-2.56604711761075,-2.43359503332158,-2.61026560502379,-3.59458271086563,-3.17470195754857,-4.0767962593009
"Q03181",5.3251920248791,5.48135997778805,4.91308962273613,5.32222864242996,5.39055641615918,5.40134514680588,4.98058517473787,5.34653792825103,5.35720788679448,4.58381630430964,4.38593713736643,4.45699223132882,4.66188257484087,4.73357533946859,4.86940591073822,5.252290914733,4.9367931735842,5.13455243345828
"Q03252",-0.233083814996233,0.330750366977576,0.380796465632189,-0.0717304353598536,0.162174304181239,-0.187785193347898,0.0640159002828415,-0.359567916534107,-0.201405304842314,0.983761880864369,0.907759210192893,1.08553408282764,0.776358669564017,0.66735658715011,0.63491466782094,0.633185743832184,0.519906810845256,0.603187910247438
"Q03405",3.05403975705257,3.08381810712718,3.06626212857578,3.55873092395201,3.50188549042562,3.37616510916127,3.37576590156053,3.19245640917033,3.31968043294945,2.43906349230147,2.53885294818222,2.4585761210803,2.90670938204547,2.68894875176418,2.65841028069718,2.48609526925332,2.52359642796361,2.76562420363685
"Q04323",-1.6762514974799,-1.68481231376041,-1.79462149329776,-2.58408573919867,-2.49656274322149,NA,-2.73688330963792,-2.75016421316587,-3.92610534740676,-1.80761103590257,-2.22988673121775,-1.06833697823935,-1.61192925674906,-1.59996625439975,-1.84762903096578,-1.65895380675738,-1.3215584823443,-1.33044360607661
"Q04446",0.646687771434822,0.745678850254416,1.27711378498054,1.05406908020617,0.974628827299931,0.690264834775581,0.721980995694052,0.911110824855619,0.672020927772332,2.11970807463923,2.37741324965002,2.43710630874108,2.50782134940406,2.50831081866948,2.06549074540182,2.1347604049352,2.28153487177133,2.18384066677761
"Q04609;Q9HBA9",-1.57325889608876,-2.27545107413698,-1.7188949282061,-2.48825723934704,-1.85831192803385,NA,-2.61331344272399,-0.77845493014472,-2.74202319447673,-2.6672206035063,-2.07500893018776,-3.84206701421125,NA,-2.67391583030373,-2.07328355979237,-1.73356408617708,-2.98246316027834,NA
"Q04637",0.618859986647863,0.234600054324273,0.591175932506307,0.336890307269691,0.451303151431519,0.350740623187829,0.731919489422697,0.79218699087418,0.684992269652877,1.45705807623477,1.18302839739535,1.16172387120031,0.848101859461091,1.10123079912968,0.979544037815751,1.0582215543699,0.810903001479804,0.945535053228326
"Q04695",-3.49435577059929,-2.76100774502061,0.778219426070809,-1.98650941019593,-2.52334433531696,-2.93000128345761,-2.6580742467221,-2.16523771922723,-2.5558962681084,-5.7081709942541,-3.62917440707719,-2.90554105112117,-3.03330022359081,-2.86853387081608,-1.28778385814921,-1.98321450327523,-4.06689801928067,-3.85661912222626
"Q04721",0.528532934769766,0.523732412094231,0.590240945992866,0.560345462389089,0.842147196923989,0.598604430653284,0.609028164379,0.343879865446963,0.585431176521535,-0.24002476584641,-0.324544302558831,-0.0715454566546985,0.073188526407316,0.0786178830690059,-0.362406856246585,-0.226053500220472,0.104424632056134,0.00409226215546887
"Q04756",3.21957449716357,2.86311526015776,2.39804006444252,2.82541006300557,3.13110232520988,3.04842976624646,2.64266368466687,3.0967561967062,2.73850378661928,2.60730430390882,2.38346553156223,2.43448368928236,2.39960557357072,2.71718131177979,2.6334495320792,2.91620248226041,2.62415960399481,2.55761543648573
"Q04760",3.45965620848972,3.35079957353902,3.40983004470738,3.58839212353713,3.55737794506886,3.42795480408417,3.50235083466924,3.38804826582738,3.53784868904157,3.83666499045238,3.80623322130583,3.72458267347351,3.60826572580564,3.76253352964913,3.64765622865924,3.98696020264224,3.78760180947369,3.91353583652704
"Q04771",-2.26791468129798,-2.48242261580881,-2.8094357368071,-3.50759144166586,-1.02842976578416,-2.93067630060305,-2.02418486613889,-1.82537005613435,-2.32521406411129,NA,NA,-2.97944311761356,-3.91277869243079,-4.16030301930668,-3.54586447686201,-3.20815966465608,-2.40598773546873,-4.66238578779986
"Q04837",-1.83351649827612,-0.977784946189195,-1.0543908064397,-0.974602653273708,-1.24734119788239,-2.17521971603955,-1.8689095166385,-1.71944272323074,-2.61398778543822,-0.107499409398837,0.390582485117372,0.361581996696772,0.722489593837818,0.455503693959855,0.236461769857605,0.468486016848891,0.910104160950034,0.565537913491807
"Q04917",1.15426368060751,0.938358385190478,1.13626485849914,1.028905819371,0.888125027025755,1.1088787057876,0.702513530263156,1.14594416472783,1.1671686735178,2.10147207651181,1.96102442735706,2.05114064503421,2.22384988989631,2.21651555249766,2.40337819804564,2.37556238341443,2.12802829049362,2.1760503382762
"Q04941",-1.88762633897462,-1.64804197353924,-0.906039309018084,-1.7110256125136,-1.11445754346937,-0.993185942069792,NA,NA,NA,-0.764129463552885,-0.453253060938023,0.167863470625171,-0.0612764480008572,-1.63153093912901,0.125182147749584,-0.0801623770333251,-0.363343415497852,-0.123333876681718
"Q05048",-1.37245839284392,-1.58092698141878,-1.50990170296614,-2.08857600997408,-1.97046549472834,-2.29080290512446,-2.30090530562839,-1.9348698013539,-1.47319679900618,-1.01142708898697,-1.56197886304484,-1.42154874526214,-1.36213478128083,-0.904886665261523,-1.45393157569928,-2.24288252175331,-1.64078389862649,-1.26164564600052
"Q05397",-3.16088577411589,NA,-2.75905491936719,NA,-2.19540202414599,NA,-2.57969504363375,-2.1443130788875,NA,-1.8709814716889,-3.30640492910939,-0.843175353525905,-2.26765385205153,-2.9168014366914,-2.23482421210272,-2.11467935642719,-1.72691111310222,NA
"Q05519",-1.63187146003961,NA,-1.92503524677969,-1.19691138422582,-2.73653585821592,-1.87774022707095,-2.65116215058072,NA,-1.24950989628505,-1.42631798005593,-2.45062467134199,-1.39995067053112,-1.97489233948929,-2.18071341180205,-0.991023448852443,-2.18538922147206,-2.11787383740385,-2.21851818054603
"Q05639",-3.2801694706521,NA,NA,NA,-4.24165201410112,-3.60923551736025,NA,NA,NA,-4.45922367277554,-3.49738003526253,-5.16322929489793,-2.60024465049043,-2.06604879118746,-2.28916667599669,-2.70273526929167,-1.89397882671615,-2.89377993374442
"Q05682",-1.3886323183402,-0.769375330912701,-1.40488746597372,-0.289038057872293,-0.797307089801643,-0.0659956434988267,-1.12031485626849,-1.00288463161105,-1.68603906646818,-0.524796789834856,-0.727045455987787,-0.711087185834669,-0.590977699830575,-0.443115617877304,-0.653213551111713,-0.588067193223809,-0.28769502464902,-0.33056441878748
"Q06033",4.70670233684993,4.74239414705475,4.06510004947935,4.54625594923942,4.52884990755932,4.71264028785488,4.22492197588735,4.83030672932747,4.57531021180767,3.9833574541949,4.01544574602128,3.77003502931309,3.77781457554227,4.19920590721611,4.1295808952764,4.17837173332191,4.04515623518896,3.83518913783155
"Q06124",0.918902967812436,0.542511778731249,0.798891568819126,0.639371849582181,0.378841994306473,0.588092691463387,0.251847934091149,0.23874482662537,0.381309913099269,1.31210276437637,1.44782393388139,1.69259662842156,1.12519884457082,0.918503261518444,0.988084094120458,0.708874191884671,0.937117713724513,0.927381546948489
"Q06190",-5.72004081542883,-4.47738094974723,NA,NA,NA,-3.01534587719203,NA,-3.48022747113027,-4.05769609142974,-4.47850411341659,-5.63304495800789,NA,-5.01693149682572,NA,-5.83119802454977,NA,NA,NA
"Q06203",-2.97149463705174,-1.91229478698,-1.30545216243146,NA,-1.18624636790295,-0.908282173628637,-0.848588969682884,-2.6755640421115,-1.71005937804259,-1.06323784126527,-1.04040456964004,-1.01073672561671,-1.16188728676478,-0.913454018799806,-0.895632249113603,-1.03980085989644,-1.86386211008167,-0.945503067127259
"Q06210",0.0311806570010091,0.0490215047437363,0.55921597025039,0.0132871216920254,-0.25908782231212,-0.159577304223149,0.0298134805971308,0.499243361389473,0.0368065343955575,0.505974608311835,0.255724035067944,0.344560453678429,0.400389269700224,0.527341242888976,0.417619989396002,0.275698102833307,0.15741687707629,0.215553175739144
"Q06323",2.64114977380082,2.62870680631994,2.96213522041442,2.94547423707513,2.8435082020397,2.95651237741475,2.76252813007877,2.6165425744756,2.90558673103194,3.67657003889222,3.76608362337744,3.9660337735947,3.91793285605395,3.72478181453853,3.68940688506758,3.62356695120959,3.79036872515565,3.89478916265069
"Q06330",-0.801233092743934,NA,-1.24060254109625,-1.83058308609448,-2.13573402240421,-1.75030484051178,-1.66792019005006,NA,-1.01468277050901,-0.645481014638323,-1.29543594343731,-0.428754490285169,-0.970916249135182,-0.902538728138908,-2.28147741592542,NA,-1.71107478815769,-2.57571490364718
"Q06481",7.24931105365821,7.27309687832476,7.3635687146213,7.30986781129986,7.30315675217621,6.98920791012048,7.18316663498194,7.01265248460206,7.27092041104373,5.65338311681378,6.10374797519878,5.73235349282332,6.10313678306551,6.45651767904376,6.01024187362154,5.81653429023369,6.06282612222979,5.89808742525166
"Q06828",3.13837550688212,2.48724047313561,2.20432540158209,2.60157464052312,2.58326598470214,2.47987904849392,2.33495621802295,2.68667649409195,2.682862619828,1.91131388119445,2.0677475841967,2.12684824812226,1.94117777804695,2.31023604533207,2.35698476023107,2.21746013393773,1.94304403165602,1.9956741836697
"Q06830",5.74800229795552,5.77803493895684,6.12442487955182,5.95668905845158,5.92666921891755,5.8823083101986,5.98739382560671,5.90609859777653,5.87696012177434,6.296507068493,6.54274614693496,6.46575021839805,6.41298712620847,6.46205304962723,6.26942655106206,6.31301741066295,6.46009182476694,6.44121451322122
"Q07020",0.894015622523673,0.365209755337075,0.129739778630094,1.11263854454241,0.450577474635271,0.710216530798403,0.483619784058993,0.474759647457599,0.400193113960743,1.26525191559819,0.657773739204014,0.801821421876145,0.653334561309023,0.479140485204324,0.76495082633002,0.76458447132627,0.530918476191257,0.584579085094411
"Q07021",0.884431555195921,0.853294175198148,0.566006138170629,0.475015799204856,0.367878725559772,0.0780244583382732,1.07477565367229,0.79700282416964,0.455921287933188,1.59796859148519,1.49379805053274,0.508087304826921,0.142176254248158,1.06507727121029,0.863065118815548,1.54738250351441,0.228917156307716,0.0376172025402273
"Q07065",-2.56749096088899,-2.36638827908746,-1.85112952962021,-1.50558029709323,-1.38166232123952,-1.38740746720845,-2.37446545469839,-1.54747011902122,-2.24721954721457,-1.68985457242426,-1.92117941638278,-2.13893880700342,-2.53002846467465,-2.2044448346826,-1.65737840611799,-1.84797201470961,-1.64257073190423,-1.69651513250877
"Q07507",-0.718025679809295,-0.315917730074705,-1.87911040822179,-0.78114025592537,-0.894266107872896,-0.964002324778944,-0.884353835055387,0.216024671720039,-0.652584156903621,-1.26665495219207,-1.40507942339409,-1.33958058148849,-2.27323739954279,-1.48229028793736,-0.778831740471149,-0.825115600513161,-1.77926273520319,-1.7428958294156
"Q07666",0.037248580230262,-0.0513997173184446,0.455227937801403,0.094347043762081,-0.0205132489495998,0.257989719089695,-0.228851825382108,-0.206367579159918,0.118009691612864,0.814912282318513,0.692869802726474,0.941296890747282,0.548692879431584,0.396483915704051,0.593403645505719,0.618679423233832,0.400541899085495,0.645250661989122
"Q07812",-0.384942948126334,-1.59649294026812,-0.355144004766802,-0.389356492631499,-0.416153208988474,-0.855704935654276,-0.90880737466719,-0.553904033385907,-1.05389392330275,-0.388466547632273,-0.576220603932763,-0.807079634908978,-0.533274459296002,-0.831551316136935,-0.799889614036828,-0.447169348959468,-0.806732835939993,-0.927634960584844
"Q07866",-3.37310551049101,-3.21553463648737,-2.90424423278609,-2.70715497178386,-2.50393583125091,-2.5179123719679,-2.64568095398452,NA,-3.86518970495495,-1.51146402899822,-2.01334195000045,-1.85156723021125,-1.90374220229535,-1.89721370717814,-1.6878338251738,-2.47487376418872,-2.72938417462022,-2.05781950662908
"Q07954",1.46734405929721,1.32398268966326,1.29299964963389,1.4623276036205,1.42205072819628,1.51295716898908,1.4725925650509,1.33861694663038,1.588923233522,0.922797745166191,1.50449302511842,1.40316413409424,1.49695105169704,1.59274215209288,1.2419642601083,1.06239146590034,1.40975707483653,1.39716321298982
"Q07955",0.852140870282698,0.714848795605631,-0.851362323117998,0.407021042282432,-0.253977087701399,0.0532318547910098,0.880612323629341,0.175496088116969,0.882889733215988,0.715125452303598,0.934442557149005,0.902745248946195,0.423755265990815,0.828856070201148,0.392619499783271,0.584204613603047,0.796596305507041,-0.243788100808276
"Q07960",-0.752496610264664,-0.339070627060998,-0.190833958535061,-0.236793828104497,-0.342271352914734,-0.513735700597259,-0.017212746442274,0.0844100381143154,-0.0658004641427556,0.418548237307746,-0.0260345067377479,0.229994933019571,0.181047453734674,-0.0578871577144167,-0.0421576802275556,-0.357930288927617,-0.469295616001796,-0.449445743739632
"Q08043",4.60846291083396,4.30509448433149,4.91011664005008,4.55858962281356,4.00470994613742,3.86180386730156,4.78846082327175,4.43782429730071,4.38230027098315,1.89321511601971,2.85126937442858,2.70429955029945,2.99081244465856,1.16255225716128,2.22030035115475,2.55694433722497,3.12584834984888,3.29636987261028
"Q08188",NA,NA,-1.74062150229867,-2.47845483493964,-2.73305342644647,-2.32274726152598,-2.97961895832817,-1.48187001638895,-3.6653588729859,-4.95152764887486,-3.85219388875722,NA,-3.85700715211288,NA,-1.90037007685942,NA,NA,-4.03532614626853
"Q08209",-0.51111588917759,-0.239776072812765,-0.0429703748780987,0.336149935219419,0.0918269546979289,-0.200088083649351,-0.0926857338463218,-0.322371127083432,-0.0328001331414161,0.902539546517207,0.572273016146783,0.733005374511349,0.0724366932151579,0.206847990156646,0.188451527070221,0.356312768283061,0.466692080363721,0.0974844773257271
"Q08211",0.328285530589897,0.695966930035709,0.748797376729925,0.525388283298199,0.61284812339386,0.572359556571747,0.551740827049949,-0.240340010610208,0.779381646042136,1.31092677182889,0.972782983823546,1.13532487595606,0.634963580051011,0.822100213039548,0.932883409717416,0.67196160094143,0.547501480279337,0.438050388380667
"Q08257",4.31558193008818,4.33625850196036,4.0375656619941,4.08721114275889,4.3024197837196,4.1636070118769,4.57806126621874,4.09745256974152,4.25606674420983,4.40733901767939,5.01039354439377,4.58107432930164,4.49559880015318,4.78717345207241,4.77520365846892,4.64462261286456,4.59399120131732,4.74933072411041
"Q08345",-0.548813433082589,-0.147701078460535,0.178519144163824,0.406689630642491,-0.128267180767793,-0.139289088235259,0.673617227737722,0.313272149402405,0.351622584124868,-1.69361371787443,-1.54305132236384,-1.05902507097326,-1.15737565496226,-1.52996648824399,-1.50604133920899,-2.18159866382132,-0.860514212819232,-0.839028374595237
"Q08380",18.4288044917598,8.64367762694831,8.58420004709415,8.59606128934605,8.62999543167626,8.44757753221498,8.51027773155895,8.50107578773003,8.57726542412126,6.43308524132693,6.69170399814665,6.49440908170302,6.63632865019151,6.42181147364837,5.96874986634104,6.31698133868474,6.3269029874223,6.3647732834054
"Q08431",4.49823827043936,4.65426997697104,4.61862061724466,4.19437443447003,4.36569054386761,4.02743684241105,4.4558394699965,4.14590738787435,4.54190088904034,2.7985947776532,3.00791107854362,3.02668030991776,3.19025800991165,2.83784980944777,3.04278451946786,2.72347819123065,2.93067726056299,2.96480357167471
"Q08554",-2.06997813053913,-2.68490533238268,-0.169059080025919,-1.89960554104717,-2.33792766978477,-2.46191956129844,-2.49724041590432,-1.26006580284709,-2.79320290572124,-2.95637759894884,-3.84118224143481,-3.68796316703901,-2.52729481849611,-3.34128394667618,-0.692049662804155,-2.74911414147684,-2.69999551843335,-3.51455435542967
"Q08722",-1.96880200386831,-1.17988139736871,-2.09162891605847,-0.995240940285866,-1.59895717510306,-1.80561478680284,-1.94807816793589,-1.28101934585888,-2.60270405743209,-0.950526696644599,-1.06397167777997,-0.574275867284458,-0.54326485986246,-0.954720609660739,-0.0587223208010759,-0.584680777421363,-0.660262195759827,-0.368772045406109
"Q08752",0.029396073570501,0.247094621067449,0.164387262754643,0.262910737848403,-0.303752664115732,-0.379026204955203,-0.456843348754832,0.280819389227057,0.214497010760555,0.239332669385385,0.34619849387928,0.896640614338592,0.709760644114887,0.40244246477948,0.578383276379498,0.0991307329936166,0.186595810820879,-0.150040739485128
"Q08945",0.747565401132654,0.869952090684304,0.820136118245522,0.753459563033292,0.703378160014658,0.478893157279138,0.613902077407543,0.304571471763953,1.13534284367526,1.43999760055913,1.4434391617075,1.31218587918794,0.969148549376639,1.09097729498873,1.26778468076457,1.17339973941253,0.935400336722521,0.902170254584357
"Q09028",1.15161544130332,1.43760625099876,1.5920601174141,1.38250189079471,1.2414150745113,1.19635388713676,1.29193745788066,1.26398402689049,1.06346953095982,1.45642445622884,1.48713916695511,1.59105824486869,1.61418631882822,1.36454776830172,1.33886761299457,1.42567004299666,1.55719085158352,1.38680555631485
"Q09161",-1.20650798886516,-2.54279394319136,-1.29234310767068,-1.58714521194104,-1.14897956446299,-2.47476925877098,-1.87949427336381,-1.27697443260501,-2.32982811743939,-1.16450726139613,-1.72639295100441,-1.88599492392801,-2.1751831391246,-1.01642868611129,-1.72289954514603,-1.68783685653746,-1.98785724342476,-2.14554171795201
"Q09328",0.0417965191472032,-0.0139258060441065,0.393207146067695,0.236208167962083,-0.220447530150416,-0.552817709846828,0.17712024308406,0.0424990981399951,0.286391362691377,-1.08525074271514,-0.366681738528031,-0.630972955838049,-0.56065707479162,-0.822313559858801,-0.716752717559262,-1.06623426293679,-0.406300776299826,0.0644151376305278
"Q09666",2.35974457415992,2.13430093467939,2.90298037581306,2.35185291384608,2.67320226445377,2.69310000713497,2.37216929543095,2.01084221672166,2.40096928013908,4.11089147819997,3.6905832872843,3.87032073553426,3.64054772801244,3.48552832109321,3.90080468702371,3.67055489965602,3.40699905048777,3.53520622904541
"Q10469",3.18074624590581,3.18440637433863,3.42808819437571,3.4057605488717,3.12103067021723,2.91449965355639,3.35908841618012,3.29223228761288,3.26743228509937,1.89603488978543,2.18420653989246,2.26475415393861,2.54154077028179,2.30024125781541,2.18631240511528,2.13493247205701,2.10550789744128,2.23866956427924
"Q10471",2.32098916902578,2.32716736567748,2.57996209302883,2.50964347668223,2.37783231219885,2.08126534006861,2.63276764942417,2.46115703208276,2.42297529600657,1.15999139990473,1.54431571878732,1.58053821443261,1.56779355741486,1.43361798662916,1.25046370285069,1.25512894980368,1.59381647908292,1.51587980853942
"Q10472",-0.111755632282277,-0.728138202318416,-0.275708312012524,-0.466734856936398,-0.151485980684026,-0.218486479708563,-0.167933870957143,-0.19746658346603,-0.363442777311363,-1.2806870607984,-1.13946794569438,-1.35485467978353,-0.742295220752824,-0.640159406300951,-1.36640445517036,-0.777410200185601,-0.974000707270803,-0.820418663473389
"Q10567",-0.279150541204064,-0.638932780349462,-0.297167685277339,-0.470744915511677,-0.656692929569477,-0.435316523258384,-1.43450441384834,-0.53408588448835,-0.761324893263121,-0.331445735748634,-0.353051809795019,-0.239878863384012,-0.113271719973017,0.411907751469457,0.0217646982660398,-0.371372924092068,-0.420672965942552,-0.195302581136838
"Q10589",-0.910999824450837,-1.31843481204441,-0.292174999289369,-0.677221059468259,-0.658996627161725,0.378495814882285,-0.553850166641391,-0.399519221311893,-0.391898139952927,-1.4529053395553,-1.10048540370415,-1.56926156730863,-1.44744513099518,-1.03376986154202,-1.096563328356,-1.32747634213363,-1.21398473388153,-2.03036785689701
"Q11201",-3.70654819587569,-0.763691928298605,-1.82409840381784,-1.70720292498456,-1.35339874076699,-1.9693868792873,-0.676662957850801,-1.99780972473421,-2.31159169380219,-2.0505601762337,-3.36010447187317,-2.41101345059819,-2.28833556322315,-2.67054159282598,NA,NA,NA,NA
"Q11206",-2.85521570363193,-2.46994567393955,-2.01468218864748,-1.35300758244474,NA,-4.58289286242521,-3.09836925274517,-1.87926906365945,-2.44382627734482,-5.02700251827428,-3.41853341900657,-5.77865942615833,-6.14671369427681,-3.22165209431932,-5.71112899685102,-2.87620809903769,-3.26192797625335,NA
"Q12765",-0.27663952517214,-0.791851987934702,0.214976624534112,0.201463758590352,-0.118462732253935,0.0731402386308702,-0.199106953502,-0.282526480826347,-0.293473769149575,0.867590310911645,0.978401229280008,0.963124924194325,1.07756943392611,0.970209079057128,0.855802249298032,1.15632124508034,0.907084218388947,1.1515171603297
"Q12792",-1.01540653849808,-0.623846567039578,-0.522026591012446,-0.643226167672007,-0.849618015477874,-0.779039378609244,-1.22990112446918,-1.56488617770647,-1.7048368175559,0.565305739365579,0.285833174378352,0.567662334589295,0.49677669745426,0.271707853312812,0.400715315148231,0.456341605807452,0.300568699739227,0.484301398594866
"Q12797",-1.91818516930811,-1.71957122340828,-1.59162569287147,-1.82295271486062,-1.79279720405343,-2.16572859056172,-1.2341258536383,-2.52330956599677,-1.35234423184185,-1.59048960760347,-1.73924678836556,-1.4563234091544,-1.82104272779512,-1.66646103799207,-1.87288693170089,-1.94120334720611,-1.3776276186325,-1.56330585772809
"Q12805",5.53055468151859,5.59448963928463,5.55622937481539,4.8744390370481,5.1121856432172,5.0612369690892,5.34711007290516,5.16922267904968,5.38471090255985,3.61729840909547,3.7201433108385,3.64334990554932,3.37771546073586,3.0894290609363,3.04524320039372,2.93711633880638,3.01473418960761,3.21948199685287
"Q12841",6.67206366154898,6.89153698417619,6.97286265142403,7.05123180974528,6.9895087137408,6.67301149225416,7.18332894886145,7.17489978539986,7.1198696672306,5.49364994866664,5.91728284400155,5.78507518466438,6.28887281143573,6.15605126263297,5.85677819492314,6.06784106363483,6.38009632756896,6.42800895359327
"Q12860",1.05386610705301,1.11249299185761,0.462797095064436,0.708309681025554,0.928225643537463,0.819271109572401,0.416780007596937,1.02224682141276,0.929668880665446,0.204782199022908,0.484552200103536,0.285686503414496,0.377343642436967,0.632723360117746,0.879640077025664,0.650037313543558,0.369257541228453,0.460879829566492
"Q12866",0.00969623120958651,-0.777174074985941,-0.111615561586579,0.232304298535862,0.384822545642024,0.0670807102546878,0.571227866880319,0.554267739942961,-0.292602669892764,-1.59491049926433,-1.91167855197452,-1.89080411688607,-1.4904009880703,-1.4849598201576,-1.72167015793737,-2.38738205381855,-0.953106585038908,-2.04954253433579
"Q12874",-2.30108833426954,-1.21655821514865,-2.05993360296611,-2.34376515010217,-2.80191743936155,-0.794766256422611,-2.37244288342521,-2.99385800618677,-1.50456367770257,-1.45339470291572,-2.10324689706562,-1.84945539820372,-2.21346380771926,-2.27046585027075,-2.82174667817419,-2.4302009339311,-3.114857030284,-2.36118164611435
"Q12882",-3.54021662096673,NA,NA,NA,NA,NA,-1.8928492138995,-4.66453693989038,-1.4820995661707,NA,-3.81349650647673,-2.5766016630011,-2.14769804957375,NA,NA,NA,-3.85490292833351,NA
"Q12884",0.539345287832592,0.411156626771124,-0.460039597129797,0.115450215090949,-0.0375888255604337,-0.223946295509732,-0.0239279834323192,0.40459787779853,0.465207533404186,-0.391553170515055,-0.554287762853457,-1.03872869766126,-1.03462507926039,-0.450623600630245,-0.135407644840416,-0.22105214976327,-0.314561929091136,-0.040459799536249
"Q12904",0.28150604447168,0.115063998243562,0.260976515379216,-0.00865146570441766,0.2752078902507,-0.0520410820419386,0.260803018319598,-0.764394548095757,0.381055806718088,1.49231998153085,1.28932788170746,1.43582949207689,1.4917809189689,1.21617584740556,1.15936605563244,1.18135049585135,1.3198761345189,1.54014566576526
"Q12905",2.43116472308682,2.59306515485279,2.84811604670269,2.70574618380019,2.62277102694885,2.53152928640368,2.70166726679964,2.65972130433366,2.91596592215597,3.19179096766583,3.31607996381822,3.23511541171074,3.11290425120398,3.04751020809309,2.6975085859258,2.70427697102451,2.77457309016503,2.95438008837555
"Q12906",2.32406183115792,2.25846038337795,2.71852713722257,2.40173697683721,2.40308199925571,2.19402448696243,2.38491410502014,2.12001690976229,2.37687929823637,3.04790642062852,3.16022827439983,3.13715086860103,2.92970763347713,2.79464937561516,2.58860853710133,2.48390835019122,2.77940980375915,2.81260607204281
"Q12907",5.23577982891734,5.36878216265086,5.50760549365077,5.44727807323656,5.32324061682469,5.01518959748604,5.62279831593184,5.48680375640333,5.49860535158331,3.63754196189099,3.74555973675999,3.97527791383896,3.63543907752613,3.63086210966235,3.37285898986007,3.3566288849504,3.50046983225524,3.52452855992724
"Q12913",-1.25095140311914,-1.48514528563248,-1.64666503892591,-0.573280908858392,-1.11893162124965,-1.30354551030223,-0.877986060581041,-0.664591516393395,-0.869131067787589,-2.9036117113298,-2.52873087471409,-3.27448443085201,-2.50375940884566,-2.11943059221854,-3.52080476612408,-3.31208376521403,-2.70783822197978,-2.06652666689317
"Q12931",-0.959854789740725,-1.39666037035029,-1.00107946530572,-1.04815156449439,-1.75090219962571,-1.90674537512833,-0.816015480534843,-0.867905243161389,-1.17110637370676,-0.688979093174072,-0.153209485940543,-0.241555139131234,-0.186556104349354,0.0461351730443482,-0.580123769775531,-0.81511050831803,-0.223553182977572,-0.364212698612198
"Q12996",-1.43502531185363,-1.80178449889874,-0.871776837688301,-1.3019055393823,-1.27368901157842,-1.39683085120843,-1.1214428421047,-1.58649593473207,-1.41113963321305,-0.533113348231642,-0.715733322606345,-0.698940612508253,-0.466761372848865,-0.599471825008844,-0.702485830370785,-0.947791296627725,-1.19179057094426,-0.904963002972544
"Q13011",-2.33500889372707,-2.52700476395211,-2.07088634796359,-3.03213702379771,-2.75655147288001,-2.25969198466795,-2.5548724240037,-2.77261901985333,-2.28585935667108,-1.19667514795541,-0.486487880038887,-0.457415954878786,-0.94354967132203,-1.54270423643745,-1.58737497149751,-1.37868685723383,-1.41393435332247,-1.29965453752082
"Q13045",-2.2003324082153,-3.15690247960536,-3.22085403200178,NA,-3.74870355555562,-2.71272602739593,-3.8346912745508,-3.33577874225394,-3.98569952468817,-2.39233470505632,-2.84955998655253,-3.34035741546163,-3.84792113995721,-2.71503210058397,-2.92559365563823,-3.51476016111343,-2.46758581220042,-3.40313740447785
"Q13098",-1.07167736889725,-0.683953176023659,-0.845503587202493,-0.659242829187217,-1.4193064766515,-1.07519307809571,-1.17976474672094,-1.07321818722842,-1.29366609778844,-0.460901564615689,-0.403765072946042,-0.533445870418478,-0.710458538067935,-0.145614013102499,-0.668603168905494,-0.68922048818946,-0.773216216960694,-0.885805508490081
"Q13103",0.52515117006312,-0.0226485035924533,-0.582411377201013,-0.149763439115175,0.12165507110562,-0.386788226789253,-1.21319937310215,0.453260388642308,0.365959884367141,-0.159902207834957,-0.785349722997005,-0.793300241939678,-0.973970156838765,-0.479287543232044,-0.417621055366768,-0.681600641607924,-0.278126207139357,-1.7385724509494
"Q13144",-3.56474081516151,NA,-4.90778718706058,-2.20323576534963,-3.56768093195018,NA,-4.01907192746901,-3.04357820494803,-2.97796568274534,-1.00066933362027,-1.71491309904256,-2.62699111069658,-2.08999969595176,-3.18911105087135,-2.93462049725726,-2.01702090726167,-2.58068994099206,NA
"Q13151",-2.52341092490954,-2.06820277883492,-2.15045371867479,-2.55954848620533,-1.57750135315784,-2.87316989972009,-2.01276171213876,-1.54895514191915,-2.53157656763192,-1.29605209103939,-1.35397437127073,-0.822205044301577,-1.30803410253293,-2.06632769665107,-1.26891934234092,-0.6989004991178,-1.62315334340245,-1.07504447913438
"Q13155",-2.92060138578229,-2.30711886118741,-2.97027314522722,-4.78716115923149,-3.52809279949779,-3.1884140652197,-2.09196404964757,-5.37185396478722,-3.8162353327382,-1.990277343342,-2.23560671047178,-3.11756799345993,-2.39302257765392,-2.90154009605143,-3.04984007572062,-4.26878517217674,-2.56558665203065,-3.75218283236926
"Q13162",-1.37182916727201,-1.03658054030214,-1.05996501299386,-1.68670407376943,-1.81755137937538,-1.36728602062227,-1.56045348270484,-1.57942610120563,-0.797785707156278,-1.25029732128588,-1.2172687194343,-1.22005436347565,-1.04517854723944,-0.489451119696652,-0.882744168854031,-0.847625762404524,-0.981941592831245,-1.24087583315275
"Q13163",1.36337517689126,1.14026388373393,-0.0946467080978106,1.28460691396396,1.10099083101846,1.36308443883716,1.05483610252505,1.2171145459078,1.08274687634952,0.924239517932634,0.241221045576903,0.273191782201387,0.0872326146073394,0.70913820575338,0.903248284000881,1.4843531699591,0.287259366540285,0.980422581319775
"Q13177",-1.13592541941613,-1.24129947512121,-1.84419915660977,-1.58526995184104,-1.0812430782844,-0.825154804108244,-1.1855143416488,-1.10387562817678,-1.16245567262348,-0.375612707156101,-0.36875762357733,-0.407318806478406,-0.777136805904213,-0.478268853046115,-0.512118100378082,-0.737124927257474,-0.742548422105289,-0.664527626583426
"Q13185",0.154607847565961,0.0808251881217288,0.290985880067547,0.0624738617082983,0.233171567092759,0.318768060798579,-0.104287681402829,0.132388328789771,0.0329659961121482,0.608239089724155,0.747270990102713,0.878948190362433,0.60887258790725,0.674649361068907,0.438040474599235,0.190602955184737,0.0180301731054193,0.454035128232487
"Q13200",0.5835456124923,0.831280728640465,1.00518357591534,0.855723416595536,0.843757119513723,0.523803477769491,0.693541955853286,0.729301594170481,0.696354341374892,1.22556222488251,1.17112169075723,1.13441772570161,1.03527931957614,1.28432712942196,1.24295982289638,1.21592397377344,0.81817096523325,0.891511724553776
"Q13214",0.966781556747362,0.887430059965144,1.42933244758244,0.518080112027141,0.170693255149789,0.414757362268483,0.985687157853857,0.897472621602514,0.850396938656409,-0.811015083409938,-0.943383206731539,-1.14702568809577,-1.27766762435114,-1.0323366038374,-1.73786544275797,-1.0341578410454,-1.0362620168289,-1.28724537003671
"Q13217",2.02693592658361,1.60942992161301,1.99302439163806,1.42649440505535,1.75505303559991,1.6349816512443,1.75894078168583,1.75816759311248,1.84951772740541,0.61198059522496,0.663157304429552,0.506479838586653,0.643522580472478,0.87844129531506,0.67694438373514,0.783457851366062,0.727818458176015,1.45917643889884
"Q13219",1.06273084792463,1.13042313083107,1.14250303026152,0.75094648004327,1.13052343621104,0.65473241993957,1.37290424664545,1.01170518491587,1.31977479891901,-2.24524723655782,-1.55724229556855,-1.9652573298433,-1.91702980616116,-2.30699273661099,-2.96949192144713,-2.64545163032825,-1.4887942740927,-1.73872547972966
"Q13228",-2.60339356665826,-1.68394061388261,-1.71084359273693,-1.93754404807073,-1.51684430702501,-1.81561181938687,-1.90935902801079,-2.55758549127776,-0.883129079974634,-2.81647144362595,-1.7926343835676,-1.5487952189397,-1.0874901379047,-2.30493019899018,-1.51991843148523,-1.25073075794172,-1.30121799802451,-2.55030358514782
"Q13231",NA,NA,-3.52109381589498,-3.59171965498484,NA,NA,NA,NA,-2.30379502333483,NA,-3.29986861060034,-3.49130581283623,NA,NA,-2.71001601850909,NA,NA,NA
"Q13232",-0.446154344912467,-0.539971837393598,-1.11172228261191,-1.3632569342764,-0.928934250421312,-1.18066494666988,-0.982541750657302,-1.58886562310503,-1.23142665671716,-0.710709720737983,-0.617773147261203,-0.260006213593693,-0.504829825622857,-0.892534738703129,-0.518709072181974,-0.239672088788653,-1.07812889698783,-0.470998295514955
"Q13242",-2.05892628713732,-2.21569834413607,-2.10146737494947,-3.68265393780236,-1.210356622925,-2.59292768708081,-2.44847052007677,-2.2292047707532,-3.3896485670864,-1.20998876751066,-3.12671561425354,-1.21343565322732,-1.34792672659305,-2.48824641744506,-1.4574311532884,-1.52149043823193,-1.43717439476324,-1.99987530419633
"Q13247",-0.0936623113265256,-2.1486545126885,NA,0.0609016616100977,-0.660307199724669,-0.570321119663948,-0.867394295391872,-2.52461789694495,-1.25077598911991,0.300355027175316,0.045055025177227,-0.348360613860587,-0.636907091242951,-0.695747611906937,-0.580198554105842,0.12494533142954,-0.166652286232999,-0.563165986140154
"Q13253",1.45278048391472,1.25637957321155,1.79744565002317,1.2780812364513,0.607481316955925,0.151563532783134,1.84605755957552,0.943051597436597,1.26856178386422,0.127355145718081,0.502730145287998,0.682068578110618,0.306259524243767,0.0789635453299908,0.279062740476984,-0.139612810450942,-0.0179566269930049,-0.748946508980131
"Q13257",-2.9340355789258,-2.87129202190334,NA,-4.22067092294137,NA,NA,-3.61670096577211,-2.45860150204783,-4.3802601338313,-2.07046630057504,-2.83024530284564,-5.02008636287528,-1.52606524323337,NA,-4.8854830810149,-3.36828457846302,NA,-2.75990713673701
"Q13263",0.617543041045154,0.0170892011981216,0.758404626840981,0.053194543796284,0.373374807077697,0.328478839015292,0.413256885211783,0.19106819386168,0.780886160475381,1.34217774570849,0.991744948230705,1.02005471887196,0.734165865851798,0.928159219641376,0.930922741972649,0.623149718476,0.433567954112991,0.927820299959448
"Q13283",-0.202887224258713,-0.236888203307819,0.753548490715561,-0.249659455565167,-0.211100444827917,-0.174532387244801,-0.430089418111983,-0.90085527587432,-0.2118114024956,0.571700703355178,0.12153096412651,0.432673849983367,0.239084936021875,0.082624774186483,0.4376482439688,0.280356749544238,0.379040259926384,0.609381435753745
"Q13287",-2.57601358513015,NA,-2.56836127112861,NA,-3.47615184567521,NA,-1.13364734601937,NA,-1.82440698299527,-1.2759031454583,-1.90084538404535,-1.92871209427928,NA,-2.82187864039268,-2.41798585859215,-4.15378596592242,-2.62972792396676,-3.04797510482253
"Q13308",3.65665949876569,3.77223787062453,3.6940543241739,4.17185670053646,4.07274827056014,3.83365296556602,4.07650855670869,4.14142589287492,4.0022359975988,2.39055517660364,2.80527712092589,2.74484860774046,3.0611724662028,2.81482512884244,2.60907504172302,2.84716602569998,3.05558210586368,3.23105877817805
"Q13310",-1.74852868867992,-1.82501402446497,-1.99885275417838,-1.82589792645499,-1.79278578730755,-2.00087420743159,-1.42988010491735,-1.62141026731875,-2.02457924299956,-0.488440065067786,-0.931558265564013,-0.508757352807146,-0.470394134354867,-0.825538171981767,-0.429381766868906,-0.768099750520049,-0.830862380732816,-0.597526365475923
"Q13332",0.991813433047927,1.38888950203771,1.08041623728492,0.884363524864648,1.08201882665326,1.32336309719989,1.16976324948949,0.694661091141448,1.1984529689429,-0.0821818192983006,0.380699231260008,-0.0442303015755492,-0.166752241584986,0.130880537558319,-0.325362336285608,-0.473865503222044,-0.254121836013205,-0.35745463985538
"Q13347",-0.0314132815628003,0.240333064586382,0.54316500102162,0.0510979343896576,0.35316725026221,0.4197435427795,0.393481883594959,0.283578807579383,0.320556149794225,0.89559101936346,0.802502671370508,0.751317687712771,0.596657035831415,0.762947033949487,0.738627139722601,0.512845779600461,0.677285913458732,0.621888190027629
"Q13361",-1.60304566132378,-0.826751459235966,-2.14078306371413,-1.49540128657658,-1.08684204628284,-0.958033021254313,-1.67101074847161,-1.04317966998901,-1.07063640973757,-1.40666790990223,-1.22498476966951,-1.01423067806192,-1.62392889018053,-0.874877231532972,-1.75182023741904,-0.750880853894375,-1.83226426930671,-1.59518047037155
"Q13404",3.30776584209077,3.36187414311877,3.79249363262551,3.09960910601722,3.42839976466564,2.91346887045104,3.15766964955579,2.96958742962305,3.20981311131379,3.92616269260668,4.30983048182093,4.53243041887879,4.56983870368087,4.17911693754402,4.26661656953009,3.91127275917024,4.14749459123171,4.37294280404436
"Q13409",-0.189484058897611,-0.467798368950943,0.108927866165414,-0.310632864622372,-0.210067332667794,-0.399330747652661,-0.583590329813152,-0.31872238149302,-0.672186230452952,0.225731476780279,0.735688376534601,0.949719787013384,0.921502881452465,0.752474776677909,0.460823460247727,1.03553125730291,0.626412635467855,0.802297142364441
"Q13418",-0.184117854221757,-0.0991018472636274,-0.743871959422485,-0.676208062906716,-0.512835937879423,-0.698341975763135,-1.09309712590064,-0.509339485297613,-0.837986818799921,-0.871418599567127,-0.668926415953257,-0.827675973501801,-0.901397451843128,-0.729965137873277,-0.454783101484377,-0.392515202063231,-0.653314811333462,-1.04063794675884
"Q13421",4.47234973604411,4.68654112916742,5.00444532048483,5.00536833742074,4.89541723988977,4.65869900969033,5.23678252427367,5.11530956011718,5.10157314772797,14.2413572885831,4.08811328667461,3.95511383191431,3.57027189120593,3.76239063801173,3.88318846182893,3.76385842760396,3.53153174694585,3.5092509275499
"Q13428",-5.62433684772508,-2.57030901287496,-2.93569978668234,-2.96002040263274,-2.67462834212386,-3.05941236079047,-2.74344168101316,-3.57805214919663,-4.71381936387065,-1.87160621113501,-2.14089154245636,-2.14361010491518,-2.39360054001979,-2.94239134236221,-3.53118783421793,-1.87125994568193,-2.26067386658855,-2.58369019949204
"Q13433",-1.49581477451405,-1.72158656318962,-1.25158317040696,-0.99877252728685,-2.41462505467261,-1.39655926493482,-3.07242187965264,-1.11790567812206,-1.46696913239566,-2.58256718899379,-2.05418407924852,-1.78232634887952,-1.59047433674571,-2.12258619786188,-2.16379922366389,-1.44593362059255,-1.19523548349894,-1.44670366887038
"Q13435",-1.26833921597123,-1.57827010508439,-1.39394531059221,-1.87164565374055,-1.6626205336137,-2.4680904370739,-1.36930237211582,-1.66176054119692,-1.81164059682474,-0.030501218955834,-1.00960491781626,-0.329466635043238,-0.964194490017238,-0.553684132999378,-1.33099928913296,-0.8293456163485,-1.34042677789351,-1.00609665372118
"Q13438",-0.994546797575792,-0.832072246644596,-0.265846542244562,-0.941731274336751,-0.755083195747473,-1.56815794037329,-0.656039029124046,-1.11689651962984,-0.528497387743099,-1.74590779697814,-1.99645932837735,-1.77759930708216,-2.26035880493133,-1.89028600755366,-2.72814327354599,-2.97501924932516,-2.10464212752805,-1.99632880244847
"Q13442",-2.3004017694926,-2.77419960466381,-1.30717543374935,-1.49592090214877,-2.902713911305,-1.28510027378357,-1.74156323817048,-1.45240431943633,-1.38723717598217,0.132756008999467,0.122345975383672,-0.0969180149486615,-0.358773337151234,-0.508658981848023,-0.543483542365394,-0.0912615335961462,-0.880653560308756,-0.925675254891552
"Q13443",3.12282753193358,3.01545694803337,3.60403673275078,3.35847007634378,3.35730263827988,3.18429046803217,3.28560774511612,3.29281048161042,3.42976026061372,2.20991387318124,2.68902121333637,2.60307338928598,2.79350222709653,2.93231595386262,2.42870583640076,2.26666097297644,2.4944329655275,2.59716237827131
"Q13444",0.962205003246835,0.99798929539784,1.22785285624237,1.09370534831929,1.24987009856725,0.930600277305551,1.33249909982768,1.25419434395486,1.15600184735444,-0.642737628331533,-0.524350951443909,-0.482273684084865,-0.332898073244804,-0.241613247120631,-0.21181121702273,-0.261495729601162,-0.116366248271305,-0.546182211866272
"Q13451",-3.05034388365057,-2.76485843148163,-2.25514468406924,-1.96631599580762,-3.12030525861295,-2.44003250081731,-3.0696871990486,-2.37556289342927,-2.29006657366499,-1.93280272612326,-2.6394885394655,-1.95474379601559,-2.35319212680769,-1.62365937406429,-2.50122800236143,-1.66053159478276,-1.59194331883825,-1.7778438678705
"Q13464",NA,NA,NA,NA,NA,NA,NA,NA,NA,NA,NA,-3.27418949716219,NA,NA,-4.25994137091338,-3.49693768032112,NA,-2.97149294290177
"Q13470",NA,NA,NA,NA,NA,NA,NA,NA,NA,NA,NA,-6.92840378209536,NA,NA,NA,NA,NA,NA
"Q13478",NA,NA,NA,-0.558911043611321,NA,0.594412799574616,NA,-1.06298903565674,-0.349576098268077,1.76228628369933,0.815373500886519,-1.47162446278412,NA,1.37848748005285,2.03202189676768,2.16007879157757,NA,1.41117357287597
"Q13492",-3.38381209655916,-2.2080360047169,-2.44076165477276,-2.14383173221872,-2.8279963097103,-2.32766258466417,-3.60136789905033,-2.35663875431764,-1.8752369766318,-1.05684347820151,-1.25298725462619,-1.32388844499587,-1.28871008677399,-1.25249278673579,-1.07726449075315,-1.51190382858928,-1.42566572598377,-1.45439090848613
"Q13501",0.389643476489438,0.389576232189436,0.816402753424674,0.683391450062212,0.634191657012481,0.639261692902384,1.01741449291556,0.349339883392991,0.64060301280173,0.575412597261469,0.2159294485971,0.248743431956699,0.385482890066941,0.210304461094697,0.0331407536733614,0.0758540121566806,0.0106154586039917,0.203167697703625
"Q13509",2.88309800871894,2.41276555680604,2.83013294662102,2.68583546372239,2.60089900776341,2.906563840773,2.2495552615055,2.24071261864917,2.58294102546852,3.80502428754414,3.43915201229388,3.63796345813465,3.60956535197829,3.55126256615085,3.69017689559303,3.67140247431615,3.25482895651119,3.33773492170982
"Q13510",1.52559481184898,1.46742731233901,1.03942449398874,1.30046057904046,1.64932378596663,1.09749626448712,1.34459614190875,1.9860632862995,1.57014324861168,0.813284825977023,1.05011211441386,0.572094731441251,0.74528342947743,1.35543069746373,0.830887882100056,1.31935465049274,0.823037249414051,0.873697972203374
"Q13526",-3.27603314613703,NA,-2.67703915379685,-3.01971657930506,-2.30190140148281,-5.8452039300764,-2.73476966893101,-4.86138237239846,-4.69147540759326,-2.93796298187366,-3.42572721931291,-4.34710498150954,-5.96445927306269,-2.85470095930396,NA,-3.46597610054321,-4.88996093172343,-3.34826289115901
"Q13541",-4.51598808863566,-3.88476904214715,-3.79544616301512,-1.59346999857998,-2.0252337771715,-2.0651704993808,-2.58989922087733,-2.8014495699552,-2.77122262170934,-2.01272308629932,-2.47341675393757,-1.20508093191325,-2.92124798811524,-1.84280257954614,-1.87809928240445,-2.57538871585567,-1.49966362423317,-0.652581041318716
"Q13546",NA,NA,-3.17385000733836,-1.24079109988233,NA,NA,NA,NA,NA,-2.51287951774605,-3.50966764503068,-4.50226604770479,-2.55751936871492,-3.16798063927461,-2.00451070134276,-1.6684337103828,-3.35179626865997,-1.88887818380845
"Q13561",0.6311646580683,1.19378318146453,1.3186828310028,0.752028749884429,0.999883395503593,0.998193103735108,0.914646030945361,0.625220494255837,0.812794903813817,1.92589098992171,1.67199387404116,1.78611540127744,1.2434403249963,1.45880537119813,1.34294736309275,1.2661094312648,1.02201738331321,1.2742517256421
"Q13564",-3.2948547912701,-2.47910815048989,-2.53801951096065,-3.04768668370924,-3.33046120306388,-2.13636391857446,-2.1763072027064,-2.54756066969875,-2.63141374836971,-1.6149488559089,-1.91912616963157,-1.18979475195302,-0.946281888939847,-0.989032343840182,-0.838386455388261,-0.947189964777582,-1.56663151722172,-1.60023587176515
"Q13596",-1.18055368685626,-0.88436311463121,-1.79452305676776,-1.44098505053791,-1.47093300346922,-1.01288567186563,-1.46883732067231,-1.65765565340165,-2.40436263697186,0.338291217729205,-0.371473187218677,-0.403284609395436,-0.198728376404738,-0.480707662784329,-0.209624827928813,-0.431467865138659,-0.0768878733933533,-0.183392168136312
"Q13616",NA,-1.73129255787943,-2.33348366571954,-2.54341366686697,NA,-2.0896125676513,-1.12219990136004,-1.93924279987136,NA,-1.30574881316046,-1.32446973643904,-0.699946565506839,-1.99513682822542,-1.97242660424304,-1.19183896138146,-2.14883432580104,-1.371766230097,-2.23746304895474
"Q13617",-2.22674859038732,-1.98899548016931,-1.61683912964048,-2.72883089022122,-2.51431152612008,-1.67796459467039,-2.56337562716742,-2.78600120837807,-1.29871791706536,-1.18626259214469,-1.31416487566486,-1.11113921337897,-0.979304822078715,-1.33062404865469,-1.07860166440649,-2.23989094424749,-1.30460897558449,-0.662524616222901
"Q13618",-2.32566333598492,-2.11527349219401,-2.36202504412555,-3.13367097553194,-2.15924771183597,-3.31200936254514,-2.56514287383239,NA,-2.23161622896475,-2.16624311284656,-1.78827239991713,-1.8844959312085,-1.59513183386103,-1.80429812779983,-1.84929639166345,-1.82958616330995,-2.37006938313411,-1.62015350862825
"Q13620",0.333174418611229,0.296301519987766,0.389629742909678,-1.14052918294109,-0.385432148683636,0.0739312645640631,-0.426630586529011,0.893725736235966,0.529585280541324,0.946578042272476,0.908045690035232,0.898840703500156,0.729583691345509,0.220375108557727,0.751919938158407,0.607125139183731,0.642898412437523,0.789317837132691
"Q13627;Q9Y463",1.08846454624783,1.30218914540805,0.364341139614725,1.48569503919765,0.767747236349447,1.66292856909372,0.456133262616589,1.7370601850725,1.38012768551357,0.619530722779423,-0.00412814462683464,-0.779131581939826,-0.857845025668156,-0.472872564882187,0.326712109795769,1.00658599835999,0.0995066073536481,-0.543331821684836
"Q13630",-0.729223460045512,-0.9684899186058,-0.83333496047439,-0.430705245342883,-0.59946568774189,-0.826980864273414,-0.637690542407871,-0.744909456832452,-1.22987096959464,-0.569454745146492,-0.585916731432392,-0.367885912570272,-1.34881042218704,-1.41091498124294,-1.15552321940644,-1.2860106072209,-1.44842765648192,-1.09360629397389
"Q13641",-1.71888364293111,-2.1203783536013,-1.3120596822664,-1.91839355531986,-1.54094655992449,-2.21653534582468,-2.05434511186229,-1.4561409631757,-1.08895111280259,-2.66380570404733,-1.57701934464102,-1.98341258018432,-1.2575484014201,-1.3595066302384,-2.03018727559091,-2.07680550700627,-1.43642310897142,-1.47013831954916
"Q13642",-0.40860458843707,-0.479224092061026,-1.00734889952504,-0.908064752348367,-0.361326358610718,-0.438308339060585,-1.11293361783054,-1.81630840557524,-0.808039607298529,-0.673291555015285,-1.33428641865907,-1.07279689000379,-1.63386439200652,-0.771347973387271,-0.921764522647273,-0.886080900030028,-1.00800452642719,-1.13609337947352
"Q13740",4.71262674367798,4.79099031521173,4.76525301926581,5.25077415998284,5.06177744145416,4.83449042281483,5.04476675318958,5.23495039808294,5.01846502136946,3.54932629369357,3.90392485882359,3.82501952864827,4.20544754187182,4.18276586961022,3.95182194172927,3.82602222473531,4.00772442753586,4.17510347836363
"Q13751",2.1987245775703,2.29474584181571,2.49128983978372,2.09745947653505,2.06459462963174,1.63884823178598,2.13508692400035,1.67438646521247,2.23002601920668,2.38100559976315,2.20149759550299,2.26634572367333,2.23131507888843,2.47308180520963,2.33203308920385,1.85634129400996,2.28262686447925,1.98696105481147
"Q13753",2.87946343994752,2.73452532877136,2.991009591964,2.66674321742406,2.38445392106472,2.22865034527984,2.69773431314636,2.28647367375954,2.78870777890125,3.61031250180747,3.66300959415682,3.66807062790569,3.54128519759058,3.53928272038896,3.50121782381246,2.95421694009075,3.54756791867268,3.34827722350755
"Q13813",1.86468011416629,1.74168047002391,2.07428446587766,1.80567046184599,1.8193742517688,1.85556952195526,1.69994408014723,1.45363212421793,1.74849365883862,2.50403304750284,2.50731146213579,2.60809276050285,2.3077332777089,2.22212242847839,2.16787318674344,2.09602267542654,2.08398115871534,2.24844144385998
"Q13822",-0.560179531391663,-0.630377827105681,-1.25777123617141,-0.696567759284754,-0.867919145438639,-0.544787816943691,-0.567793750675948,-0.449318703420678,-0.476558712814434,-1.84862570843396,-1.61030896565831,-0.752655678983998,-1.03310162775317,-1.35304258907398,-0.612753763883322,-1.21244450943578,-0.946280334367972,-1.46681795068036
"Q13835",NA,NA,-2.59691230489749,NA,-4.51311788657498,NA,NA,-3.97184151116508,NA,-4.98273207609299,NA,NA,NA,-3.6018316386437,-2.18062410551376,NA,NA,NA
"Q13838",2.56358269543517,2.61389726217097,2.97092922533122,2.49005799122687,2.46277139281218,2.32071424437857,2.73641833723279,2.40823237955132,2.74380116660092,3.50326518298712,3.59297183252858,3.61316280136045,3.58733631166395,3.58766944601148,3.49619729521595,3.60983917785545,3.52000409486593,3.351064341125
"Q13867",1.51571988982689,0.881606607008392,1.62531846967308,1.32224801188523,1.20863453256888,1.09485315980907,1.39758174628744,1.41562745786793,1.32944481762677,0.792197157097078,0.796541821260812,0.69662767224176,1.39190783997311,0.414474923252042,0.373118345299089,0.847113316030965,0.790244600112752,0.827040335607618
"Q13868",-1.37072524601719,-1.19353600682209,-1.2107832468416,-2.00005143212561,-2.0113837045135,-1.79342794751787,-2.24623678450694,-1.93843192336127,-0.785936932010809,-2.00987829807674,-1.56870093804751,-1.41431834167427,-1.4284835435764,-1.53636863218797,-1.89487565251342,-1.80749715611621,-1.78095981175236,-2.25947431032557
"Q13907",-2.02491649721024,-2.996407307289,-1.74740181769853,-2.25662916775628,-1.78973438057505,-0.81953513240286,-1.92437226478543,-1.8431366305535,-1.87059518569764,-1.12456551633349,-0.784669736684989,-0.847169150482461,-1.4259814010629,-0.542148371894356,-0.791624255911975,-1.16253411123111,-0.774345316523179,-1.17813670022904
"Q13951",-1.68658536501776,-1.24748760721823,-1.16113315817188,-1.50610444378982,-1.32674352740995,-1.6485284025304,-1.38324120921494,-1.07163804168188,-1.33077648611821,-0.395174801171098,-0.286846353822854,-0.183109982489237,-0.0290021373322311,0.0771496000753498,0.0459168574860183,0.0103293624648906,0.140904095354035,0.28082268544228
"Q14008",-0.551023628390952,-1.04546502937002,-0.981351910922749,-0.237170221814424,-0.75860481345318,-0.445314283233463,-1.24650045191222,-0.561465587593592,-0.462678059705169,0.142848263612329,0.033091996225675,0.336312777218625,0.39666306947872,0.0447272864855481,0.0406474866857867,-0.298239248560805,0.0602187911749184,-0.0752115261317297
"Q14011",-4.07782322012719,-2.50316149454299,-1.45911585439811,-1.91816585416317,-1.74497812031768,-1.596752239458,-1.8785632618362,-2.14593084143397,-2.14797607501596,-0.776716150180934,-1.21221701647434,-0.747882043862979,-0.662998635930967,-1.04917341291161,-1.0885293297836,-0.886315202265217,-0.459884637883871,-1.26578219071196
"Q14019",3.28200167859021,3.44008289913138,3.41894171554158,3.44067244688136,3.31211173178156,3.24708322986687,3.165481128511,3.23159436251587,3.35336515046544,3.96760330764547,4.02426209077342,4.05093700580283,4.45151077479707,4.32492949580753,4.24676447462251,4.33005903695439,4.47524786921955,4.51393272984424
"Q14103",2.35304959591815,2.21243180741397,2.55037809791433,2.38411130851757,2.25736421343971,2.47435435277054,2.31758121085456,2.30346858899651,1.97524749713278,3.06945292898845,2.72190187379183,3.10437047824077,2.75138720621697,2.62498476627159,2.43905613677553,2.54023825085678,2.0982306174922,2.76051383533636
"Q14112",-1.0618459987313,-3.28956565993167,-1.70632225889382,-1.13306635015426,-1.71544646790056,-0.671338589248304,-1.42121653356633,-1.3623068351495,-1.49504888790726,-2.36537114805509,-3.55051552690336,-2.13477153384363,-2.84738838938102,-2.99931426798369,-2.61218657601521,-2.02046930655198,-2.5138676410335,-2.08491066297687
"Q14114",0.0603544565607432,0.104702056416313,-0.490836670166002,-0.39506412006542,0.249714313802743,-0.477855712804443,0.568279947039498,-0.996611377949232,0.378984894983416,-1.17963037889448,-1.96182089657713,-1.48935297443959,-1.38512786985888,-1.2414040724156,-2.14179688722054,-1.3334122121951,-1.49660593724825,-1.10258578368334
"Q14116",-1.82760280501105,NA,-1.93388887200519,-1.22360622079446,-0.90036015362575,-0.262507524002308,-1.95956686638687,-2.10705175612915,NA,-0.189074280518975,-0.128737999158508,0.169204166181354,-1.30304681282935,0.201537211339508,-0.255004409203888,-0.247454772406044,-0.549497909428677,-0.428404281503422
"Q14117",-0.323390047177032,-0.4161019136336,-1.19188170229963,-0.533757939447097,-0.835358514980974,-1.14445176151575,-1.65018716189409,-1.11029920413151,-0.452523047024954,-1.3484326179917,-1.43426341454777,-1.76469318136293,-1.71339964594406,-1.56519746567124,-1.40826609984659,-1.25903587213512,-1.17863141857413,-1.27413015622227
"Q14118",4.49495094725739,4.57828130801188,4.68265633388614,4.73899939717591,4.59331597951512,4.42345212806283,4.88628620923131,4.62355339511742,4.71105240775874,3.18612334917024,3.60800830612794,3.55841690007572,3.77899107967807,3.62827284829536,3.19678452598103,3.13146836394085,3.75398825284584,3.83040747022248
"Q14126",2.19095675900536,2.18130528688397,2.54231740934759,2.45456877961499,2.34627395338539,2.10309020406051,2.74045803387336,2.48907583040452,2.46869123759537,1.36298971054531,1.90885235976005,1.81439642149107,2.83195396977153,2.60502904342641,2.16573539634547,2.28477426399852,2.84229108697926,2.79875831476743
"Q14152",0.132419059914524,-0.0808628745706894,0.208257343032683,-0.438559034437567,-0.477286514544227,-0.217009858796512,0.14438090080905,-0.837544726317746,-0.0275623863180989,0.685061728834105,0.620343995895757,0.830456992830232,0.43566392640178,0.672617126986594,0.655842897157756,0.365284445032742,0.38803122905459,0.00731536868704374
"Q14157",NA,NA,-3.29590512023869,-3.02094631775417,NA,-3.06458039014252,NA,NA,NA,-3.07096429086008,-2.64942858747301,-3.57323390748312,-2.66575689908819,-3.3457677167431,-4.15561671359659,NA,-2.26243267487699,-5.44989869835273
"Q14165",2.56680173603024,2.28464124477603,1.69470562602908,2.17200259906532,2.20584839639311,2.49572081841442,1.74183754379451,2.3490656948819,2.32925524451079,1.81111427411405,1.6471492796344,1.36507147509238,1.25283162506848,1.72151824546901,2.17964641016143,1.89242509143047,1.6144733383674,1.11127807681977
"Q14166",-1.82495686653604,-2.46201912830142,-3.16329197155599,-3.9088999693763,-2.68712841592909,-2.97168429092406,-2.99487415385741,-3.8193872667001,-2.0679000267137,-1.5860157513554,-3.61869150294351,-2.10036967085422,-2.39916598840743,-1.98581836072607,-2.40019518359887,-2.10640078451876,-1.71932582579446,-2.07407445969312
"Q14192",NA,NA,-4.63763373973588,-4.30152369439144,-3.1788548672935,-2.23130826348952,NA,NA,-2.05773608104414,-2.37155191275397,-2.12395622608698,-2.01013055399304,-2.9933143006667,-2.07577146066276,-3.29756809250915,-3.0636690035939,-4.21386410330996,-3.32317881976399
"Q14203",-0.918016578709123,-0.774321057432661,-0.423259372718188,-0.746709894887566,-1.52560447940677,-1.03038745184783,-0.941328260898878,-1.62025141046772,-0.762124785462089,0.0135642447342885,-0.222262761841169,-0.248756734212318,-0.692066868579561,-0.585418939721515,-0.595090165244761,-0.544666043329253,-0.847198669449695,-0.972663107055746
"Q14204",0.884393163120929,0.501951240461866,1.0985818855248,0.455065517978415,0.592641654942117,0.886687855866718,0.626496522495115,0.349800700941687,0.901584367770949,1.7670746780771,1.4889697349065,1.71854125633478,1.64148598286073,1.46775884486126,1.74008695809018,1.58533720272655,1.53467892596622,1.50213308069362
"Q14232",-1.02692094904117,-0.629264128410706,-0.721357054987924,-1.18465868441756,-1.56208498083055,-1.24951674481506,-0.906600524844642,-1.34362629200913,-1.07931583156932,-0.572461472612654,-0.150393200467324,-0.146273538491846,-0.31746403424633,-0.339713366178051,-0.567846936283447,-0.454334875535853,-0.462016252838579,-0.193577194726531
"Q14240",0.611916939468394,0.566823908716204,0.929286079388493,0.907317199763293,0.808123778565299,0.880030821059263,0.901218496040327,0.866044221275807,0.749367131933965,1.95615007986478,1.82451515527893,1.78563449326987,1.54583726908311,1.62804475963194,1.43691310500269,1.29256665630689,0.87853917776105,1.34931430881058
"Q14247",-2.07294171976842,-3.49237756049766,-1.46552295555099,-2.3675168715018,-1.5654922399868,-2.16388027259085,-1.55314513158226,-1.40118181763318,-2.21662152623247,-0.369015254616045,-0.880538271383013,-0.0153805226521246,-0.331196604721567,-0.579440474449763,0.194168113678385,-1.57558794257569,-1.10568369276783,-0.555767338577406
"Q14258",-4.0086057741262,-2.71946478409544,-2.53133054155062,-3.69172924235626,-2.28411556847465,-2.57476171904571,-4.20202241389363,-4.38337294978968,-2.69370486514274,-2.73965970765236,-4.71477684397763,-2.77025268924875,-3.38372174242923,-2.49247295808423,-4.86774972041526,-3.39693012112548,-2.87095909092338,-2.8089543946633
"Q14314",1.90585128241461,1.51333701115339,0.582860948924797,1.62829356632972,1.15916610482091,1.32175135869859,1.25154954858007,1.68622633011853,1.42574976657511,1.173311720115,0.621140826906499,0.33512494588061,0.241669383959369,0.450089397606076,0.816276569944609,1.70530596226465,1.02323621101664,1.27237537521738
"Q14315",1.75764980444043,1.76685129193984,2.07739996811165,1.52522735102276,1.57481846906682,1.78644321645642,1.42975520685289,1.32658783248385,1.8172088312198,2.75244964530558,2.73246287856652,2.84810266979894,3.1020348966663,3.10258687191306,3.13207241296488,3.09069641176471,2.90793286182088,3.01048708113072
"Q14320",-3.17434092171406,-3.60008853666799,-3.17075243813934,-2.43661388543321,-3.00549133318449,NA,-2.87274700303528,-3.30204801314841,-3.3593584460096,-1.62762437550935,-1.93750902810998,-1.45099066714932,-2.30292759587005,-1.94904383369136,-2.31995937681456,-2.48339516643451,-2.32371915615389,-3.20292628295278
"Q14376",-1.46868945539907,-1.21028821914032,-1.12651038617886,-0.823777417564325,-1.17264928741972,-0.662673953091835,-0.907315669833718,-1.39592322847738,-0.625069134113081,-0.731376893022202,-0.870942939706458,-1.25892743944793,-0.801087381869173,-1.26427738460009,-0.614089209498635,-0.892277255924379,-0.399001130830033,-0.909543203116359
"Q14393",5.4955598137579,5.45848502540797,5.31397738082582,5.70385144353868,5.50883864291356,5.18242612120327,5.81547882328672,5.68565108014688,5.77188325663263,3.45162891852695,4.07756023698739,3.83543406422481,3.46906875537795,3.70040931843826,2.86499937292167,3.30882507856045,3.5649261877552,3.64537650561167
"Q14435",-2.57977574240415,-2.20782553312666,-1.92490133134974,-2.89207376418458,-1.98260697614344,-2.49432736189561,-1.4557280352383,-2.39854500513987,-1.81677180560426,-1.72020333894121,-3.08697445771326,-2.9396606907495,-3.17232959321172,-3.28855392683354,-4.13918449174672,-2.70029430230631,-3.12002327052323,-5.34339862769676
"Q14444",-0.602259775340065,-1.15592009075242,-1.09405773000402,-1.82551831844153,-1.95049817067124,-0.785968680868206,-1.06910531343501,-1.21456729339085,-1.27582195731183,-0.835507043475245,-1.04199237970986,-0.731145049508241,-0.762791662275908,-0.986223217005012,-0.939500274569615,-0.80870081872406,-0.976384896955693,-1.16698562236832
"Q14515",0.0705369549239396,0.0437791441000588,-0.332292017038462,0.459269261698077,0.301723187338974,0.396190643899605,0.244649295660297,0.505518667990748,-0.00279494321730134,-0.712338570616534,-0.14927473833194,-0.364205002560467,-0.842465969182992,0.225133891701541,-0.09345552476573,-0.234974849437167,0.052130711205491,0.00415813439842871
"Q14517",3.43196854822089,3.52934608740042,3.69774215267607,3.35870981669113,3.23848064656477,3.05430251790077,3.47284770931343,2.78422962464162,3.4270382801161,1.68078417487518,2.04097121026949,2.04154276765074,1.56287561105583,1.71668373229345,1.31155790120476,0.700187169019534,1.27761513883928,1.24844548259767
"Q14520",-0.424516955578522,0.607181851286121,0.222098063186326,-0.10211073816707,0.785876488968215,0.661044455978752,0.259952094227263,0.397992966106878,0.178259778270847,0.249910737500837,0.406389513520029,-0.00534525207153891,0.099019831288393,0.42006085353483,0.237389081497827,0.0866897256066341,0.248637832191665,0.249937902124193
"Q14554",-2.29071773776072,NA,-1.47983054770396,-1.69323375744351,NA,-2.30884286490445,-3.34848205032149,-0.908422287321882,NA,-2.56528561323934,-2.00876230104664,-1.39052218019072,-1.78659701646461,-1.79927941879103,NA,-3.27362905940346,-0.417446030800546,-1.4342389991135
"Q14563",1.58034969014176,1.41989577609509,1.55608178956876,1.56127815555699,1.68320868562845,1.58457399193641,1.70291482691815,1.44585905855527,1.54858506705544,-0.750699490495097,-0.284310433368654,-0.284167635600948,-0.714416633239788,-1.13892290445916,-1.3965520000117,-1.3160220905761,-1.56246350464606,-1.23032531696582
"Q14566",-3.18713581569004,NA,-2.6492409793316,-2.23022869107552,-2.97490018691144,NA,-3.18332752275958,-2.78530216010208,-3.77133835182484,-1.56727599359277,-2.4001741820711,-2.4913421648647,-1.95129416851554,-3.34974289628191,-3.68936310754703,-2.03958505967798,-2.60737715114472,-1.9595690161208
"Q14624",5.71873433877301,5.64308297801948,5.17894519332983,5.17502865988486,5.61076590915329,5.54869431281586,5.25878974875879,5.74987374628435,5.66821351272114,5.14198541643838,5.21938031050517,5.10549979961638,4.97970733927696,5.61083538505185,5.50773239592231,5.26059654161021,5.1147152827829,5.23361227255019
"Q14651",0.637485022857488,0.586207087392982,0.659226432382246,0.551076043096105,0.7187691930977,0.574387391293204,0.397511791854191,0.87996749836546,0.97197210303041,1.49639354908961,1.77754729342312,1.56717914610368,1.80121663449501,1.65470664535033,1.19635164222148,1.57392826013298,1.72155845833758,1.8572497697965
"Q14653",-3.57975506972842,NA,-2.98879763813889,-2.707907433546,-2.28325626779762,-3.06850461250558,-2.23524556226362,-2.49286796556616,-1.73844955483406,-1.68738876476651,-1.49303277910806,-1.37917921824229,-0.87156032421895,-1.14302886291477,-0.963181038364615,-1.04003830198227,-1.08085003548446,-1.22248220546849
"Q14674",-2.61679615559672,-1.47038312633486,NA,-2.52171890088321,-1.4831271302627,-2.48701142389291,-1.13634881873635,-1.82241277882394,NA,-0.941195317439484,-2.20387395230709,-1.64391553273871,NA,NA,NA,NA,NA,-2.66822312959015
"Q14677",NA,NA,NA,NA,NA,NA,NA,-2.83427083291657,NA,-1.55688713584626,NA,NA,NA,NA,NA,NA,NA,NA
"Q14696",-1.47762958075154,-1.25854456659006,-0.926495526260148,-0.461496458123895,-1.65506053853511,-1.45105967221651,-1.02914298539568,-2.54446277672935,-1.29961275298461,-1.08183552698479,-1.31701247115813,-1.02611694950175,-1.15724455879423,-0.886473753913898,-0.626176218388014,-0.664666395806808,-0.779641571284159,-0.780910784615112
"Q14697",2.37387634185297,2.53349971836365,2.75525088688384,2.49700972099902,2.33848706161483,2.275629252892,2.65803945918181,2.51671643761902,2.6291948262773,2.85871172911833,3.10983918750796,3.12507936059995,3.42501368640681,3.44012836667212,3.27956274421851,3.31179460621357,3.33989155065283,3.38889663046524
"Q14703",1.15800566796185,1.6549605355563,1.43632733650433,1.51229677567823,1.33893784139467,1.01182904203236,1.59730756636835,1.31067334282672,1.56894023338256,-0.139729414067538,-0.0566631188278723,-0.128685134146341,0.612951212807312,0.627002114813632,0.20094355558866,0.0222223395555297,0.223401851856964,0.340330359817617
"Q14738",-2.22686376669682,-1.91675257726365,-1.07341111301282,-1.79405278871224,-1.79522423252128,-1.68250278205861,-1.34826803058885,-1.86497584519675,-1.85719255481551,-1.24288309013599,-1.09298827823825,-0.704201055026894,-0.874606269987065,-0.822673380961596,-1.15292406895075,-1.39353263796735,-0.711169402983963,-1.6830071143424
"Q14764",-1.97664137538963,NA,-0.947348496829059,-0.901731489190494,-0.990750926840831,-0.454341680426209,-2.43819962556615,NA,-0.846593841085471,-0.776698344853664,-1.21550644330704,0.131996862255471,-0.0249625983694042,-0.422748360607769,-0.408133337459661,-1.02104332726748,0.197879663428491,-1.15940131309321
"Q14766",1.52734549163945,1.73106394443816,1.95515694919371,1.43637111631772,1.62294421034667,1.62265703378865,1.56049463134572,1.04903927464689,1.79922144032265,2.32834991147302,2.64102241375801,2.57227573127249,2.38325508699175,2.20768563715253,2.07567792083183,1.35481762149901,1.52069761201749,1.62897929981823
"Q14767",-1.49358771215731,-1.16205297578584,-1.20132855121348,-1.98275035766735,-1.34288972097264,-2.34660633160921,-1.44808537491619,-1.77719689917287,-1.36546523188089,-1.87318251231605,-1.19610759321775,-0.939793664512107,-1.01262056086999,-1.58472069075678,-1.34361550684744,-1.77165858456695,-1.66514053107023,-1.35011312053353
"Q14839",-1.77007995501915,-2.49748622851121,-3.1366672570003,NA,-2.93438432235573,NA,NA,NA,-2.25982221968419,-2.2241919811024,-2.43481342186181,-2.41478916444548,-2.25550822702394,-2.66547933828045,-2.26217749973084,NA,-3.42834801724822,-2.33335288187395
"Q14847",0.342733501787176,0.136450048827962,0.963774285932283,0.689676078329397,0.60945278271857,0.929863621469037,0.436788506504522,0.71364875979388,0.464612465171385,1.58237193907992,1.22333561999611,1.49100730193957,1.06746724207773,1.25340845825028,1.1937289425612,1.35468678427556,1.45747557042379,1.16782090773851
"Q14914",-2.70300033490177,-3.1501195896894,-2.19017046737692,-2.09596872614767,-2.42073183131852,-2.49375737499097,-2.37839345406106,-2.97293269250405,-1.9284665543927,-1.61594781223397,-1.90593481772828,-1.6002216880676,-1.2281963597826,-1.01781976078984,-1.64807590162065,-1.68187505317213,-1.37725223022496,-1.66064368286792
"Q14919",-1.40131893111832,-1.54276424179842,-0.663673222148085,-0.591450476367833,-1.08924625070653,-0.546308130796799,-1.21919089554218,-0.410089200013424,-1.18060370608581,0.316251626588929,0.179722292154615,0.732906354770746,-0.191451163165429,0.109194785472795,0.454058727423439,0.142583794609305,0.577422088423035,-0.313600925955035
"Q14974",2.54451590395205,2.70962604703028,2.82069253662006,2.71391839430716,2.41574101030565,2.44612436524509,2.66073306666604,2.43095639565196,2.68202342691441,3.36284228534342,3.25039644641854,3.09882857633724,3.11018207621219,3.13487512483297,3.10308408170346,3.37248422904046,3.21130323713254,3.11810068460097
"Q14978",-1.88078307200107,-1.84055822190179,-2.2862031657046,-1.56799817121243,-3.12768510535501,-2.20152986675954,-1.85306426555704,-2.05970887608585,-1.64876365651386,-0.122692382371701,-0.169966811905876,-0.315428932964643,-1.66799015028998,-1.19267958028419,-1.33951263233484,-0.138609778775283,-0.998570744571838,-2.9208018700491
"Q14980",-1.81768871038239,-1.89023804879385,-1.91177832253175,-1.73307820902365,-2.35143847037514,-2.63285370749727,-2.32142761479311,-2.66280935223959,-2.92617778662243,-2.1216770922574,-1.69266425176299,-1.88953989200168,-2.48349075079046,-2.53798169956738,-2.84422823334379,-2.92567494520175,-2.77693067537484,-2.39959993907867
"Q14CX7",-1.15594790442711,-0.960625374481562,-1.37538289550333,-1.7831739012356,-1.49859086682103,-1.972525040539,-1.06645432265911,-1.35247047187323,-1.00950581307223,-0.490096036201402,-0.48517085418966,-0.340741884924633,-0.64197694056071,-0.217162591860925,-1.14063083006981,-0.913685143599348,-1.02149755215773,-0.658217136834412
"Q15008",-0.652011347682711,-0.682139683858589,-0.58923893562651,-0.606640605288675,-0.695486481936272,-0.854295172665874,-0.708939080157426,-1.25110063903881,-0.709715101339636,-0.388389705701854,-0.532068392643946,-0.392972934364188,-0.646443010623913,-0.945717284819981,-0.312444537713985,-0.449813777445987,-0.747519110364707,-0.695540184139268
"Q15019",0.247001249288894,0.0985333957580679,0.121445168055583,-0.154129924198571,0.435455818587773,0.61898727011104,0.0435234019694324,-0.31808173747573,0.248102927637964,0.460357339755383,0.238401893630963,0.30637774773559,0.172164184121145,0.417906962818449,0.708530914701678,0.455642603852306,0.238028426726185,0.0433679804415519
"Q15020",-1.98256403484725,-1.83136330190558,-1.85791396069473,-1.80380813429022,-1.74341600947932,-1.60528149559738,-2.49381631345024,-1.45983639021908,-1.69609425485151,-0.994531730330261,-1.10127630831125,-1.10362988582802,-2.50078129849794,-2.32096375676112,-1.72133203440329,-2.61627282422481,-2.39734565055013,-1.45081529112599
"Q15029",-1.66919906024518,-1.65928277225119,-1.80226646858377,-1.99785299667688,-2.30148472263218,-1.55278995843685,-1.84678999103498,-2.50352877642281,-1.87046946282791,-1.11923482380432,-1.56979250096647,-1.62992556968249,-1.43034943021395,-1.61275433041081,-1.62793792822076,-1.11201366822605,-2.30530515261976,-1.70856701103233
"Q15043",-2.60289904005875,-2.03444102242861,-1.34661697343511,-1.62414124149203,-1.89442523912114,-2.99494021864225,-1.61156481203575,-2.44577459889126,-2.24411563351311,-2.39752624528783,-3.21398072109293,-3.47989865397081,-2.5408545203834,-3.47088327707475,-2.81893953422256,-4.17322470949609,-2.34237591794483,-3.01739944770249
"Q15046",0.0742770621798972,0.269178247699386,-0.07010044504114,-0.136555307266192,-0.162707998818677,-0.422909028275894,-0.171622519158506,0,-0.525355510667222,0.85137211852836,0.85531159390713,0.823746121183678,1.20914590393591,1.31636129013346,1.15025905383725,0.822021873858768,0.935895770349488,1.26906602248132
"Q15051",-2.19817482461496,-1.23548577933489,-3.27809224028016,-1.74880694969203,-1.00206814076736,-2.12209363960767,-5.31207982987629,-2.41906317607462,-3.67974483589339,-2.42423609311921,0.315661385526475,-0.0646889746763417,-0.0119305842349,0.373911249685962,0.316485440960703,0.0611679014032731,0.52419773752967,-0.0440595261172891
"Q15056",-1.22485398285037,-1.72411154520801,-0.866469359211578,-0.700374703784486,-0.54557826862538,0.0694966952616181,-1.48759654542509,-0.90512450873618,-1.5822493590976,0.416855241453666,0.166787928908459,0.528078510636695,-0.225922098383764,-0.117961212833778,0.478295256150567,0.467229933729843,0.616326156625194,0.165767352863933
"Q15061",-2.16567557319402,-3.88387307405818,-2.37727245086134,-2.40959296051633,-2.42819419748971,NA,-2.26821728882029,-1.92512819498065,-1.93587429728428,-1.77702794088776,-1.91169444687305,-1.67004074743062,-2.90723883538956,-1.64540484951581,-2.39987237433434,-2.38058718407952,-2.22187747248712,-1.78523347120518
"Q15063",2.80586131429095,2.83582418943383,2.24898894608813,2.67665697313097,2.73383655385946,2.89001959433504,2.25699665183655,2.83491513699014,2.63523219956688,2.38567870839669,2.30809053592399,2.04070402513744,1.90725568004174,2.45233185108942,2.63461543726843,2.35736224388471,2.24635144619485,2.05212938303038
"Q15075",-1.1757987638002,-0.841627482417072,-0.787528317850876,-0.729183801451348,-1.11556652966639,-0.867410660836307,-1.0067891095046,-1.34372025164698,-1.00442672406221,-1.04016057097377,-0.748740752441287,-0.755935505173123,-1.61970730251023,-1.61520889912786,-1.83244218194016,-1.39267965564184,-1.78275799699411,-1.71478945176829
"Q15084",2.27768410800715,2.26152384734768,2.54667472495921,1.70759424603066,1.66066134234571,1.79446727000454,2.09413233460349,2.02136876197541,1.89055277803103,2.60863603338762,2.71295369549723,2.71342967062242,2.84929795405374,2.78841639438654,2.69859115238018,2.76757408983639,2.668397669006,3.00117479963203
"Q15102",1.09844686570259,1.07847513059645,1.56998534817561,1.40153459576913,1.06469840182267,1.31233660397871,1.27675123826489,1.12500313759238,1.23103771794366,2.36679140340285,2.12804580762464,2.41249897410683,2.49347021476655,2.4682831300544,2.77541658732362,1.92243152609066,2.08054817306075,2.07535211438393
"Q15113",-0.767284588809757,-1.90334675472589,-2.07723592951565,-2.232461921135,-1.26598467560848,-1.98011402796189,-2.4477396278189,-1.26963470905871,-1.92000203482511,-1.91584884133106,-1.22144913013519,-2.41686946202351,-1.59244264895056,-1.48704066469965,-1.28396797232269,-1.87810041541183,-1.88822905312136,-2.2000596509971
"Q15121",-1.20461341354445,-1.41542180307588,-0.760096329764073,-1.4173080127388,-1.62661236003388,-0.988220548043615,-1.64747947330717,-1.23145528949935,-1.81145142723577,-0.305944868482355,-0.0557407161999706,0.13439559599057,0.31219389984185,0.355286765605321,0.32933984744947,-0.117847116908267,0.316608901770982,0.427093277832789
"Q15149",2.15202083682894,2.10365417798867,2.52226266460157,2.15095383901516,2.13121866058913,2.03234983036033,2.10665916183853,1.87607484243306,2.2062102940419,3.3144435706814,3.24510150468551,3.39843519355934,2.86887556650827,2.79404617373658,2.71233227693865,2.61255046358873,2.71234739478092,2.74655229115847
"Q15181",1.0989463558742,0.9816387772909,1.4813552166097,1.19791242446795,1.29580208889232,1.11434929509818,1.07327865943562,1.10326491664549,0.970791607413284,1.84730845775691,1.87300409965445,2.05527819556127,2.11565107125762,1.87417461127586,2.08984260742123,1.77954140016949,1.83327412571312,2.00532836791384
"Q15185",2.49472640951872,2.37277085956499,2.40707128284016,2.45204939253284,2.41789703076564,2.32137668836834,2.45698782857562,2.25557758289777,2.55882958839088,3.53062333199757,3.22872497972578,3.31570860020396,2.9668721337522,3.13389847591226,3.32579671164423,3.67375492112681,3.2203752468328,2.8259201412999
"Q15198",-0.0506758297231578,-0.0177449173524131,0.342380592377859,0.178413185816146,-0.0902953141377552,-0.822828814018126,0.0540819696998884,0.323028005421989,0.0353579532123369,-1.73018326605584,-0.611895413064999,-0.808831564734784,-0.736478210329074,-0.89134513580355,-1.1072354153908,-1.07483708745998,-1.49591525258866,-0.541585984962349
"Q15223",-1.35534976317201,-1.56559027160305,-1.91942032391626,-1.42355405186465,-1.16411147043893,-2.94678496711031,-1.12981509017035,-1.10763183608157,-1.16424111103431,-1.87198381304085,-1.2345685404433,-1.94756613979589,-2.10690861147687,-1.3237252081697,-1.45962470892795,-2.48665514657808,-1.23205426189944,-2.2231694489914
"Q15233",0.30419625060259,-0.256947760040909,0.146951301394617,-0.030073281037847,0.299792282683724,-0.0908945275097164,-0.1056573315125,-0.0119101919763853,-0.187928635399448,0.539297735709027,-0.219591478731056,0.178415037279921,-0.298841883191027,-0.409608474522945,-0.0536407670151959,-0.110086230166118,-0.471079018314107,-0.675131065100348
"Q15238;Q16557",-0.376465652779297,-1.24243510076198,-0.155807866934614,0.0286074353703114,-0.588588130999048,-0.409093490883615,-1.77846208560056,-0.421286041705397,-0.684802052631375,-0.556474022847625,-0.578252475478639,-0.768620887543558,0.292561656322551,-0.0898361342664398,-0.31386700654695,-0.566346913340608,-0.655146544729685,-0.20273881948737
"Q15257",0.944303001104721,1.11848265416672,1.32660562544371,0.759465144752657,1.02963164042136,1.08119913331689,0.930757293781916,0.606854115650709,0.927047740881562,1.34151943350707,1.85864480554334,1.91750685778575,1.98740748564783,2.09889820670123,1.75478257486068,1.67637257950486,2.02617501664495,2.05643478990361
"Q15262",2.2085124290719,2.22693200999675,2.48382193536317,2.55729072979116,2.30827663266541,2.2641685688762,2.60080064223691,2.51497614486979,2.39103836706282,1.02284076716334,1.30404576589878,1.21585049506468,1.50348412019649,1.58591034984859,0.874001190288272,0.734770721528038,1.26256217191399,1.26509281937445
"Q15286",-1.49577528336193,-0.69373667823976,-0.841320117969682,-1.17668360109587,-1.05164995591279,-0.9424545442586,-1.08446299235087,-1.36137017457452,-1.79167494311081,-0.761469325531696,-0.518737786013645,-0.578089086553677,-1.11848249909719,-1.3940168223046,-0.807665695695854,-1.42021703623306,-0.760411167953011,-0.913174168726677
"Q15293",2.29469335998019,2.28525888967235,2.35729749018619,2.51844289432535,2.27888733580095,2.32690485888629,2.48212128978333,2.04095569869021,2.2719330884365,2.06995778751466,2.21986013146693,2.35701013379006,2.5494547990014,2.25630972851849,2.2514436939423,2.36559980713712,2.54151487950733,2.63711569318815
"Q15323",NA,NA,NA,NA,1.68381552678715,-3.97625201403789,NA,NA,NA,NA,NA,NA,NA,NA,NA,NA,NA,NA
"Q15365",1.45550779857656,1.60510620844583,1.96404582801408,1.63899035528356,1.57137787558957,1.74805042722747,1.66170904331449,1.88011716423932,1.70735378763391,2.27754005380238,2.05001547810115,2.34164147961836,1.96069392629569,1.73633036829525,2.0065669715672,2.23437923594749,1.69828706285865,2.15818516713139
"Q15366",1.61843116554332,1.38477484121316,1.950402367165,1.50875683472666,1.78311082082625,1.54578945948857,1.63745163949261,1.34895654725398,1.62877966900473,2.74406905766916,2.32296297191625,2.51126183226171,2.21487802692234,2.24665208826209,2.55620587281107,2.46555924771056,2.33072455724523,2.33006081393581
"Q15369",-1.31415374661107,-0.934358994341697,-0.805477970418512,-1.71354098044668,-1.40056795431332,-1.0606163132857,-0.775254165343753,-1.29852803126247,-2.03144101967783,0.0967552927370701,-0.0535311624749681,-0.156237155978092,-0.130254124515121,-0.666555953765044,-0.272800481561235,-0.0486708953048058,-0.393877320790383,-0.332903464825726
"Q15370",0.367814628065554,0.300782100635233,0.575027016066558,0.820345096119343,0.684525845391718,0.606216076585399,0.785628815397963,0.287126007933246,0.542675125915462,1.4612928639742,1.15367301883778,1.15676466565907,1.09871888536771,1.10136031160685,1.44112906905751,1.35453697462556,1.26607685129362,1.05969013607654
"Q15382",-2.4835245877144,NA,-3.50315519773097,-2.36689090754716,-1.76705099525328,-1.02588403289355,-3.08829471025089,-3.39322356309587,-1.70514480703229,-1.27411666756004,-1.7333445201923,-3.14397676689925,-2.5411147071807,-2.31302797757455,-1.13729317148225,-1.10590564702214,-1.245315111696,-2.03328768386239
"Q15393",-0.196661324520406,-0.189939710022474,-0.0974610504887501,-0.0609486337958867,-0.135001712555013,0,-0.0532031427216229,-0.559324931057192,-0.34366819686732,0.0971724918227661,0.238734954487962,0.0187365829934389,-0.349165564935975,-0.59822751015554,-0.208975215077404,-0.692572471501485,-0.506359152430766,-0.615891805280679
"Q15404",2.52221569623054,2.42136784226569,2.71724361290343,2.14880686430886,2.5182821012434,2.96648588511782,2.26926007270708,2.68169353115637,2.45352100135616,2.30786205146827,2.7902451410554,3.03928445294626,2.85686667274342,3.19845384144003,2.76536754771175,2.8089889558918,2.66440985745362,2.87928808320066
"Q15417",-0.0381851019200994,-0.572587954657611,0.632730135723756,-0.276411956790239,0.0521257131047683,0.0295882715478193,-0.0481627727067515,-0.327939506653355,-0.53127961477091,1.36344893409643,0.878217371938259,1.47943367923662,1.27552707797715,0.961845684467555,1.32461064843733,1.25960890736705,1.00165440277862,1.44054732648775
"Q15424",-0.480825302487741,-0.381315683622049,0.203194888006609,-0.516385072334927,-0.607024444269427,-0.815200131656106,-0.556629891761008,-0.746343317002868,-0.325113596337314,0.721816340454884,0.786981694076655,0.487655195980917,0.336487544007452,0.265133589115534,0.345691500550165,-0.0916203396898059,0.347548080182909,-0.214967757009536
"Q15427",-0.643175908985377,-1.04310448986807,-0.802811810177227,-0.682521841880244,-0.766332110204753,-0.409317198057895,-1.88402312184991,-1.69927299049593,-0.410309694675043,-0.332942854516661,-0.653009622856626,-1.15070749255257,-1.1065474748677,-0.483334003504126,-1.067915073875,-1.34906783698002,-2.23366678324834,-1.09114507935436
"Q15435",-2.05429050550716,-2.3327051367488,-1.79500745272055,-1.76687387386969,-1.82803910042446,-1.57663637277359,-2.5726077557741,-2.19316837878692,-1.78890219048133,-0.504414847986784,-0.416767257778892,-0.6466188709333,-0.801230838140942,-0.681441738775669,-0.858534395101267,-0.554613737522456,-0.320256398207739,-0.348863912384401
"Q15436",-0.562313706646743,-0.343168141180813,-0.602962410892133,-1.64277433346813,-0.89754265061113,-1.10766729391728,-1.49951286253882,-1.39024712183248,-0.992723034264393,0.380919405096142,0.134899423411184,0.236341552917498,0.199937915062943,-0.0502697492377653,0.0189841140969342,-0.372999148206194,-0.0741677042917974,-0.401768963202768
"Q15437",-0.682678263261241,-0.97504067309903,-0.700437480231842,-0.999166671500387,-0.817147548664091,-1.11756401916043,-0.531758690147531,-1.62659317926485,-0.721002245352015,0.0344450195566335,-0.0988332243990122,0.122791160567516,-0.0848624040583292,-0.294539510891433,-0.555985309608348,-1.17850241620777,-0.852581286226023,-0.495963453187152
"Q15459",-1.85811160417262,-2.57813416419915,-1.80032221547897,-3.51908826267102,-2.40287998859069,-2.41905614038899,-2.62920035671158,-2.18884148023391,-2.9578031185565,-1.48298878083588,-1.88938724178747,-1.67379425574863,-2.07023143582153,-1.85632579577018,-1.9573425381192,-2.29025152036484,-2.91155085672825,-1.67569600607789
"Q15493",-0.935401895492602,-0.601672672482541,-1.42189856414475,-0.902015641314187,-0.561343534251318,-0.953689256461379,-0.686083440013375,-0.301360061756304,-0.463261434881661,-0.490681726429285,-0.695892316964024,-0.483866050931482,-0.43970104742176,-0.164970757496564,-0.257262071943979,0.142097859327425,-0.355275278849582,-0.138025833804946
"Q15517",NA,NA,0.424980758924701,-3.29195126339028,-1.08132096355741,NA,-3.71578504985645,NA,NA,NA,NA,NA,NA,NA,-1.4450563594917,-4.15766962923567,NA,NA
"Q15555",-0.553113934411664,-1.32389147023288,-1.35180295874795,-0.941747163838667,-0.992773471803787,-0.698673925617595,-0.804426686301564,-0.739760823910856,-0.233097267391843,-1.13337494238635,-1.30596649456995,-1.60471250920163,-1.86041082094763,-1.61047583325583,-1.26338114718046,-1.28882414486161,-1.91726884644034,-2.16313820563624
"Q15582",3.90948773137319,4.06424518404197,4.37921959860443,3.65844790283894,3.91179334089197,3.72008110333702,4.05077635786098,3.57651024496485,3.8355044315912,3.65877021018371,3.93284886500174,3.85879425621049,4.30123775624938,4.36558973542706,4.4157769460126,3.78184745480319,3.66123565315834,3.68959471255394
"Q15599",-2.88946195725463,-3.20253997167951,-2.28651526989886,-2.26904125498574,-1.69874370987654,-2.417520177888,-3.22353083812907,-3.26951956134231,-2.13072834996761,-1.96772280991238,-1.98543183560515,-1.43514632546992,-1.75146160709666,-1.71881077319394,-2.8614553937556,-2.04038545026921,-1.2575681763788,-1.89150046467608
"Q15631",-0.116521117758877,-0.0269967191203833,-0.0138871513446457,0.208002050923682,-0.474464134566494,0.0622482166140692,0.260857867365139,0.0585246777451243,-0.618149765660933,-0.0669725051112362,0.0607031707801191,-0.405862650007689,-0.585681833776373,-0.207979618624373,-0.547339742854139,-0.476308311455439,-1.33015729825218,-0.853879766595531
"Q15637",-1.60093424306252,-1.34463664409405,-1.13015727892417,-2.1225957843128,-2.01856175665565,-1.35478685456167,-2.74438755454025,-1.9221455366137,-2.2166092868835,-0.602924138975895,-1.39707496487071,-0.696736152864474,-1.36701308189721,-1.45662049820714,-1.15331238355918,-1.24523300838729,-1.59431840463908,-1.23077217854201
"Q15642",-0.376351098305095,-0.735757891569084,0.0791228973407758,-0.401145837861018,-0.272437280106763,-0.330378611700088,-0.717838631887386,-0.742379745265021,-0.398990224553083,0.95582980323357,0.714430582311163,0.904928330135947,0.80967113937581,0.681414679833052,0.726352272750953,0.475777411622854,0.656901463216819,0.722220419460283
"Q15691",2.99164512094097,2.9421072224532,3.34557958309734,2.96566074088951,3.24716684492747,3.32254687254638,2.69187049895513,2.96870638940575,2.95870143307753,3.8287889939902,3.74701114718083,3.86561870944283,3.69637044746128,3.76123787002012,3.80943156949184,3.85530332409607,3.74008949717199,3.76294384374369
"Q15714",-0.993729037804025,-2.52531799419773,-1.66426003527588,-1.05741665234508,-1.62613991421639,-1.41627839846006,-1.38003328214237,-1.02961623787297,-0.592998495080533,0.460543467805635,0.291936083287826,0.637080284346077,0.424500414005514,0.222934005768545,-0.271011661883223,-0.20130566866211,-0.101098251417795,0.333506020523032
"Q15717",0.0587333742526219,-0.18340860831684,0.667520672388161,0.268908467308798,0.318207849857878,-0.0691946180554019,0.465968784867174,-0.295393680113296,-0.171850062054997,1.06014773742054,1.34525954703891,1.43589728392858,1.0746093819218,0.846254248694958,0.807717677151114,0.785645298332913,0.890645620424719,0.814633169257171
"Q15726",4.27275590044933,4.10240635791413,4.8602402904327,4.03176606779877,4.14175534063959,4.20296834617858,4.09678431685026,4.45558476343402,4.36699693528575,4.11724692119386,4.10948680573346,4.11833446983309,4.49082109823934,4.84002013044116,5.0269670115611,5.19796216399081,4.93491530412225,4.98404030144192
"Q15746",0.0638626247892251,0.115568026890307,0.363512527851185,0.138598171328541,0.224114204756589,0.278197669027291,-0.0552664143162591,0.01119708358239,-0.691080944495843,-0.17781009638392,0.155236709935531,0.315559369219054,0.198418927532117,0.136328790945269,0.357530181166563,0.596869522548982,0.783890429547528,0.152552226516907
"Q15758",-0.270119243493054,-0.520769669649503,-0.0802460173945363,-0.436823049807302,-0.31917116224486,-0.084723801342987,-0.544616309026853,-1.29060910001693,-0.456768699199882,-0.110248188193806,-0.329381523638268,-0.336003738137814,-0.207826625828577,-0.220222276764519,-0.0107412904969717,-0.16286189065049,-0.111140789352854,-0.163882226662311
"Q15814",-3.23543503942184,-1.51689254999354,-2.14930689458004,-1.67701058280393,-1.97228714627265,-2.1191915965752,-2.22175736280838,NA,-1.7361214135595,-2.05555215809344,-1.81581883842427,-1.3205408455219,-1.57246262569579,-1.25698494128603,-1.36203950227538,-1.79005937366956,-1.45608702498665,-1.80636594067244
"Q15819",0.198314064596477,0.551498719310944,0.772519035889401,0.103552357017898,-0.00556761830606867,0.320943416444752,0.150949595632694,0.218192555981332,-0.199490012696709,0.972155741593296,1.10003116435162,1.15560348438058,1.26266503055204,0.850079410394349,0.634790022982083,0.958727573127598,1.22661928741897,1.090620279507
"Q15828",-3.21164293950456,-2.80995332608542,-3.43097176574868,NA,NA,NA,-3.30166699629048,-3.26012590788316,NA,-1.24545181598881,-1.50877327179347,-1.29272108036561,-1.60808825140396,-1.27157243314285,-2.658631958934,-3.66896364248329,-2.97903097442554,-2.58700741614978
"Q15833",NA,NA,NA,NA,NA,NA,NA,NA,NA,-2.46816726807556,-1.76383888688229,-2.25019322940723,-2.26491386451453,-2.56205145641435,-2.55369660642295,-2.17508741471665,-3.24744918217366,-3.19023295216748
"Q15843",0.597934777124559,-0.111894154349056,1.34196883937932,1.19000804874524,0.541711570544788,0.88483335668108,0.461690671770631,0.890158143126694,0.817647458419295,1.48979829132973,1.36706038393947,1.51230104495094,1.57873413493467,1.44093616124899,1.56354091973623,1.22629891823185,1.15804565938978,1.37074987719085
"Q15904",1.90114638994003,2.0718319216106,2.0884862839286,1.92875180304662,1.86932222034289,1.75405097783969,2.21416521370953,2.09838494701599,2.30654097941602,0.969281704264588,1.39673504121502,0.782295379669542,1.04870713631667,1.35808101955223,0.736272610685051,1.11724907203406,1.30681686738073,1.23080877797416
"Q15907",2.22011963942974,2.17412891636964,2.55476314485751,2.50605581626989,2.46392706179176,2.35308769530119,2.24758498903305,2.35810756674348,2.19950580680163,2.73311846327103,2.86614871998015,3.00962975506887,3.05183468730386,2.80369568451294,2.74971859780386,2.82646325567609,2.77372945004192,2.74511431347751
"Q15942",-1.84245052009997,NA,-2.34139127079477,NA,-1.62194756747907,-1.30263647315866,-2.43922462534918,-1.53977580862291,-2.66777665236746,-0.548475082966787,-0.517954529647374,-0.673899950543936,-0.491267348639534,-0.916870661974052,-0.343667565338302,-0.736923294983453,-0.293612859184266,-0.871365003840524
"Q16181",-0.732047835435644,-0.447777602614547,-0.393775322120705,-0.232104777476058,-0.34529147728027,-0.178536637514116,-0.842023322334507,-0.325906410041418,-0.0229610050023439,0.191591984891703,-0.231376790003818,0.183116611868474,-0.151026602153728,0.153415427169456,-0.0231915731898198,-0.0229058021598227,-0.248184463659692,-0.51997921287364
"Q16186",-0.913095856039756,-1.99744964584187,-1.19398859468904,-2.30505873407767,-1.25665956172135,-1.39506734208951,-1.70532177748492,-2.29802208559145,-2.66628762193531,-1.09516376084253,-0.903083541477648,-1.0039979602083,-0.834655384924137,-1.08412451453307,-1.10900098670164,-1.0016514714228,-0.784069328192616,-1.16398972808787
"Q16204",-1.62051965948343,-3.45374379823795,-1.84591943272332,NA,-2.28488915993845,-2.24297433810858,-1.92646596353557,NA,-2.2056860027901,-1.11490713642629,-1.12329755055219,-0.744788178578071,-0.767156172341052,-1.61815832891536,-1.98503691298413,-1.3242554108871,-1.3356363278042,-1.85811740687764
"Q16222",0.0730766055592706,0.264839718773054,0.346983938851158,0.318101241472705,0.0288894084926472,0.202291409387405,0.0164852965815072,0.168128953169834,-0.254542965740701,1.51982123899035,1.53119674914444,1.62294769635077,1.86823395009057,1.8568505516316,1.63874519923826,1.47503114658178,1.65542447002852,1.8577067089428
"Q16270",9.91876656390417,9.94292890625277,10.2301713771677,9.99871220655297,19.8961988155714,19.6637978045279,10.3173341454027,10.1951448383254,10.1740673161872,7.62914986782011,8.16930979635784,8.12053585387273,7.93468356251108,7.72523579961921,7.15343233091839,7.33884628671894,7.67622470334535,7.75257353694859
"Q16363",-0.21674216506851,0,-0.104543609641379,-0.307645078522251,-0.020205076128244,-0.618406283890875,-0.508389476217159,-1.14710131088979,-0.183543761059282,-1.30231088851058,-1.00936583620659,-0.661199678391387,-0.684603495546544,-1.0051832466874,-1.44152622127449,-1.64933741697807,-0.928111410842436,-0.901933034046914
"Q16394",4.75893408802199,4.87894981084089,4.93136564655547,4.76454691211307,4.81568335070098,4.67177174458159,4.85371966848983,4.35328256602867,4.9203558475835,2.50073211929814,2.97810768944672,2.92091115686906,2.97453733575804,2.96077002383282,2.61196195444244,2.39213624710601,3.00068253401731,3.02216211006252
"Q16401",0.366183383654505,0.0890714521149096,0.301221940417971,0.0988199668526697,0.0915537335875296,-0.0216926108099482,0.182653149904823,-0.695262229149475,0.117800563093077,0.998473763578639,0.760540310878408,1.02028806095828,1.34850423383245,1.16807195472049,0.896027715093556,0.988224963824713,1.13230613539101,1.4219223670099
"Q16512",NA,NA,-4.1387254777133,-2.29774291832197,NA,NA,NA,-2.48882849046718,NA,-3.62624887526303,-2.81287427555341,-2.9101637143576,-1.82106561801417,-2.17993472241788,-2.50899539416443,-3.13084731772477,-2.85664577820244,-4.00802453715741
"Q16527",NA,NA,-3.48736599522594,-3.95701558882634,-2.72001372865784,-2.03823292430853,NA,-2.50118554812768,NA,-2.19130937329809,-2.69258275121629,-2.50450736270302,-2.39462630406962,-2.83554906433359,-1.69263419112944,-1.59795018006284,-2.65414893616159,-1.97703033411905
"Q16531",0.804941408344012,1.09091299286127,1.20257282165942,1.27226991226968,1.2976201939062,1.02046361882551,1.19449461735109,1.25500281151922,1.23190714860191,1.82788740959445,1.92376262183435,1.74242234193781,1.78252159411714,1.90171760785526,1.62546858873822,1.76047398439508,1.85084200481196,1.86955263552239
"Q16539",-1.43923136394081,-1.80293078862438,-2.07688871947853,-1.85806362161075,-2.14854608439562,-2.70100026482907,-1.00594916695467,-1.75484857872245,-1.32971318777792,-0.896021214651145,-2.0231452914614,-1.72514730615337,-1.6154941031999,-1.50975973415255,-2.14271588006482,-0.999024886424544,-1.49306597201627,-1.49116149429483
"Q16543",1.69811486359325,1.76490149587044,2.0136285354686,1.9250215977317,2.00076424507961,1.82931933466716,1.79255280075374,1.84308933919217,1.90477364423603,2.62361990819458,2.46926976929624,2.73343372490725,2.61062774005131,2.59191483492992,2.40791379624041,2.59045016310137,2.57103396814212,2.67945826224873
"Q16555",1.83425159565735,1.90414676981732,2.13005923363541,2.29978152249408,2.25783331655737,2.23501393930757,2.0452724240273,1.90545394551458,2.0699350744849,1.39406070678979,1.54160677466487,1.53673264687782,0.771760796566657,0.855700876574947,1.03771430893959,0.850552664594083,0.759077565370793,0.942714741918158
"Q16576",-2.24568070625179,-1.98032131256392,-1.97462347063647,-1.38879255786734,-1.73338227118129,-2.28198688744307,-1.90683064520074,-1.22530576726267,-2.51674344270931,-1.85646582157805,-1.84482519335824,-2.15772305260971,-2.09100963030238,-1.62846543666669,-1.9491852178919,-1.63106104953002,-1.73704916722365,-2.36878427674467
"Q16610",6.33834076010567,6.52661725173525,6.78501931769793,6.65166560249673,6.61327277529338,6.46984220321161,6.78893097536489,6.67031890818531,6.68640151520664,4.42766937283683,4.90985974184133,4.8066607860619,5.51191228769335,5.40816009321044,5.06157115795073,4.81520653517992,5.12505351188086,5.27538638751329
"Q16629",1.48674466710617,1.87653913361305,0.635067233396043,1.21019408553828,1.30730047755259,2.03136158457941,1.45158505878419,1.62455290562998,1.88661900950079,1.79160808576668,1.63317490063165,1.15152300549917,0.970407403801435,1.5100490972704,1.23998566960345,1.04795191708732,0.950249656408127,1.30952661708901
"Q16630",-0.463201600225592,-0.753786957059008,-0.828092901667895,-1.05208418996019,-1.12848302096821,-1.69542505401558,-1.97063324315348,0.0452614315123494,NA,-0.632941525476012,-1.20077305624475,-0.464481157239966,-1.21197686082658,-1.3314312874125,-1.02187729080117,-1.07623367240718,-0.346939768564965,-1.28804002551975
"Q16643",-1.70941997566925,-1.36899730092806,-0.861429257793466,-2.28766487492969,-1.16160283189096,-0.928750906090921,-1.08170843757383,-1.07028523398552,-1.22709591161345,-0.146286818689964,-0.420641614482549,-0.35219888072764,-0.465864489356425,-0.208450499776225,-0.212598300659504,-0.0247575636851032,-0.822868804024115,-0.118156931328398
"Q16658",1.04361985064416,1.27738573757226,1.5793116649824,1.6184608193741,1.42106641368595,1.61863953752665,1.27692625312965,1.2993265032528,1.04137574243309,1.40761910611917,1.30146537024655,1.40932029163903,1.82331810380459,1.68273251374312,1.61800027150251,1.48549967725491,1.84279288470468,1.8341602685108
"Q16666",-2.09010301105924,-0.922509966640376,-1.60678637222605,-3.1037822174503,-1.46054246617057,-0.990141240651995,-2.32217536362986,-0.679939520983173,-1.32237202870532,-1.07622803028582,-0.683194788041078,-1.42704095126938,-1.48498372861499,-1.06281168428446,-0.677436920857943,-0.851672168978926,-2.00467998007065,-1.84158124660919
"Q16698",NA,-4.82213270425761,-4.30124653539039,-5.95576111627926,NA,NA,-4.16999311741487,-1.6122277376577,-2.89560391276037,-1.36378878873677,-1.19245434295429,-1.76890454659397,-1.70806822391885,-1.89181957277514,-2.35383654416006,-2.34073702018463,-1.97785373402488,-1.54384850631236
"Q16706",3.07668040255829,3.22763045874365,3.47216176149793,3.31879643407975,3.5637978459748,3.40341651444039,3.51991648021604,3.36090195535291,3.3838848435063,2.2130819302002,2.39823978176015,2.46521119495563,2.40046882245527,2.32268048672114,2.26750557448161,2.15044644095412,2.33367930232832,2.30164847427705
"Q16763",-1.83496107007654,-1.35157546284259,-2.16552524512141,-2.07083172209226,-4.13113388115148,-1.80528927558365,-2.07525569792632,-1.52770283248839,-1.69910114167611,-0.727505669189411,-1.18160118191505,-0.673700976455688,-0.765955016863491,-1.82736420865747,-1.35903285331499,-1.79528786651489,-1.52864907446841,-1.30899778823344
"Q16769",-2.21953957345192,-1.27534269303106,-1.30150595790226,-2.0000778082859,-1.89186075227276,-2.15094391340954,NA,-2.20110719799703,-1.92809539308859,-0.537595108351626,-0.690880312720274,-1.68536717315734,-2.1439966788848,-1.55912110240475,-0.943341624862444,-1.29134807998763,-2.50635293839164,-2.14267023842917
"Q16775",-1.237073317513,-0.635231986661669,-1.37757531495611,-1.61833063707048,-1.45539140729013,-1.06149537752948,-1.31398172516415,-1.63706001571859,-1.14458204856265,-0.241352624577768,0.64425699373324,0.433254676674709,0.401756905014535,0.295163229555774,0.226705725427429,0.06947364403125,0.179405486792806,-0.0695187399470711
"Q16777;Q6FI13",6.69369191685224,6.55560648767048,7.05043457322341,6.12860143612444,6.21512605687512,6.14299223056869,6.54994525917495,5.8765967278826,6.72925731852604,6.53425736727151,6.59451979392613,6.72502872240089,5.83810848549417,6.03904328893825,5.76337496412038,4.96773935754639,5.28790873602849,5.43150203979763
"Q16787",-1.89101253917428,-1.2371140175397,-1.55995805510583,-0.424584792861625,-0.993815070591832,-1.07835891325834,-1.15286063714202,-1.28617933902107,-0.82758372917444,-1.47205718992901,-1.65025755130528,-1.96802675703144,-1.63487448922195,-1.29012078811442,-1.94182452561489,-1.32335260186948,-1.55365145892151,-1.75307833807754
"Q16831",-2.60849195592196,NA,NA,-2.51142562096097,-3.43829851006186,-1.60135485252722,-3.10380796481259,-3.93190855062571,-2.23055289474362,-3.05011691411539,-2.36369851979972,-2.71088335168664,-2.17140687008693,-2.64660819913195,-3.25302828659055,-2.34971506755861,-3.0849404759627,-3.23296490201941
"Q16836",-0.303426737851753,-0.662196007764809,-0.34991252260475,-0.429708071640306,-0.175140222170997,0.0155843314074993,-0.380209763765007,-0.32027631708633,0.338219598987402,1.30641500958076,1.2494467123984,1.63556048311742,1.19534267066755,1.02433040810595,0.864459099268604,1.1559791544133,1.01980468054274,1.46605972493469
"Q16851",1.23563314101896,1.24015015761172,1.45330019145645,1.06098958094922,1.21197605784341,1.32366896120486,1.35370938484735,1.1581176375739,1.26702879906416,1.4724289627097,1.74484940957756,1.93595555448977,1.9202031707453,1.73179952892207,1.79305132590063,1.28027680459603,1.55699670544105,1.39353671812658
"Q16853",2.45779790793086,2.15785498280363,2.02710088942467,2.54496414133879,2.15220536636582,2.33102889391117,2.22136054253063,2.5847689247656,2.16505511903162,1.55218049523966,1.9134885640708,1.56416844454931,1.63144078611942,1.92931743481237,2.1184699256388,2.09330569542485,1.761819010173,1.72528791909916
"Q16881",1.23678042297015,1.36262439605358,1.67677657826804,1.47260335015567,1.25281745007176,1.15181756154841,1.39156158248115,1.49096713584887,1.33536324282959,1.85749677517068,2.10280212295569,2.17164886128279,1.85022102661589,1.88542813696781,1.569166189889,1.63963830823632,1.69659852772902,1.69971906530881
"Q16891",NA,-3.25972256293732,-2.38166119333874,-4.39543685419706,NA,-3.51217462868145,NA,NA,NA,-2.88881924719355,-3.65108941369,-3.40690071203304,-3.77344031526468,-4.22709246222907,-3.0696047526876,-3.02021956133277,-2.81921228426366,-2.55790435248873
"Q1KMD3",-0.98289294453953,-1.14067945842015,-0.925938731064681,-1.24847689195324,-1.23108398057542,-1.67396954855028,-0.89956888983241,-1.12244031411032,-1.34243175416616,-0.0388312898455077,-0.233960065855342,-0.317724416099704,-0.525969433264746,-0.433801598214205,-0.531613716230302,-0.96781315061676,-0.689087505030326,-0.843292737155757
"Q24JP5",-0.245101423321019,-0.0132129511991987,0.221016406772057,0.123555513029721,0.405654237440412,-0.322183031417516,0.474253539078001,0.118962550800646,0.247502849661718,-0.583322170326357,-0.0432912779203125,0.0164855641600106,0.235348327087099,0.266620649699849,-0.231046134954623,-0.37639723844854,-0.129116966059494,0.13105730121773
"Q29980",1.04587158434348,1.32042030022571,1.90777978389818,1.18749025617264,0.4749924552307,0.96371656948695,1.34085969039026,0.547482398555333,0.478753788121503,-1.00093491023486,-0.0372630829099361,0.0344385051252818,0.0745659345653085,-0.551026886375285,-0.739867822631384,-0.564660173227215,-0.402703516458448,0.221966288777354
"Q29983",1.12010060029893,1.2142885826705,2.19522712247051,1.46227008544783,1.3710111515827,0.530886903987028,1.85996825960543,1.84814086033221,1.57372151811394,-0.782756186518604,-0.137379581454146,0.0287509616771899,0.0803398712935408,0.363103298714952,-0.129233195427721,-0.238691736212921,0.0777778393059609,0.535726002135721
"Q2TAZ0",3.19802391557913,3.86148944556846,2.15454594202688,3.38513696119971,3.29544512020405,2.82292946640098,3.73357986604454,3.51468924118147,3.54824378396351,2.10056484839093,0.718018526534882,1.13425771278512,-0.944002561262065,-0.476781454994093,0.727294690330096,0.614623642894836,-0.163285500586667,0.709241293291583
"Q2TV78",4.43616718891464,4.32034134939873,3.73809744856639,4.24810705404157,4.33650528448666,4.4286697803474,3.68759762055339,4.30133036416302,4.22389117722467,3.87360745611202,3.82803231340637,3.60142027255285,3.43027511911913,4.09204747442441,3.68670399440653,3.93172889666458,3.88649250491853,3.88911358114435
"Q2TAA2",-2.39034187625992,NA,-1.8180402473408,-2.53952099926453,-1.72804131919089,-1.60441032395822,-2.60148106497292,-2.17442253505757,-1.912088735099,-1.80277146680536,-2.73887486621061,-1.26517538299991,-1.8363866833174,-2.61843412708269,-1.58604767507409,-1.52739326957442,-1.06873675914006,-1.85475070444051
"Q32MZ4",-1.44317631276773,-2.09576273409274,-1.65448709215578,-2.5092282460338,-2.51390217670112,-1.58947156608517,-1.37183361422932,-2.82685221557937,-2.01836213020225,-0.931781513382447,-0.963723713868156,-1.20769130667731,-1.25759874090261,-1.34737526950356,-0.723333916744958,-1.43829428012239,-1.27038703434226,-1.20066404840674
"Q32P28",2.06027431727236,2.12390749512473,2.26281074377786,1.85613727306764,1.75151697047431,1.57413932452827,2.08254529128534,1.5758759181078,1.94731215084268,0.0408205357921343,0.320082802143043,-0.117790677464653,0.10297568816666,0.392330666617688,0.109145841368248,0.128008376240475,0.291239929055214,0.592067373438768
"Q3MHD2",-3.22691567261542,-3.91210969854263,-2.8362966394455,-2.35217377229142,NA,NA,-4.86761868026688,-2.45283947722788,NA,-2.2397610067039,-2.36672237616146,-2.11792942816351,-3.01061062552974,NA,-2.57156821455083,-1.74470134971398,NA,NA
"Q3ZCW2",-0.760303949338853,-0.390011643759642,-1.55219082768,-0.955624975380728,-0.978271959785686,-0.811448342376326,-1.69491987215728,-1.2121218741152,-1.26327083922399,-1.82900946298998,-1.65779559622553,-2.16972827024243,-2.15540159365388,-1.46501408372035,-1.91420751922938,-1.11325398600093,-2.17180004292203,-1.76905327106356
"Q495W5",-1.59025399063036,-3.3806069791753,-1.68355132632289,-1.87756012763086,-1.88737412080076,-1.82352803085178,-2.26203052592363,-1.98100325459217,-6.32893795263796,-2.81317901542667,-2.61857937911058,NA,NA,NA,-3.07692916310218,-3.89957899213565,-3.50065081897791,NA
"Q4G0F5",NA,NA,NA,NA,NA,-3.29741288092205,NA,NA,NA,-3.07582434438844,-2.80137766534124,-4.41200120905357,-2.71708525900672,-3.47766346109995,-2.58086350551256,NA,NA,NA
"Q4G148",2.3721862343438,2.98575507261752,3.37376542468774,2.34047390410527,3.33278057867997,2.47466523947684,3.55708664894442,3.64725347800821,2.53389949514741,2.45410983395891,2.86758552986756,2.65565320510976,3.14796129542719,3.39451331555228,2.561543450408,2.92155215233615,2.62019801061612,2.4992121108308
"Q4KWH8",-0.08821217438833,0.249233398208331,-0.0944116938859292,0.490502811669703,-0.672391818271488,-0.542473935573346,0.243311623000135,-0.299918304302697,0.143086579869598,-0.178245922331447,-0.0449322156674352,-0.241678243817804,-1.24017289184205,-0.121478201961221,0.0643348465082738,-1.35157088423452,-1.59364516111776,-1.63788513149151
"Q4LDE5",-3.08798580492704,NA,-3.95504555616186,NA,-2.06813626946821,-3.19392977128752,-3.35657484909162,NA,-1.74636590725672,-2.82652228082446,NA,-3.67340158740668,NA,NA,NA,-2.67622428875809,-2.03030878944782,-1.94501510228682
"Q4VC31",-2.34936838837908,-2.65489970613197,-1.52219676288824,-1.85001071029854,-2.74652210242487,-2.4145077807909,-2.85739310580418,-3.01727554664699,-2.19093108066902,-1.48010891225575,-1.23157455206814,-0.736341780089087,-0.533402400062042,-1.0437134016123,-1.25138977451284,-0.812742671053767,-1.82643922568329,-0.710485146483325
"Q4VNC1",NA,NA,NA,NA,-6.19608825103397,NA,-5.32146123656809,NA,-5.46783911093996,NA,NA,NA,NA,-4.70040847068799,NA,-3.90982257885778,NA,NA
"Q52LJ0",-2.81607031836879,NA,NA,-4.06744143113673,NA,NA,NA,NA,NA,-2.03856809065557,NA,-2.1597954548864,NA,NA,NA,-2.66103361124334,NA,NA
"Q53GS9",-1.42688890873579,-3.19712216684675,-1.33382762627626,-2.93719691350392,-3.49129638342051,-2.31497310782364,-1.83907365611144,-2.48309134856517,-1.5858000394374,-2.88364311652509,-2.34014114848235,-1.27225271874765,-2.34085948755032,-3.81392111615052,-4.51245796576499,-2.60920234076215,-2.47911755217102,-2.76056796558405
"Q53H82",-2.85151992935436,-3.59181431826873,-1.81871419968506,-2.35195066783149,-2.9527736566007,-2.86649695429225,-2.12937577496413,-2.54124083412342,-1.83111176891997,-1.5867201326911,-1.25270871663322,-1.64677087865048,-0.737652025055172,-1.33354653917263,-1.62234344333046,-1.28932376268504,-1.10656081833517,-0.462242704511324
"Q53RD9",-0.234133096135558,-0.323040272746971,-0.0709563181909214,-0.639893487716283,-0.052699488349047,-0.0839215357701519,-0.314395004145586,-0.595453329575919,0.265213058657439,-1.35805537373882,-0.485680243315696,-1.00406282481484,0.117577455937983,0.393789211077934,-0.0787120993894312,0.045653822971488,-0.0405371440239293,0.283982656751043
"Q562R1",15.5784733624177,5.36941970395278,6.0337296605424,5.233510199317,6.11236096286339,5.29989634633932,5.59810404208485,5.81998856060915,6.4449355101309,6.39337463013989,5.73696677436379,6.28812658230355,6.15384733948842,6.01541676543949,6.44861226227913,5.28181906837078,6.04594618678807,6.19404996216679
"Q58FF3",3.19564941702433,3.4749032365357,3.06624909410615,3.24983186717377,3.06692044554731,2.77154749957041,3.16169764937207,3.48985832153679,3.10912873394862,3.78483104474993,3.67218796799323,3.33783060952081,2.59954457402935,3.06830825504183,3.18342061395492,3.59630374026894,3.08769813381786,2.11786319866387
"Q58FF6",1.76631966544042,2.04169533411662,1.06998979601302,1.94575148085874,1.95684641886288,1.81315977978146,1.6268358000641,2.10877429937671,2.04516962762162,2.12868948496433,1.64131384288591,1.53174716823079,0.805783803494641,1.37914590210984,1.47196122490503,2.12978159369139,1.08796273593597,0.0539115126397682
"Q5D862",-2.59866076266101,-2.82438679513565,-2.26327580288494,-3.3025252181339,-2.89489909510565,-4.18316673684405,-2.62891781645831,-2.56401706519537,NA,-3.59696078007068,-5.49810323297416,-6.66022026611821,-2.64499608315967,-3.65925470019249,-1.2035238983227,-3.72373339877386,-3.0477352525111,NA
"Q5GLZ8",NA,NA,NA,-4.54112554592872,-2.49399722622089,NA,NA,NA,NA,-4.14614406116086,-0.953279986536826,-7.23209578422593,-3.24768389090405,-3.4685092479653,-1.55482012310533,-1.3630816327922,-1.85419913744026,-1.55804878612661
"Q5H9R7",-3.5972325217159,-3.1679283020545,-4.24089870627087,-3.07493142626577,-4.11960111898235,-4.59245389571325,-2.50362402263468,-4.13673508197202,-2.46359678439187,-2.00423872355957,-2.71437464742358,-3.11342057301688,-2.39700627320905,-2.69156595454352,-2.78912750873436,-2.80990297410787,-2.97607530995798,-2.16548193063822
"Q5JRA6",-0.532632459801107,-0.685257814713747,-0.521394685870597,-0.671013607838634,-0.61992821353006,-0.440914691672303,-0.175199767189959,-0.469623844952169,-0.515560097053877,-2.23204722285546,-1.67168776844735,-1.45868026071395,-1.59738082573154,-2.12325146217604,-2.13540833596992,-1.75842055661498,-1.23010340031879,-1.70118695705485
"Q5JS37",-0.355552461058817,-0.824113788326971,-0.525020041375647,-0.651638458951973,-0.515779797079171,-0.601062403065614,-0.105692687926759,-0.478619429671417,-0.334949664932505,-2.14970732184437,-1.41458113880338,-1.80426935947738,-2.26080310480737,-1.74741580905421,-2.50317438307341,-1.77575199515314,-3.35770734469044,-1.79273602647167
"Q5JSH3",-2.11992341316149,-1.59052666338539,-2.3082223642176,NA,-1.69520201632285,-1.03242941138641,-3.55635998548611,-1.77440153449121,-1.16059203341466,-1.35568883563904,-1.27825880895035,-1.00966929197948,-0.849688749646801,-1.42930519336329,-0.845087006446834,-2.62291506763291,-1.40822983531464,-1.14241277379875
"Q5MNZ6",-2.30396416172485,-2.5461803642333,-2.38539963964403,-3.1563668328403,-3.09664486993474,-2.0897264042854,-2.20647014619636,-2.28222534786979,-2.34838380355685,-1.53725466526476,-2.00102767470823,-2.3279231759447,-1.91209103000384,-2.30451270987961,-2.16717679995146,-2.15056013182892,-1.73657745060937,-1.60445235210683
"Q5R3I4",-3.08012226482996,-1.8043258881756,-1.8945947801005,-2.18970845744798,-2.38043948097741,-2.1922805509211,-1.71794711567437,-2.22453741920867,-1.84120457786869,-1.5997215866672,-1.9241793270605,-1.46572547674904,-1.33287002479847,-1.47526213182632,-1.56339425880317,-1.12993372900198,-1.61165588109264,-1.96941437611388
"Q5SRE7",-3.17313727361607,-3.78544213708949,-2.24977542055056,-2.75231232950565,-3.43328207997707,-2.29378174993751,-2.5542251025414,-2.02636747049333,-2.95411712816729,-1.63500318173869,-1.6976926915341,-1.58729701000914,-1.20901832110791,-2.13141973731153,-2.28735838234827,-1.95384689336964,-1.25139717067003,-1.45124966998922
"Q5SW79",NA,NA,-2.54481296319667,-2.289173851296,-2.9994339585364,-2.31936602919914,-1.26977566948565,NA,NA,-1.69424922989005,-0.944555471827241,-1.66611280123693,-1.46044751013629,-1.9903662467324,NA,-1.86915645902061,-2.05264783110807,-1.12230848917834
"Q5SZK8",-0.522720029659393,-0.514816282449301,-0.116974934636408,-0.319331179402447,-0.499354876353616,-0.887865873805459,-0.186428392094168,-0.646121892401043,-0.295573754288714,-2.18575742215421,-2.17008767342358,-2.52346902043659,-1.61630726999619,-1.67639901125162,-2.09040504532022,-1.96762104855821,-2.18779272997409,-2.23007784176889
"Q5T013",NA,-1.83623479454582,-3.28956372868779,-1.81290416151842,-2.24219992452978,-1.28359955447941,-2.27610594628048,-2.40315460145125,-1.63674766513503,-1.99816785193976,-2.18147539768159,NA,-2.97069153972666,NA,NA,-2.42593311616602,NA,-2.16438796662386
"Q5T4S7",-2.66689018826876,-2.51968942278409,-3.05247361537087,-2.65301895918971,-2.87338204913746,-2.5104487311457,-3.54125942323366,NA,-3.62596287648051,-1.92304558814793,-2.30576009176052,-2.21517809573321,-2.43906004208463,-2.27860757948742,-2.53752281383877,-1.74166622414052,-1.67521367732135,-2.1940489829315
"Q5T5S1",NA,NA,0.466447288157177,NA,NA,NA,NA,NA,NA,NA,-0.982872918003475,1.00701984903528,0.0407460939418538,0.367179755835815,0.244041196192994,NA,-2.99366903313108,NA
"Q5T6V5",-1.28695549670088,-1.1934395687835,-0.944860791815756,-0.67493037552045,-1.27989077545928,-1.12903878608362,-0.902979014660217,-1.05003995616246,-1.04830970471332,0.290619885348699,0.0336685986051677,0.232924887601522,0.32957370769611,0.391486748625663,-0.022173609209986,-0.0363358805957734,0.38070144903554,0.561750808140223
"Q5T749",-0.173928847699237,-2.38096158958576,0.69656672799327,-0.75835551856761,-2.48475057164038,-1.80000724121312,-1.17807777160181,-2.00022516944123,-2.66279363268688,-2.55140900380103,-2.92807771470418,NA,-3.26179114377626,NA,-1.40274399296745,-1.34371324418059,NA,NA
"Q5T9S5",2.59218452302416,2.34031806450085,0.876269721729141,2.40123669001107,2.33172086237008,2.09702783259972,1.44268237630697,2.91164727272555,2.37550107590233,0.728994019100245,1.54485489369693,1.14168622033493,0.41856629199277,1.81194106526414,1.75801700861971,1.3597837351183,1.11303046450069,0.991963958275504
"Q5TAQ9",NA,NA,NA,NA,NA,-2.59549225560226,-3.68768836218934,NA,NA,-3.30710866800433,-2.05118282780196,-1.76104010541572,-2.01497896247671,-1.21479904075766,-2.68987701816111,-4.29299667846756,NA,-2.05600478896645
"Q5TAT6",0.668475836679963,0.830345872959137,1.27158131309663,0.373061159742845,0.733779005596453,0.251823256195081,0.937642406489726,0.202814784463682,0.371264756540649,-1.57278934081852,-0.7467531460841,-0.599155348752431,-0.796165956013153,-0.904434741239469,-0.661579206219274,-1.04688331687316,-1.735973603293,-0.911614623855709
"Q5TEC6",1.66519569602285,2.09170298092979,2.52562278946792,1.72780121482547,1.8036773561306,1.73681084138154,2.07863503806734,1.23268117698023,2.25070377202819,1.94111259392815,1.7685610186385,2.02146939827815,1.04185710512989,1.20105628942713,1.19085497075558,0.221891824472523,0.812361659598178,1.30113816626472
"Q5VU43",-1.29872235892888,-1.21158143579598,-1.09573181881244,-2.07889642778572,-1.85322751811202,-2.34880736484534,-1.0391424426769,-1.71668537598417,-1.23301004746023,-2.18301224863027,NA,-2.9514921517328,-1.93477247929366,-2.29402202568092,-1.27891221274773,-2.27732630029012,-1.6279265423273,-2.81348204398835
"Q5VUJ9",7.94444342704867,8.03294211019897,7.15425262651543,8.14413850876434,8.01555655442854,8.25896421533629,7.70726427969258,8.06662828014159,7.81906566537634,6.55245590733182,6.80400932267614,6.37369049152656,5.49030198945235,7.00612471937035,7.1320283161047,6.72590471833221,6.19872482917446,6.11912748877375
"Q5VW32",-3.05654364584754,-2.25330094956712,-1.92086098630994,-2.81442925365517,-2.41067882672008,-2.26154108728691,-3.1689880895779,-2.47400810587876,-2.46208123521714,-1.67693039486292,-1.2574139992371,-1.32831137030608,-1.9444924758998,-2.09045807105062,-2.11950399814153,-1.1340407270962,-1.38894719534826,-1.98690236684419
"Q5VWZ2",-3.07297057720668,-2.93951987383938,-4.27266578082495,-3.47983333715743,NA,NA,-4.50484119389393,NA,-2.53280516422543,-3.0653712593579,-3.57261712289576,-2.85609349317856,-3.74723962220478,-3.37549791473675,-4.01756170372256,-4.21036273994826,-3.40774487650957,-4.30299715430061
"Q5VYK3",-2.11582247070913,-2.23005964097684,-1.69124397910622,-2.10453013025971,-2.08375548949902,-2.5333234643785,-2.66017639964928,-2.42986436568659,-1.68243060444605,-1.16106660181156,-2.24866120816275,-1.21980356297996,-1.56782500966438,-2.36049948638072,-1.5212433064484,-2.773490189795,-2.1200535369305,-1.44394269814018
"Q641Q3",-1.31674079554615,-1.51966351476757,-1.8291634124872,-1.17991006596441,-1.25434174269955,NA,-1.09604874634824,NA,-1.14556186938185,-2.84852396819346,-1.38065318598593,-1.9399872574795,-0.310868016787921,-0.599663757449758,-0.793905824649024,-1.20121312871423,-0.361269671247301,-1.18835436703067
"Q66K74",NA,-2.97357210258599,-2.78877559399904,-3.34317723574381,NA,-2.73229612273971,-2.53867177219132,-3.02246643502323,-3.02370242647954,-2.55279171795389,-2.21507298221771,-2.27379612603345,-3.11098897221701,-2.47024985135578,-2.14303211451493,-2.64485146278329,-2.9163434802911,-2.20464247892018
"Q68BL7",1.55054806249232,1.88605171342401,1.87458573331629,1.63473937480084,1.30906035930792,1.14227226736603,1.84914999635806,1.00716211964855,1.70687370706179,-0.628251913063485,-0.317869802874215,-0.178513852454339,-0.818061045596327,-0.400126190835077,-1.17412003526971,-0.677831118222153,-0.351803030859399,-0.373153521411115
"Q68CQ7",-2.41802572857023,-1.69927498465462,-1.72756432232185,-1.09555427742269,-1.65097592378012,NA,-1.87282319855911,NA,-1.83620191495719,-0.58984329709124,-0.679147359010309,-1.01965261732409,-0.145811684466524,-0.592559605054134,-0.671705280914886,-1.47972831235208,-0.866307459882614,-1.69640020501536
"Q693B1",2.00144536945202,1.89446638690534,1.15914752697206,1.4898983618134,1.28322088670352,1.68279843231116,1.2096274489883,1.40154019044361,11.4356185849106,0.894443608673672,0.832370868906734,0.693961469561108,0.255886508693989,0.932171178931794,1.06122359050838,1.10820709971726,0.352612708609913,0.346221426134928
"Q69YN2",-1.37487902242653,-2.61919704120063,-1.29288115305788,NA,-2.31221908818006,-1.58993387025088,-0.96536104934616,NA,-1.46184118977339,-2.91751316294665,-1.53975071634827,-1.58209636171609,-2.18108562168898,-2.63731339085532,-3.76876082984007,-1.74808451568065,-2.41512663856835,-1.92662384983403
"Q6DD88",NA,-2.69800910571643,-3.13202823773377,-4.52636948898471,-4.15401208437093,-2.6114915875384,NA,-3.02081023836938,-3.01620071614094,-2.86560242878041,-4.84188074523353,-1.72737519593145,-3.17252427818448,-4.8025325466461,-4.11605372641723,-2.70421761384602,-3.03966073664564,-5.6785791646514
"Q6EMK4",2.15121713730767,2.30364587813942,2.61555259253568,2.55057748708868,2.23181697173339,1.99981429917119,2.6987391322912,2.35299695676222,2.59779160816525,-0.475563632772992,0.326979180548811,0.0274189263119524,0.782490837043953,0.836661593384887,0.181922123319879,0.577634905147772,0.753047963006379,0.741426187067402
"Q6FI81",NA,-0.587507623244286,-1.9762458198504,0.0298925501630372,-0.561096061275898,NA,NA,NA,-0.282526707120686,-1.3519960300148,-1.20285218562556,-1.1986445684891,-1.11967166930278,-1.2408347097056,-0.289817429293414,0.099329174743275,-0.378866693247762,-0.17993902707035
"Q6GMV2",-2.79539444897026,-2.67967702050845,-1.84394350512668,-2.80720087642812,-3.3250762819937,NA,-2.00581551960551,-1.37014235754179,-1.50158968111008,-2.98030621212284,-1.62957480348249,-1.7765133175566,-2.21750523982349,-1.66460683057509,-1.79406412368637,-2.13828036525262,-1.91583364838758,-2.42828393075111
"Q6GMV3",-1.66989733509591,-1.19985028043799,-0.850285937489581,-1.22923197517253,-1.04410414702433,-1.1704088139077,-0.959306303550147,-1.75628342269448,-1.22002475250639,-0.59840484561686,-1.41836636607209,-0.766947852902462,-0.697081600852539,-1.02628818274655,-0.852301983068462,-0.862933187975405,-0.774466517055318,-0.700113811083829
"Q6IBS0",0.458931371752339,0.547815759513563,0.52912286910359,0.495673545522614,0.659818626256556,0.534233442229054,0.553049320141069,0.249192885175246,0.212820564298164,0.729961070079723,0.876944336383589,1.19156210595776,0.929434972492251,0.618027287685855,0.331699646153702,0.679191653071918,0.933587752273247,0.973285635560242
"Q6IN85",NA,-2.15062936850027,-2.59803306622598,-1.80231617491504,NA,-3.06985788715047,NA,-3.15806731396339,-1.87510404307255,-2.94029009890749,-2.6511351158034,-1.89409817236392,-1.41715830139246,-3.51565702971844,-2.61512642099628,-0.859167898676612,-2.11471718980013,NA
"Q6ISS4",-0.0895250397404084,-0.11185697466356,0.542620217582602,-1.08765871873691,-0.0621132276949954,-2.02054079637296,0.109966298352104,-1.08641289694015,-0.794338238181846,-2.04563195548409,-2.02077442839806,-2.30049002325386,-1.76935730654838,-2.30067746805012,-2.534350616629,NA,-1.61936603707582,-3.80092791813891
"Q6KB66",-3.88595580739212,NA,-2.58767401738341,-3.75271597761579,-3.48806339773626,NA,-3.57462844838222,-3.96254900167341,NA,-4.06191317260122,-3.68255729301174,-4.35778194393067,-3.63850937364376,NA,-3.06510473703374,-4.65840114958276,NA,-5.26814333017255
"Q6NVY1",-2.76332512534778,-2.88191190611527,-3.11397446196469,NA,-3.91162486865782,-3.24468897849869,-3.27030756535878,-3.37044748403355,-3.20356542979248,-2.11695500809359,-2.2601270760921,-1.3904963314718,-0.851907401469336,-1.28628584189849,-2.38527868712449,-1.35321520007299,-1.60939366334576,-1.19065914065335
"Q6NW40",2.61758103810758,2.40161234219381,2.88290534446789,2.95513730400632,2.97928584328671,2.97800911592007,2.95547690850519,2.79391944061184,2.76380103005332,2.09875350210192,2.21264357645708,2.1552214446999,2.35259353730092,2.48006917381283,2.10673405673539,2.26091151693731,2.469314921137,2.36755410789693
"Q6NXR4",1.71050706949522,11.3852692170351,0.963752255532217,1.32217714909862,0.709360350014796,0.890291667543952,1.436878569781,1.33594184191698,1.47429335547538,1.56017403025942,1.26879132359408,0.833259435532604,1.11224313668386,0.94885592454653,1.0919487837771,1.02404452311169,0.87340085411353,1.33277098690416
"Q6NZI2",-0.843492239282422,-1.46022985577052,0.109414421621898,-0.260339339811392,-1.39431055566388,-1.44897853773801,-1.30242292284361,-1.23083564780334,-0.61596344456547,0.494127821503865,0.0848572694643082,0.273850981153723,-0.0301120471831915,-0.142405483505232,0.315839759909245,0.651737524547679,-0.00683213935903737,-0.174049601748345
"Q6P179",-3.23598339354186,-1.74547582797025,-1.8907635704926,-3.23853702864715,-1.81225981399032,-1.80958705400607,-1.33826175682047,-1.64308398173668,-2.56943615256194,NA,NA,-3.37997510086309,-1.58893830058644,-1.88893417790068,-4.7439182417004,-3.26872085981173,-2.87582475320493,-2.45107728177193
"Q6P1J9",-1.96714880830863,NA,-1.79914544631505,-2.13392536736932,NA,NA,NA,-2.06620920539005,-3.38111083836854,-1.10264108092669,-2.06956855260273,-1.29130475513952,NA,-1.3430075924278,-1.39240287582484,-1.65088596646916,-1.90013067399169,-2.7056111196678
"Q6P1N0",-5.83612411648504,-2.98596100225147,-3.83641847583119,NA,-4.14790775131706,-4.6065924122506,NA,-3.0980307767821,-3.21280857171785,-2.24271747956287,-1.9254375860459,-2.59112387926581,-2.74634560497106,-2.79725498668116,-3.667013099406,-1.6032277731479,NA,-2.6960639476586
"Q6P1N9",NA,-2.50604371443586,NA,NA,-1.88050287825711,-1.57534768520194,-3.45032523674757,NA,-1.9492099523677,-2.1198625934559,-2.44769940749635,-1.37805608973613,-1.15483817923389,-1.69362324460003,-1.76933063312512,-1.62673372288826,-1.01929482057801,-0.792747108322717
"Q6P2P2",-3.81759895353876,NA,NA,NA,NA,NA,NA,NA,NA,NA,-3.72446268792512,NA,NA,NA,NA,NA,NA,NA
"Q6P2Q9",NA,NA,NA,NA,NA,NA,NA,NA,NA,-4.82913199318191,-5.87654704695901,-4.16467453585761,NA,NA,NA,NA,-3.76248469723912,NA
"Q6P4A8",NA,NA,NA,NA,NA,NA,NA,NA,NA,NA,NA,NA,-2.60935344953051,-1.93386972232785,-2.47959510837949,-2.13952414418222,-1.62267340918936,-3.54436456871789
"Q6P4E1",-0.704261883667423,-0.814835874821058,-0.0219471660941082,-0.717767610928244,0.105919265621868,-0.371985383697231,0.276471425874036,NA,-0.523050797518901,-1.23152073816256,NA,-0.0476624040325468,-0.315649300536323,-0.462814602985801,0.0468459270944255,-0.390947798492908,-0.389003673254736,0.313671296151842
"Q6P9A2",0.724414414053939,0.782064520144038,1.07806778018774,1.09300694295159,1.00333202008311,1.09289631517238,0.722476923377641,1.22185135096368,1.28170266629321,-1.20194328856943,-1.31277691528364,-0.644708763656548,-1.37082183606434,-0.146246453713408,-1.46935241276423,-0.578585267312488,-0.187846629861008,-1.08963038498841
"Q6P9B6",-3.76564409124965,-4.65742308328613,-2.76303955884288,-1.99503937229665,-3.0008255922277,NA,-3.01579378164389,-3.01017442680472,-2.69861862774004,-1.51970819906796,-3.90751570792277,-4.10233282629324,-2.80804849818907,-2.40185522194552,-1.80411509970106,-2.26706741973468,-4.80774934352413,-3.24943436119315
"Q6PCB0",0.569787056911178,0.00769887886688991,0.455440111597724,-0.0174905437751693,-0.0367873617332073,-0.23701822440691,0.437036694627528,-0.362509976405004,0.695474181589377,-1.68554072727349,-2.43350069332459,-1.75512386055747,-2.28135152799949,-1.94143004263294,-1.75406025713889,-1.75079956556668,-1.53337480025578,-2.04773221532969
"Q6PCE3",NA,-2.95507289227196,-3.16467289817137,-2.88082889508102,-3.83560631470824,-3.34170791855912,-5.62414152035129,-2.97750800426349,-2.35301397343201,-1.76761193483081,-2.23806027661123,-1.92713927476242,-1.81093578069784,-2.41598261796168,-1.88378477261973,-2.309754369931,-2.17061491680513,-1.94931439276659
"Q6PF05",4.5807170657765,4.58343151296275,3.83695101467574,4.46878964871938,4.59451553887308,4.60856297238701,4.28764141052346,4.67109892976861,4.57978540293945,3.96965626029103,4.01250337158759,3.91442599799438,3.75649206201761,4.33896954046014,4.32996189589215,4.17371083272967,4.01588349719865,3.95578813907487
"Q6PIU2",NA,NA,-2.58666901735509,NA,-2.93084621410934,-1.77833531575006,NA,NA,-1.13496746231878,NA,NA,-3.25369059288491,-2.84005012124033,-2.7501598581217,-2.52897623445562,-2.41570107620407,-1.77643486838384,-2.38281978289977
"Q6PKG0",2.3107555347983,2.24971722627762,2.03954400140505,2.57861761491539,2.45096528892574,2.93760914856922,2.58207622147189,2.57774768966251,2.49275426940597,0.654480297396884,1.11128311567263,0.588430678147947,0.884999923851998,1.31229675590832,0.178690891123148,0.40092383258837,-0.0905038618543728,NA
"Q6QNY1",-2.01522977719279,NA,-2.32293640226945,-2.43380487113187,-1.79083834347926,NA,NA,NA,NA,-2.05994676634591,-1.63706377784696,-1.83601725868864,-2.59734345842503,NA,-1.84071586632903,-4.09109475731468,NA,NA
"Q6SA08",6.4198074947821,6.4966222553218,5.70625500600631,6.31363715187909,6.49653808565064,6.41750446537495,6.00873606640298,6.81818064118469,6.49684333963429,5.8753752909912,6.1154578224262,6.8978357790654,6.23863740592172,6.28224457797842,6.23144466873718,6.27561276928772,6.56520339152881,6.92665974599052
"Q6UVK1",-0.701056231547659,-0.932167211585983,-1.06841501444492,-1.23445289835222,-0.673074462020067,-2.14964009583699,-1.16271294970559,-1.01928238669514,-1.24221899642381,-2.10378776272251,-1.86467119077654,-1.8069810281769,-1.54373480015293,-0.705730913867365,-1.12365420378565,-1.14783134767046,-1.44306980273984,-1.28376662625942
"Q6UWB1",-0.250885567049421,-0.369219633397135,-0.144700908919054,0.244762428677161,0.119333051999194,-0.359320655126197,0.321938785990309,0.138648119817763,0.0342288049505317,-1.22773110698018,-0.646378812544472,-0.302055540950652,0.322132658268904,-0.0399310800134618,-0.819673875004962,-0.835810700341923,0.175164290227123,0.086383280844089
"Q6UWI4",-1.84653979784101,-0.757181602144795,-0.00756566727501884,-0.328770047806957,-0.618907970664278,-0.911577794914781,-0.458405714161987,-0.610783634755752,-1.26081714711747,-2.59800427044037,-1.89908956810923,-1.52606528899299,-2.24489260883907,-2.05008683060763,-2.2732569682163,-2.10214919628888,-1.63170605936944,-1.92903554542627
"Q6UWY0",-0.147825442034149,0.268853786142641,0.507702527570327,0.399498951755655,0.180450716540784,-0.235845647160595,-0.246309934318552,0.365819522339699,0.254206537587551,-0.370041397942227,0.0885290748213485,0.23121508527352,-0.0489256612434641,0.0614626687646798,-0.251982193891873,-0.102124585148671,-0.189708394030443,0.462940935942791
"Q6UX15",0.659921462150844,0.755403372213348,0.688738072327492,0.711812594073086,0.671926594083109,0.274287230375814,1.16842874900188,0.0474488639609092,0.577246331149356,-2.05417147981516,-1.09874518618656,-1.40260528115514,-1.58038666976065,-1.42443718301315,-1.14243541199333,-1.19557788281977,-0.542532955241758,-0.507285798166949
"Q6UX71",2.77557544348856,2.56374509464259,2.75837954567058,2.8067574222005,2.7694055310488,2.65550213320077,3.03999721361875,3.14419403046099,3.00390932552293,0.720547064285025,1.05534721586899,0.961397035025282,0.410533589020863,0.731879652763778,0.775376444991782,0.756431354891951,0.630883023268828,0.302085466698177
"Q6UXB8",-1.01870450587968,-3.48832463934873,-2.24289633505217,-1.32010984715124,-1.64372928633593,-1.02230351412742,-3.5786130907804,-1.79313728076191,-2.76596858102413,-3.41422917722005,-3.11230804678451,-2.48642732596757,-2.88924222985453,-2.05414257096408,NA,-2.36508762104998,-2.73733428451712,-1.8185440110872
"Q6UXD5",1.52774548483632,1.78597673014652,2.0936704957837,2.22980972953741,2.20886252113352,1.93017662501518,2.2468439250625,2.00081014652613,2.31715404174461,1.17746054450303,1.57488209190588,1.7632606020731,2.10428139585387,1.9790426350496,1.57069347438084,1.14475341128806,1.8701424309281,2.12601439809072
"Q6UXH8",2.51706919326026,2.60194401103,2.80653559713807,2.42757897928952,2.16421790072444,2.26616869781619,2.67854486301564,2.3164516393984,2.56990201623869,0.330565652707477,0.530160686057901,0.276013079584924,0.70622397525767,0.498743759976882,0.424534839626652,0.0420969260319097,0.41740887116654,0.592713085336012
"Q6UXN9",-1.7058014747883,-0.850170642170748,-1.93266518985729,NA,-1.43049111782951,-1.82689297199368,-0.770761701516824,-1.95859513061327,-0.956253739272343,-0.645889474134018,-1.87896063147444,-1.15412293308199,-1.2284167572894,-0.983494550676967,-0.819147230150155,-0.568104322345895,-1.13627264622204,-0.863559181813602
"Q6UY11",0.178950104916384,0.268866092978971,0.196809935407618,0.442391406289051,0.333631202553075,-0.0626158063954776,0.822532406689934,0.507938648794484,0.58289899374032,-1.61891885112185,-1.32354922955816,-1.20502021218002,-0.212187133147468,-1.34143513539549,-0.846047177488646,-1.57724252467282,-0.588545737734982,-0.815168728477726
"Q6V0I7",2.00995667853366,1.71694180282926,2.04409054428922,1.67727051261848,2.14109500326352,1.8923274887857,1.63625230893581,2.14261533236519,2.33886838295783,-0.318895228251087,0.587973689220396,0.336903139065399,0.456007051138991,0.126259670581989,-0.52768134139231,-0.269206078896239,-0.127681866528276,0.1753358667669
"Q6V1X1",NA,NA,-2.91513204603436,NA,NA,NA,NA,NA,-6.52381337751571,-2.63865093745724,-0.996582415532107,-1.48438218050319,-1.26828943479427,-1.66463906190149,-1.77798086143641,-1.59170883775109,-1.96367377076696,-0.279104389950849
"Q6VAB6",2.95025316657387,3.01478587146044,1.85366266282199,2.59082181632794,2.98039855431644,2.84956235718269,2.43487157006582,2.70966613769725,2.91406591000312,1.10317939221922,1.07300665990016,-2.23972771378532,-0.21748876278326,1.65710605108089,1.79313745840036,1.28475740275397,0.187875323786525,-1.55084854369788
"Q6WCQ1",-3.78733948477983,NA,-3.21585465375777,-4.79409717079786,-2.27482201561944,NA,NA,-4.49944885486628,NA,-2.57279824113715,-2.97788699195129,-2.80085283936222,-4.0102321627598,-3.06843784537435,-2.92592092980433,-2.08561624762894,-3.40767000528792,-3.79494566153418
"Q6XQN6",-3.1754091217385,-6.05450105070025,-3.74515983662043,-2.97147636769169,-4.41607810950198,-4.3427520175314,-3.07791048539079,-4.67040880738828,NA,-4.43166288374118,-2.313271248063,-3.20304365523261,-3.8013275027878,-2.68256553914383,-3.67310789009666,-3.43905874399684,-3.19917239880372,-2.94368446050906
"Q6YHK3",0.574778068997157,0.507074124295331,-0.243821306669741,0.574975534875239,0.486423490218955,0.86867374392728,0.226802157830537,0.374045251784873,0.620526387683137,-0.0545941402993879,0.207623464048654,0.0184406110745368,-0.387297488748611,0.194781284459067,0.450233615573808,-0.123849722992151,-0.0458978803380994,-0.321738052702102
"Q6YP21",-1.69518193789339,-1.787453817397,-1.36849303740303,-0.852960743287288,-2.41948353673915,-1.11284959174499,-1.48517745222712,-0.995388419008343,-1.50949975437294,-0.921800814890313,-1.05174696372209,-0.804721129244606,-0.401674163411874,-0.677747511706145,-0.830478383782909,-0.665550355882131,-0.466215238732097,-0.548292741350222
"Q6ZMP0",-1.76058850763972,-2.24625799601379,-1.29387005120669,-2.65395335746158,-2.37286532739206,-2.3670379474089,-1.83039784580429,-2.25508914292879,-2.31704269210554,-0.491583777408725,-1.72656492622749,-1.53327888141896,-4.10122955505615,-2.88649630755011,-1.72838448070536,-2.07075300313762,-3.52580614815519,-2.75805524150937
"Q6ZMU1",1.05578203685762,1.01266558554022,0.625644109617333,0.314108194282081,-0.0188674131630968,0.408990122891387,0.42059886962925,0.985473243576912,0.699126082685417,-0.422795570400536,-1.62650072163547,-1.33171863076392,-0.147118654387443,-0.0941199004255768,-0.0832046999557914,-0.524028354789857,0.112267065207973,-0.418182525414148
"Q6ZN16",NA,-1.57565626734692,-0.938948775005723,-0.743624314764006,-2.1033742620775,-2.7003080162366,-1.42216412660556,-1.34038350657565,-3.94005381677592,-3.81172261856209,-2.20058717726945,-2.82427938677333,-2.40664512907205,-0.836386846245049,-1.8039971092517,-5.59428898084092,-3.51482507741842,NA
"Q6ZRP7",0.525180877516258,0.734187196379763,0.523503618651535,0.710179379821682,0.664689594337075,0.621389189125917,0.896136637283877,0.318745606940638,0.863882585683578,-0.00847650536248956,0.242140943938862,0.118850320099273,0.776331720747528,0.48144599773218,0.50803488619349,0.940812084463181,0.451495875134547,0.804268884533899
"Q70JA7",-2.7112181780515,-2.71275979559519,-1.51924178893129,-1.59360151376999,-2.0601055514192,-2.86198916872817,-1.41079684618191,-1.65529833444816,-1.83955287299516,-2.57463287846685,-2.42261321537765,-3.28576061347859,-2.65071602768319,-2.14697690095555,-1.64034158529341,NA,-2.66839326030335,-2.14888790086627
"Q712K3",-3.10048390380478,-1.5488692387377,-2.15344364211259,NA,-2.21542048138144,NA,-1.1076696697829,-2.58799947073435,-2.48531441296419,-1.34655313036798,-2.28156702525035,-1.77537815876039,-2.42075846423568,-1.72723028093426,-1.39993248046352,-2.26405271349667,-2.16014919379761,-2.17272696623051
"Q71DI3",-2.46115016539513,-0.111313159150638,-1.77537258688977,-1.60797485529322,-2.38743468491867,-3.88413906043168,-3.47675501880618,-0.623641470704856,-4.1149569617435,-2.13922265553541,-0.583813639824154,-1.13333946122482,-2.40597259269918,-0.818936185415071,-2.10424618526035,NA,NA,-2.88088542388939
"Q76LX8",2.3144725839381,2.06888347701521,1.07738741806993,1.77125390255927,1.71956144905955,1.87776137453173,1.62172245567989,1.71976482784485,2.06117367426663,1.18306380943073,1.32098845858632,1.30207493314928,1.1312352324931,1.5626233171557,1.71045822694003,1.36524532123519,1.50315741395569,1.20155097985104
"Q76M96",1.59635318133006,1.6161528881487,2.12902293931984,0.954324791806226,1.28521013666315,0.946978059436605,1.4832168174047,0.889582183424428,1.51978837557741,1.73497676921032,2.01349847080511,2.12183884553313,2.03045698668396,1.97762687240856,2.46997076872343,1.91119630489111,1.82381342607543,1.92504182306284
"Q7KYR7;Q8WVV5",-0.894341687073541,-1.66697659023982,-1.22943236540529,-0.894809980087653,-0.604938717733089,-1.49342459028036,-1.0598430535585,-0.914823605245789,-0.657303734956292,-3.70850845771594,-2.88345674790817,-3.09105112021907,-3.03239474900461,-2.9107353666364,-2.84343375858174,-1.61670629125777,-2.92129734698306,-1.63403397826655
"Q7KZ85",NA,NA,NA,NA,-1.14493679358386,-3.73441879719809,-1.93105004532909,-4.94494575821102,NA,-2.01431195954093,-1.94600770723528,-1.81610784704684,NA,-1.72191076244033,NA,-2.1024004590338,NA,-2.54417315385956
"Q7KZF4",0.431521261750589,0.268498188612266,1.04633516312543,0.71159737922993,0.376059892284367,0.488675176043724,0.315072572709324,0.154165337201167,0.676750236002144,1.59891559891188,1.72498747663893,1.81606524005748,1.86578135225756,1.82548074186101,1.88043694171628,1.63944589426497,1.63642131596562,1.61781975913926
"Q7L1Q6",-0.28801931318327,-0.376546416068885,-0.0987055473148928,-0.470660850429176,-0.523559556569177,-0.556828441310182,-0.514098238412121,-0.147734311894224,-0.207643407598848,1.22669651186815,0.964925381299929,0.911694898174877,0.872666509837382,0.945839848107855,0.959187061015331,1.12002687066297,0.912250720147274,0.767806643995982
"Q7L1W4",-0.989464692698991,-0.83471450109883,-2.30883147200837,NA,-1.84515730172293,-0.943853431150916,-0.796505468509654,NA,-0.120404030495042,-0.894394133724086,NA,-1.39061395135584,-0.415426381932241,-1.70503792070538,-0.900515129205859,-1.05068270126533,-0.504928879129724,-0.0331803038538041
"Q7L2H7",-1.20020869306416,-0.583473667662126,-1.07262326552509,-1.50970200035425,-1.12694390256526,-1.06846198519188,-1.2068691326541,-1.58322865395192,-2.17735423148754,-0.206592712734043,-0.543685567471224,-0.253685223830724,-0.801725048374164,-0.747269762940996,-0.68128378706531,-0.22432627831799,-1.18433835736086,-1.46269427034996
"Q7L576",-2.3350306664374,-2.8853691600347,-2.24565300562878,-2.26247402240353,-2.37026147295026,NA,-2.78146206170367,NA,NA,-2.19635553935198,-1.23821735209357,-1.10110235758434,-1.57734012011164,-1.70224074461695,-2.10462973313831,-1.84203181105128,-2.13273583214116,-1.62552184110201
"Q7L5N1",-0.795761816815959,-0.988238186738184,-0.329389177164156,-0.786696570809232,-0.068716845616164,-0.629065770664925,-1.15483312029649,-1.1852083313407,-0.763198939633874,0.092082012987575,0.617670142101931,0.434073764378073,-0.187933275679445,-0.0922947888462087,-0.0038752398403421,-0.472987561308846,-0.338829803622778,-0.322207382304155
"Q7LFX5",-1.25482237257851,-1.14526342579851,-0.837806689336253,-0.759262601417569,-0.788377967246946,-0.571283202966777,-0.427649158244336,-0.49766609174336,-0.0248792648330571,-2.25096651679461,-1.57863367629671,-1.4853632210599,-1.22674248530296,-1.43467329637086,-2.14506720405914,-1.95474077499113,-3.36608658166139,-2.07666003432277
"Q7LG56",-1.54402912190973,NA,-2.12540881323445,NA,-2.04442714173301,NA,-2.73738131488498,-2.43077572761065,NA,-2.93132775286203,-2.72778298647836,-2.00744268998356,-2.66730646936244,NA,NA,NA,NA,-2.09095586848074
"Q7LGC8",1.70324494675975,1.53629082699434,1.65348593959263,1.74209412191731,1.7370159887787,1.66538544731083,1.80274296852534,1.58609479539796,1.75056452006446,0.031575958360337,0.350893337442839,0.152543716624823,0.397431765897045,0.625155334894163,0.488008958380203,0.211304726384613,0.350290654928168,0.193056199584385
"Q7RTS7",0.593985180785753,0.608077882162624,-0.110336691542496,0.518760902517881,1.01061935829119,0.845797706376167,0.095368727681068,0.85470829247023,0.68636373103851,0.1093835118968,-0.58797773620972,-0.570600881769593,-0.594258075633479,0.210427654682512,-0.330748412747525,0.725998870118495,-0.508330265479307,-0.0512555722705201
"Q7Z304",3.2459085333607,3.37038283631442,3.47946480390735,3.25385687555688,2.73218587833103,2.47301538061137,3.23413977402122,2.93006511911847,3.03998099118489,1.37224375426674,1.90496720055595,1.65400447637169,2.33071438407531,2.42296139618071,2.35732685128657,2.49010688609642,2.70402696093575,2.76840359350465
"Q7Z3B1",1.72432571572211,1.46283887520175,1.89253007729407,1.85057633672064,1.83043297110776,1.78335788273543,2.06196594529604,2.10998755375243,2.11441455412639,0.3783350441671,0.714692273518532,0.479621008659953,0.202447949228368,0.420069523231895,-0.00258990153080951,0.0877213781987205,0.332635564794323,0.162896862495382
"Q7Z3E5",1.86263771344431,1.67217988068935,-0.0927234296126276,1.67911121435152,2.05379007462539,1.93322379455526,2.08256676609436,1.76298836434304,1.56475154183288,1.61860880632147,0.485381764358397,0.318052822075787,-0.156192758976054,0.26775194001144,1.05513471279252,1.17005660297404,0.855631921708429,1.17562540106381
"Q7Z417",NA,NA,NA,NA,NA,NA,NA,NA,NA,-4.49059517194322,-5.70956534828309,-4.0399533771854,NA,NA,NA,NA,NA,-4.13568814274882
"Q7Z418",NA,-3.97904132593407,-3.2385621712294,-3.60658584074535,NA,NA,2.15981545059431,NA,NA,-2.90946184332882,-3.57031414790896,-1.56790903124845,-0.184803273597629,-2.2658256211057,-4.10153760253506,-6.54294746430387,-2.45503828685674,-0.0575758504138548
"Q7Z4F1",-2.16688597054324,-1.48897985330541,-1.90201576973899,-2.69749561253305,-3.00106037495156,NA,-3.14899713751058,-1.72280589433591,-1.51190458914854,-2.06257528911646,-2.78126411687646,-2.23582731593846,-2.4617828878693,-2.75357864536473,-3.66637534506243,-2.6367395171299,-2.67330167105623,-1.83082509827849
"Q7Z4S6",-3.32103850836079,-3.06009709438492,-3.85474230122289,-2.36117994874907,-1.9326010384431,-3.22857005288053,-2.48749689290137,NA,-3.47644713332076,-0.314394598697971,-2.22005410526053,-2.14613611226984,-2.99507912482215,-2.58114324553989,-2.55064203726595,-1.33485624751515,-2.41634309804139,-1.45214322325841
"Q7Z4V5",-3.57754975024285,-2.93943967092397,-2.91626698852522,-2.84985901838132,-2.73262313994173,NA,-2.96034223522406,-3.62140810874241,-3.47920717747252,-1.52278484548295,-1.54754943720905,-2.3256391257778,-1.71655743733758,-1.82730056706517,-1.55370611937947,-2.40311721218714,-2.16082517291304,-1.88876542844804
"Q7Z4W1",-0.896319167175059,-0.549201611239468,-1.21943292642682,-0.836579803923369,-1.41940556410361,-1.28253835044154,-2.26742576043621,-1.32345715289912,-0.600650896502279,-0.642334484221972,-0.836954465019472,-0.767716573592904,-1.22407083786766,-0.804182993766146,-0.805046728130429,-0.724094454117019,-0.514887232855364,-0.824512714144353
"Q7Z6M3",-1.81104439294038,-1.0694635090227,-0.597083265918529,-1.10664542970663,-1.0268342735941,-1.25214415640864,-0.251813997475928,-1.91909963709824,-1.68975107884395,NA,-4.58693900937015,-3.63783778355481,-2.3848514337716,-2.89909813030047,-3.58173696091732,-2.53546984919317,-1.92843432656369,-2.06164118531456
"Q7Z6Z7",-2.97677500092274,-4.0707833767483,-4.12131408574386,-2.91799368610502,-2.8657236645769,-2.68714140839336,-3.71945400376987,-5.18171260221079,-3.39266349593026,-2.40977050103147,-3.00826705640704,-2.75736868980612,-2.88046853944805,-2.83689701286178,-2.79570442993674,-2.95131011232927,-2.34157698914828,-3.02453974011689
"Q7Z794",-2.38425887022777,-4.26893703263564,-4.47373655856695,-0.877604951828218,-2.20043417411643,-2.48071416151079,-1.92123509182208,-1.73870239171691,-3.25568258171631,NA,-2.75537984107716,-3.55077498336343,-1.26943666251049,-3.52657608342724,-1.33139603193799,-3.72048776364564,-3.69934225441121,NA
"Q7Z7G0",0.0612983618292748,0.412364776378201,0.220211069482108,0.292917835743019,0.450606234157069,0.114896993008045,-0.0936518020445458,0.211971180949874,0.552144816995538,-0.192242176670341,-0.00668425040062459,-0.112556931538998,-0.542849928940938,0.214849888071605,-0.0499457252769648,-0.160900736161828,-0.0737626110608911,-0.125467758558882
"Q7Z7M9",0.155021540348089,0.277802695645699,0.583117846263743,0.585729249349766,0.325933790043798,0.0789421362461713,0.735358623226437,0.602035511231097,0.756740201886641,0.696527929997735,0.647508738510258,0.842413946402571,0.664339800341256,0.577275142161898,0.415665628115407,0.20026968161881,0.293873442649135,0.764298117427
"Q86SF2",1.64896943752995,1.75833335941972,1.99675931342042,1.79241799494629,1.97707702538917,1.67858276873572,2.12227439767016,2.01921605922863,2.02989821601822,0.452740869680214,0.846859414894167,0.935234381825117,1.30309037042379,1.21671325616975,0.799800964456132,0.973528423442422,0.986369145991709,1.14670964179004
"Q86SJ2",1.35851525152881,1.63430910192797,2.02943747914242,1.94064187172509,1.63563151016451,1.63367698518885,2.04824999988608,1.67302493664098,1.80181496125605,-0.814564099592006,0.0453652774945379,-0.2407348170555,0.171647353630343,0.0176541641084178,-0.446303407733012,-0.894986260899783,0.137182596528781,-0.144489823724919
"Q86SQ4",1.76325968619357,1.8321461381645,2.10137073925103,2.12138343517215,1.83931581304206,1.58373482539871,1.86044413931465,2.16740773525373,1.7472397880145,0.515495454747532,0.99762692413352,0.915609997716757,1.20007256117675,1.05222155981912,1.05788801921975,1.21380635045411,1.40797040145275,1.33267770157724
"Q86SR1",2.28347056096285,2.36600339970089,2.62961715814541,2.32021961549329,2.24582653440322,1.81134121388778,2.6101963611829,2.25808071890884,2.57445893584119,0.696136877669483,1.56079004694119,1.42029265574026,1.57086804998282,1.50611068228388,1.12618921015566,0.87283174348847,1.44006205549188,1.26952381276617
"Q86SX6",NA,-2.42326350854632,NA,NA,-3.07051608547404,-2.41010613239204,NA,-2.64956642312,NA,-1.91795962324739,-1.08792646199768,-2.65970892767628,-2.65006949715298,-1.07061633352825,-2.85959672262698,-2.73715996199699,-1.87875243212991,-2.77336028758384
"Q86T26;Q9Y5Y6",-0.0604944133552063,0.624160551251519,-1.50141756425792,-0.551657340300311,0.0926311634764136,0.346380108872925,-1.28836153738217,0.0705389690794682,-1.28891790694598,-0.802953436828203,-0.804384670548979,-1.16839665510733,-1.25439053113956,0.243809458852406,-0.00501030621661869,-1.10915825376779,-0.347113594373685,-0.840047395824925
"Q86TI2",-2.39069296288827,-1.91534442330298,-1.48156518705865,-1.72917605078437,-1.77714575337681,-2.22681752261339,-2.18777187397582,-2.64379901247855,-2.47039200020821,-0.55798381624151,-0.221521059084454,-0.263234118267851,0.0749020727841732,-0.21814991882947,-0.179173323277412,-0.576001521499881,-0.6243792380384,-0.282564863592357
"Q86TU7",-1.37047548015782,NA,NA,NA,NA,NA,NA,NA,NA,NA,NA,NA,NA,NA,NA,-3.65950573256101,NA,NA
"Q86TX2",-2.45814905850156,-2.08490243377785,-2.17461872971756,-1.76725957970895,-1.91719547277063,-1.40047225419499,NA,-1.7252449209491,-2.37643575055914,-0.479506156997546,-0.131733114541595,-0.195909028021402,0.812817708448373,0.112335474386917,-0.136256186486023,0.318189124539829,0.302575599229888,0.721851105107017
"Q86U42",-1.83620033931383,-1.66674347846952,-0.533347363747779,-1.01143438880524,-0.673485547966162,-0.787700873309764,-2.15885318213072,-1.10743833390125,-1.27907203592692,-0.568878611607662,-0.604293287718882,-0.99810582010261,-0.873669826017239,-0.817755194226223,-0.695149682560916,-0.815829595792895,-0.689109459293372,-0.238595876435578
"Q86UD1",2.03091069901135,1.92829480920523,2.00508690507366,2.10367676642378,2.02240919833724,1.96020197011744,2.01348642114264,1.80349550731821,2.24227243217957,0.650722851211677,1.02721219106489,0.964643784658838,1.37698877255113,1.24294960527664,1.2716527349576,1.07013869510487,1.20512208203643,1.52048375341495
"Q86UE4",-2.46572094587457,-2.48897009849693,-2.86788273764091,-3.0034084334653,-1.48421481338708,-3.30474134311404,-3.55692121607403,-2.54792150906908,NA,-1.83394361936204,-1.69527948063996,-1.56126286159391,-2.56028517280126,-1.61688461071178,-3.23873886492739,-2.13441400362696,-1.52427893364824,-1.36260036408412
"Q86UN3",-2.01961835533762,-1.34438556355153,-1.77327194944956,-0.427893346955649,-0.839088696395534,-2.26442042980194,-3.55269250073923,-0.39301137393034,-0.216604975319383,-1.84468181019877,-2.71950430847972,-3.60113811002531,-2.53471097709733,-3.23888312179879,NA,-3.04340118301847,-4.75648962582215,NA
"Q86UP2",-1.20589490920412,-0.842744800730362,-0.676235507932172,-1.26362335942455,-1.12570837378204,-0.970156137284766,-1.12396402730312,-1.60621727998673,-0.96542899223383,0.164577591282622,-0.00361539594867644,0.062738060306966,-0.0153232070178859,0.13986296002569,0.0225996878521091,0.00782762061434816,-0.124538771796812,-0.253690425657934
"Q86UX2",-1.62092946393798,-1.82900578684515,-2.44687926032017,-1.2802449043201,-1.55896788239027,-2.33478510709056,-2.40553939065124,-0.83241581841856,-2.86945740446682,-1.45665313349657,-1.88633403756065,-2.39225751807962,-1.7889031191705,-1.45915079923838,-0.440017115810894,-0.700955940264598,-1.22412394110009,-2.78309474748554
"Q86UX7",1.28726906962172,1.20855819756668,0.327284477354155,1.01293000319547,1.02443194928391,0.920578868932459,1.05197110037028,1.08917458463359,1.1928076117113,0.373669745944763,0.551443759284085,0.15471635501142,0.0419336679392242,0.544163522463602,0.662646055875816,0.652539245949047,0.335994446258894,0.146888650667023
"Q86V81",-0.692655336249716,-1.70589146806768,0.126679826802313,-0.176669373102275,-1.04560929684961,-0.759376859766651,-0.479529149044978,-0.316897967739379,-1.15441179702346,0.878073710246905,0.43845526516701,0.619812139656295,0.140740746416066,0.197231275736796,0.490244384173886,0.258884405263879,0.0406091946133564,0.388676111115137
"Q86VB7",0.350417969171948,0.782725507335686,-0.355375792036697,0.815061962704386,0.543465374570902,0.379734406294986,-0.0120391741327097,0.854390969760143,0.359022304591797,0.366911073789588,-0.159077517866816,-0.482621533474433,-1.03556888947809,-0.350315438055166,-0.206083806097785,0.500182639414517,-0.0906319269395475,-0.152009338488149
"Q86VM9",NA,NA,-3.10893596384054,-2.49652831539211,-4.40933180262742,-2.16891714122296,-3.46239040030956,NA,-2.39595796420065,-1.56383277822714,-2.15261990857785,-2.41450439698179,-1.76771490166602,-1.73527465032608,-2.22657570199672,-2.68678265386623,-1.95492080107289,-1.41471280675412
"Q86VP6",1.48491834114114,1.4787063636052,1.30645168707177,1.50421434438305,1.32509927709407,1.34049867470585,1.42071289612305,1.43806141296525,1.54836197362554,2.28650706345702,2.29588523092499,2.00417309755075,1.76502057824711,2.07765165998487,2.03585112633466,2.09931000066438,1.72426002953227,1.37054864205994
"Q86VR8",0.253388135953024,0.50060560895311,0.318651629105,0.0130807735825513,0.677194066340615,-0.120307330456255,-0.102029326239849,0.147929698064994,0.293559199953819,-1.55693531999216,-0.942564463452008,-1.32792745819001,-0.473793040916731,-0.535043076772,-1.1968698455691,-0.905735608640236,-1.00951622416082,-1.04205277116581
"Q86VZ4",-0.871176580224119,-0.204769463710006,-0.445893040698667,-0.925824976600447,-1.13534532369299,-0.349621135412383,-0.392805623593381,-0.0889213178501151,-0.340342807787524,-1.64138537727373,-1.76417607309365,-1.01413889544151,-0.554394418025206,-1.06407872548641,-1.6486319295586,-1.42340476975966,-0.954331488733278,-0.294855790823563
"Q86WI1",-1.30428637340756,-2.48340420630215,-2.90795539803837,-3.998062141689,-3.01120096448055,-0.6579452965376,NA,-1.014489796728,-1.08196666340012,-3.44173490747296,-1.87732841998553,-1.58505054084459,-2.94979321749559,-2.08131489597808,-1.87361075290696,NA,-2.02371868472512,NA
"Q86WR0",NA,NA,NA,NA,NA,NA,-3.02890696041457,NA,NA,-2.65169825479783,-2.77220477542475,-2.51662227428133,-2.52477011221908,-2.05681261832381,-2.33785390843912,-1.83363021080667,-1.80646190253698,-2.88581414640455
"Q86X29",-0.648750943710417,-0.712116788214529,-0.50222669389679,-0.507351142295471,-0.326264380322808,-0.777208120561273,-0.823156617757774,-0.482031012011856,-1.09640711230675,-2.62048152052289,-2.27926543483791,-2.29177793411502,-2.46136593151515,-3.31170279624738,-4.98940555391214,-2.45697674609676,-3.07183482154356,-2.64182260096577
"Q86X52",-6.07466877134713,-4.45992086489587,-1.37287357251245,NA,NA,NA,NA,NA,-3.30663870767071,NA,-2.49477165956802,-5.0890277664096,NA,-4.55755468551804,NA,NA,NA,-2.91051142301511
"Q86X55",NA,-4.99389858875172,-3.33003939094418,-2.43312536339262,NA,-4.20499746416603,NA,-3.68305673034481,NA,-2.05307361221076,-3.03611026683381,-3.56877640685682,-3.2618552246758,-4.04090491322366,NA,-2.19480307207598,-3.01109370795052,-3.27912215385424
"Q86X76",-2.14823709358491,-1.44946906991087,-2.15947821049761,-1.88797176931419,-1.85141638911196,-2.79856426724552,-1.52765301316405,NA,-2.43977336115245,-1.1849535276729,-0.774479309470086,-0.636966830189917,-0.830713802902307,-0.904999886852616,-0.310899048778236,-1.12732490719113,-0.706563382947805,-0.922754496182782
"Q86XH1",0.28315542979548,0.832063238586665,-0.31861031240399,-0.889640331353769,1.11581894828607,0.719500066853103,0.132521863036828,0.752972300681055,0.686744205146386,0.621911199737267,-0.268139415256101,-0.273229193706552,0.0760183405312436,-0.800982479008682,0.00258990153080774,0.29119522602624,0.625444172033994,0.372880675653834
"Q86XP3",-2.25195033072024,-3.37144739224572,-2.39747956812153,-2.60061811720313,-3.00949052993557,-2.30691643036711,-2.68983068739492,-2.59177087380435,-2.44098029034936,-2.11940368025882,-1.71397190299875,-2.12336228878297,-1.80837557438396,-2.72499031960327,-1.83689325655473,-2.54748934326784,-2.12150170936796,-1.9162839308016
"Q86XX4",1.43731743060596,1.55307220420561,1.67895754195374,1.48523914157364,1.43692121101219,1.38214973743061,1.68118400810939,0.65720989830178,1.61460855528041,0.219080288871915,0.412279571768698,0.375078405045739,0.227633073338922,0.156439517619841,-0.265433225115851,-0.484540768808154,0.0948550670849286,0.295560141676983
"Q86Y46",0.325664213138916,0.809766106450782,2.75105912555634,1.39277355787399,1.61868895712176,0.765268605072936,0.474772105161007,2.04359605814091,0.500435272964072,0.735706531027022,0.682734393244001,0.531050466804336,0.880419828857415,1.44055874895172,2.7949424429051,0.369147835510017,-0.22739381503372,0.821681790264726
"Q86Y82",-4.45484612055843,-3.14302200219327,-2.45687524321984,-2.60273098980254,NA,-2.67248829767393,-1.51293711106624,-1.21409871128577,NA,-2.32321260217027,-2.09121192863611,-2.16582528109366,-2.80509859386409,-3.79013723231675,-1.95291361642283,-4.45897458399096,-1.92302501025233,-2.22788546463066
"Q86YZ3",-2.90756129472943,-1.58134039948713,-0.0522696090057284,-1.23761201626815,-0.850185044262068,-2.42465160152726,-1.27203007105403,-0.570980500781641,-3.06822312430409,-1.92662663876257,-1.70638918640443,-3.03724583374992,-1.89318266732244,-2.12041888557652,0.157602297248223,-1.6628435661436,-2.72159935090589,-3.70583964703009
"Q8IUE6",0.368571301788512,-1.96094712615526,0.64156410029503,-0.491072465824006,-1.22029715933299,-0.409234500121162,0.421379263871101,-0.46394887137939,0.082456496531254,0.128455675721233,-0.308179594860981,1.03222014566759,-0.553791418014858,0.011879999268297,0.161553689991376,-1.62108423139398,-0.198254105711666,-0.0179822769059399
"Q8IUL8",0.672999160272422,0.425711059711199,0.21641082144299,0.366173791771423,0.239830510827284,0.253594905017884,-0.447940667481159,0.4056330510947,0.224020407891727,-0.603754365467054,-0.443610256448766,-0.530425578122299,-0.837735035012474,-0.20376655643522,-0.211483185776336,-0.118612009566903,-0.212203885346728,-0.0534270848136771
"Q8IV08",1.45343528940701,1.5317975219698,1.72305961590116,1.69990835813807,1.83495425282863,1.67565121867076,1.87394490993729,1.96775571819303,2.03837056826274,2.48966964175051,2.77746279596537,2.54161977124446,2.92027420317532,2.8175230880811,2.56868162426707,2.39556885102031,2.81111751165156,2.79466964801424
"Q8IVF2",NA,NA,NA,NA,-4.39067236894986,-2.96255140519566,NA,NA,-2.55454571789546,-4.37584791441463,NA,NA,NA,NA,-3.69562245005842,NA,NA,-3.2954222834207
"Q8IWC1",5.49143919638253,5.13433112058722,5.18012181524549,5.22881609455623,5.37252703365086,5.4579875103347,5.06137983885991,5.79020531783921,5.30356877712355,4.42194924922625,5.1158812755064,4.52779978561604,14.609848643531,5.36943936089012,5.19773340684406,4.84511038279379,4.82169811889944,4.64082326811701
"Q8IWE2",-3.82591945934935,NA,-3.64893638632131,-2.90309709590717,-5.26925602464865,-2.83184956154026,-3.48291980269168,-1.77552085965035,NA,-2.30801480683106,-2.17433269303787,-2.67784831159492,-1.53399996530373,-2.69961754969142,-2.19060792468041,-2.73691533377405,-2.72247381572366,-2.23195191710145
"Q8IWK6",-1.57101881459621,-1.40570064042002,-1.17980633239113,-1.72738527289497,-0.634230943545824,-2.7697901779125,-0.987619050445068,-1.62611599536144,-1.17644185794909,-2.11920868976592,-1.31042503299744,-1.66943996705153,-1.8235605625793,-1.78827029426825,-1.93055435389512,-2.83708910964585,-2.19223668034043,-2.16240819802186
"Q8IWX8",-3.50954255525719,NA,-3.10266600427162,-2.94479496442831,-2.40354389856775,NA,NA,-2.8914563403513,NA,-2.59209335879457,-2.24550557323196,-2.12596682747711,-3.31694477754278,-2.83576869702413,-2.63450634951176,-3.49304769401601,-2.95359372487707,-3.40433276286318
"Q8IXL6",1.76056799724671,1.61690302364626,2.05356510590912,1.60806012460151,1.8999167254739,1.2428997817666,2.23922478046412,2.12903839758069,2.04406067359375,-0.142766476911326,-0.185793921371189,-0.752623719621848,-0.130638384682909,0.100262940601251,-0.220774828751194,-0.412186685438821,-0.449872992060101,-0.299867142820466
"Q8IY67",-2.36682791809201,NA,-4.2762113887405,NA,NA,-3.53482553928399,-4.79505218935537,-3.52595010560543,NA,-3.60731465161835,-3.62407483243557,-4.10383429737352,-4.17874702775134,-4.45063116264199,-4.32322737846633,-2.75095219847506,-3.21520389727356,-3.06141523940725
"Q8IYB3",NA,NA,-3.06362579246653,NA,-4.02515076616166,-4.48108772121665,-3.80985872261557,-5.63814947308416,NA,-4.20525200799361,-5.37831500626608,-2.76516519431102,-2.90173252517659,-4.8306170964625,-5.14973558870642,-3.92630379900861,NA,NA
"Q8IYD1",-5.35684595214579,-2.89883444245705,-2.56193015015214,NA,-4.44930506524146,-1.67527105017474,-2.30848625850923,-2.28931798358517,-3.32763189827093,-2.43650912484985,-2.44232959344211,-1.82110630357717,-2.57566511883583,-2.31778174534656,-1.96636431768031,NA,-3.19787355242228,-2.51829363468401
"Q8IYD8",6.21965607548772,6.33102436744798,5.53526315028868,6.16725049881062,6.10115832830592,6.27781820127967,5.9504187029631,6.30857000561481,6.13477475574111,5.97432752353364,5.34901283164814,5.45193164066456,5.40908948638009,5.49327860074178,5.47506675899752,5.84343841286089,5.72316340623043,5.76434910429089
"Q8IYJ2",0.406507590442333,0.340453205016196,0.297829524701811,0.795112127360877,0.783093156458087,0.904250468420361,0.569889889509012,0.488517725248803,0.649222073149557,1.59611221182337,1.31121891876294,1.28077157617847,1.39213729934428,1.48606027855468,1.18822920875723,1.00410263968237,1.02180655888564,1.00046083679266
"Q8IZ83",-2.07932495398347,-2.11595852090636,-1.69070530011536,-1.27713045845914,-2.65195389725085,-2.17662068371569,-1.20258319688401,-1.75960941935652,-1.84404348684489,-1.17748295713768,-0.886521837852388,-1.18089168530742,-1.67432201331391,-1.17852677603149,-1.40008391916207,-1.98096050965123,-1.90699475972389,-1.56455394161059
"Q8IZA0",1.08295721067299,0.840769472559275,1.66963241917047,1.02072490084816,1.47451738846633,1.13194977004668,1.10931064247355,1.03178907178152,0.993836034145803,0.482281696751553,0.268286082680035,0.572186152044138,0.547449330152414,0.761075653703456,0.70521389190219,0.0790838982148703,0.892862850840508,0.61511243533279
"Q8IZF2",-0.342976971490728,-0.121157152482802,-0.215964035512,-0.597695781465684,-0.0940810342692711,-1.37918510248553,-0.169543004397202,-0.176854851943936,-0.433105807790653,-2.49131484718528,-2.03145446006587,-1.59358522553474,-2.0735303524207,-2.90456440062097,-1.98314184940685,-3.21030167066677,-2.77239054700009,-2.34730619103799
"Q8IZP0",-2.7787233276573,NA,-1.42939130324361,-1.77531683031064,-1.81633980801242,-1.31695676791782,NA,NA,NA,-2.14530843231719,-1.83306345628881,-1.13628676792568,-1.12019877650665,-1.71496611327976,-1.11684933686546,-1.62823806634627,NA,-0.726422844377792
"Q8N0V5",2.41963145792252,2.72287422349395,2.84774039757224,2.86422124363349,2.69171513784155,2.36443604570096,2.76488672433124,2.53178370347104,2.7719757835092,0.853232107122516,1.0767923863021,1.13988231132678,1.50927115336826,1.30422064129674,0.970988437428032,1.36290523590928,1.50575173533407,1.48569798261201
"Q8N0Y7",-1.47447649837661,-0.998852100992378,-1.56753272055654,-1.35603397940302,-1.82677625453172,-2.98983371322176,-1.86485431718715,-1.76306023691772,-1.59065705128162,-1.45508508055916,-2.38459979573658,-2.68978087890986,-2.58967376898375,-1.49660092379111,-1.58728383793025,-1.2735052015817,-1.9465362117089,-2.61120606139989
"Q8N114",3.78483339227112,3.93503560694106,4.55099816942126,3.82416495493801,3.91835802937083,3.77730953355837,4.25929186241578,3.415608199265,4.29113187876195,2.11157258073773,2.80013099062798,3.1016989717571,3.11076651942101,3.15532125182947,2.44252079187567,2.32230881418456,2.40893942820374,2.99559040092966
"Q8N163",-1.92821892665334,-2.10671863102929,-2.15459300860299,-2.12892626079385,-1.93462499123515,-1.43190868284277,-1.98867055928667,-1.99223613493074,-2.39940757434677,-1.90490386069241,-1.24064430786679,-1.29289176146627,-1.42494533790941,-1.74287270358856,-2.19179943349532,-1.59643978668514,-2.11809984422905,-1.21478914438883
"Q8N1G4",-2.344099176997,-3.13927815432697,-1.80343057705814,-1.20136856526463,-1.89014925871436,-1.35375617277588,-2.37268718726951,-2.86807583974739,-2.32435236795842,-1.18880919093798,-0.843066319975689,-0.588560013937581,-0.679497420294647,-0.89585103196708,-0.798246186436964,-1.0097771671521,-0.479019303368059,-1.249671869592
"Q8N1N4",-2.84805323709618,-2.31108999382056,-0.43962566386526,-1.48755008805096,-2.86946582544181,-2.56214975958629,-1.52245349591535,-1.61962921198881,-2.64840640144266,-3.53983961774314,-3.59729566501575,-3.09383645337051,-2.22572843767206,NA,-1.04269305026765,-3.001838353859,-3.23566527567837,-2.75360941649734
"Q8N1Q1",-1.914153146726,-0.95672373570426,-1.28962979106839,-1.67743712710886,-1.37919327549477,-0.91436206165898,-1.4341422812396,-2.7006716548134,-1.14976066901801,-1.0046726592971,-1.40583499119351,-0.724526408495818,-0.789193463491672,-0.916195542595005,-1.2971567304772,-2.09202900382273,-0.913881095556492,-1.1188835839558
"Q8N2Q7",-0.776988292079208,-0.952696852463538,-0.211141078593789,-0.259797944572735,-0.577452980948154,-1.10874488414698,-0.389263242637153,-0.232874081292065,-0.328000707641078,NA,-2.2221280633091,-1.40375130286745,-1.65772930345821,-1.45144125628645,-1.50093137431155,NA,-1.06107040042513,-1.91787258955748
"Q8N2S1",2.7704603790301,2.70124582545654,3.17647345491291,2.37300848686647,2.63186635505776,2.63837403012273,2.75334149401558,2.01993927096168,2.88218804761561,2.79570985218242,2.47938037331516,2.47961660464237,1.72982736317583,1.44125887752236,2.25240759584108,2.0869317136311,1.42205340810883,1.37751471494875
"Q8N2W9",-1.81239375534735,-1.72560387055814,-2.61976412303037,-1.00665799795271,-0.58694241306309,-1.22395681685709,-1.63883238256325,-1.68426509068116,-2.04795453247031,-0.622310364163637,-1.59910055000827,-0.504627104495024,-1.06186829296564,-1.43051834272239,-1.78550396686331,-1.25698842883581,-1.44551749206764,-0.920812699677137
"Q8N335",NA,NA,-2.4911683293184,NA,NA,NA,NA,NA,-2.74788489505456,NA,-2.20222793155491,NA,-2.54166449382637,NA,-3.60859690081376,-3.26646426160047,-2.14279882104102,-2.50713132198796
"Q8N392",NA,NA,-3.07983124718431,NA,-4.01951911918133,NA,NA,NA,NA,-2.92770387576705,-2.7747666750297,-2.18706427304145,-2.32120035207639,-1.71965653252537,-2.54436539107484,-2.02173468445652,-1.59991879287186,-3.03078464931848
"Q8N3G9",NA,NA,NA,NA,NA,NA,-2.99925621681942,NA,NA,NA,NA,NA,NA,NA,NA,NA,NA,NA
"Q8N3U4;Q8WVM7",NA,NA,-5.94951545487797,NA,NA,NA,NA,NA,NA,NA,-4.40139501060223,-4.36468443620022,-3.4003686735143,-4.85361887122331,NA,-4.6089748306993,-4.45026523713174,NA
"Q8N441",-0.921917456152601,-1.06940844450046,-0.753825278276585,-0.203348672071733,-0.919121121187072,-1.11911026580492,-0.366270578766896,-0.577745232104672,-0.390451168706948,-2.25339110799619,-1.71529849098963,-1.59310869734869,-1.62539980231469,-1.47551145627093,-1.4440433695159,-2.16581727097708,-1.77895567811377,-1.35205506624739
"Q8N4A0",0.940540155098127,1.35302966124257,1.56419875640823,1.11907562196603,1.16527736957192,1.01007448272554,1.51265299022671,1.10027800160232,1.36155689194735,-0.664163788607536,-0.369339341226278,-0.114514591857988,-0.333453374744229,-0.499309249070039,-0.942903927051812,-1.11578531467489,-0.443320618097005,-0.248214675581952
"Q8N4Q1",NA,-2.13359831092685,NA,-2.09311675743464,-1.62246187361518,-1.35351616993806,-1.08860116619893,NA,-1.38613004829827,-1.17735260654783,-0.445241513383813,-0.407600077315139,-1.11394750727866,-1.22909113380416,-2.62412278120714,-1.66752066782704,-1.45001809347347,-0.861628446105353
"Q8N6G5",-2.14393322965017,-1.53860971464294,-2.0072340095258,-1.46946685782174,-1.59331316984391,-1.72038712631511,-1.73682011624284,-1.55245443318222,-1.35119056629607,-2.97807374597945,-3.05866961969945,-2.84726833315274,-2.28891816079055,-2.78987959981354,-3.26915559862304,-3.24062164296366,-2.97366876195143,-2.56050882215786
"Q8N6G6",0.270243196405804,-0.05189030475184,0.627252575184036,0.130898891041831,0.525676748868682,-0.167971032070971,0.408358402961563,0.665468901544761,0.44558137520475,-0.560169743897687,-0.578722607603919,-0.340583851253601,-0.650462210839652,-0.8998771194274,-0.494204141125745,-1.5940448824195,-1.08049778744537,-0.985712074403367
"Q8N6M0",NA,NA,NA,NA,-1.85781862552019,-3.74950002324332,-3.312810030335,NA,NA,-2.39606654581083,-2.21978731939033,-2.60471136786095,-3.11139014974957,-3.27831696954687,-2.8885095319505,-2.15467716783173,-3.20467998038687,NA
"Q8N6T3",NA,-2.73769485830826,-3.28931090286971,NA,NA,NA,NA,NA,-2.02842702568536,NA,-5.35500798421507,-2.4309123414799,-2.93350189745403,-2.59332220753542,-1.91797976512123,-3.89573618490604,NA,-4.11230445482049
"Q8N884",2.52027388102996,2.59773495156275,2.04082154667801,1.75553715720137,2.09803101587318,2.55860754180596,2.47248445400634,2.68568154583422,2.40057599016747,1.84487799777575,2.18229247070004,1.88612127464793,1.95926317150751,2.46223800966776,2.3052501129917,1.88197611627896,2.47149295612524,1.91319149015225
"Q8N8N7",-1.90099814403248,-1.41911550106564,-1.66043762273374,-1.74506550727682,-1.83646159834209,-2.48067786364133,-2.39356769256933,-1.48909267022423,-1.72883270067495,-0.680460323334517,-1.00432358305144,-0.748495538386588,-0.674119892150783,-0.618938477740119,-1.02934132833753,-1.0254173999008,-1.29096718270005,-0.648299152141171
"Q8N8Z6",NA,-3.71520821794365,NA,-2.69461721065012,-3.57784106743907,NA,NA,-4.31509036042215,NA,NA,NA,NA,-3.76586046388774,NA,NA,NA,NA,NA
"Q8N9N7",-4.03070373587496,NA,-2.29193312966898,NA,NA,-3.8800646127174,-2.91716117238151,NA,NA,-2.1671350904092,-2.75615816592279,-2.25897904019063,-2.74512296122075,-2.85040896030377,-2.66437002969939,-3.03053901023482,-3.43043284410873,NA
"Q8N9U0",0.878750694211783,0.441358021507218,0.33564606531843,0.197130834831832,0.64346833677029,NA,0.214756348511161,NA,0.874135309362195,-0.0801757584138976,-0.0588904703351538,0.0383585563008708,-0.191093348874261,0.537844128684686,0.602880855297489,0.0647350096099881,0.1503699850209,-0.178340064797434
"Q8NBF2",2.48417552590118,3.25436675248215,2.90765360083475,3.04024287786554,3.07773796350483,3.34439899711755,2.46620519572911,3.31063244094634,3.09388638286031,3.49822822420786,3.3273852963167,3.48341003506067,3.67859155648987,3.29152722419425,3.40724087456688,2.9556954525929,3.5805639589346,3.26210802774412
"Q8NBI6",-1.71803207291214,-2.71723975042396,-1.83680769741634,-1.26843030264313,-2.13110371263139,-1.80621965727227,-1.88786924091823,-2.22198441375733,-1.04358922663803,NA,-2.52986501645148,-2.62535212216488,-3.15385224514166,-3.16606315996095,-3.78824195883152,-4.74024575708702,NA,-3.39404060971953
"Q8NBJ4",3.37218429136395,3.38015422964361,3.63226993281935,3.72098073393915,3.55549556230085,3.36164778387347,3.69026793675657,3.61922128362666,3.6187356104908,2.24254269352302,2.56163771422238,2.49493440277687,2.7891813543341,2.81493063393966,2.39135100237261,2.31020307228044,2.65182559872954,2.81117554991644
"Q8NBJ5",-0.829936987135837,-0.649419999931717,-0.227035236631535,-0.792789563276,-1.13022520116897,-0.956076364395497,-0.470571428226338,-0.705362605879828,-0.424155847620153,-0.991378145213804,-0.686828350189977,-0.866639533685468,-0.491414290836377,-0.249096617459241,-0.345065383251574,-0.880377356148098,-0.127084351887696,-0.332485787477967
"Q8NBJ7",-2.64278927498564,-2.41187808842848,-2.18251685731374,-2.87226614221926,-1.75069320282232,-1.99625044808164,-2.77922472486556,-2.398943009314,-1.87179694440303,-2.28431308938469,-1.86173096492302,-2.02332593506633,-0.300128829577718,-0.698939065667339,-1.12956507291565,-0.558067276069118,-0.00503298870761171,-0.14944721750356
"Q8NBK3",-1.87297043912736,-1.00710022565614,-0.672445557205292,-0.626870988577575,-0.674373067367651,NA,-0.894428268730401,-0.181845069728404,-0.815328525460473,-3.32607951634047,-1.46991435528788,-3.38714778798444,-1.79241799492668,-1.19300434703191,-1.35123439487567,-1.70466207914528,-1.66622751210124,-0.893146811750786
"Q8NBM4",4.16973653755604,4.25672168694005,3.61638794662337,3.9582841885786,3.81546692087496,4.28234792556404,3.72142886635116,3.99775104669918,3.99876431655006,3.38924918844724,3.48795557892506,3.17570671949416,3.02618955754325,3.67805006963103,3.83226536746125,3.66958265106571,3.42508179263815,3.10934812000468
"Q8NBM8",-6.1461992374786,-1.14920565315036,-2.17504138133198,-1.8490417339698,NA,NA,-1.87057499819867,-2.56700392735842,-1.64519386383525,NA,-2.0826228527924,NA,NA,-2.7626752695991,-1.35292449451963,-2.0098530368295,-2.41770329464107,-2.12851117651828
"Q8NBP7",6.20685196884333,6.1733551757356,6.55451430422695,6.15822871466733,5.74037523082866,5.58524890686214,6.54347411661042,6.22818249512945,6.16808096223242,3.97372648161091,4.34699638738133,4.30818817925945,4.21421992365961,4.11721462548009,3.71772914672467,4.12142902663902,4.31608982437761,4.49463257215278
"Q8NBS9",1.14165527048461,1.06890103723107,1.73902647216145,1.42457025211999,1.25164735027187,0.41811980390214,1.39480283367716,1.31951516144434,1.08627773168361,1.47974626841682,1.50482623176979,1.77056740130589,1.75009552644399,1.51280337985056,1.58336194104015,1.81687830858188,1.74548674161198,1.77250534144327
"Q8NBZ7",1.37685233867073,1.66566420461506,1.91802992342102,1.17367602442273,1.03654051600211,1.10990939435595,1.42847084316465,1.63621724226868,1.50710857701442,0.187644273916392,-0.158728199442859,-0.65624000082469,-0.446584358748704,0.218478078053286,0.0884952878662606,0.0746538374507963,-0.158240725953588,-0.0300431262485805
"Q8NC51",0.440235871756945,0.181222021752269,0.781281897533697,0.387324584417668,0.622908125761073,0.770659484221829,0.37758426198717,0.108792917121386,-0.0380318952848135,1.0557843503627,1.19982273014158,1.1416781799111,0.980224498805164,0.990623533425319,0.801243391708953,0.483410945885273,0.725062119972256,0.894287034587288
"Q8NC54",0.126318429980889,0.771514921691974,0.45794422209357,0.369756635615316,0.456343962849402,0.429937021605499,0.215148081707884,0.107040194642034,-0.508866044937696,-1.1963572714571,-1.19749471422142,-1.52642258261588,-1.11887037775973,-1.2670716009705,NA,-1.09525426756285,0.270163213820927,-0.209311306618554
"Q8NCC3",2.18391398367351,2.14691822036433,2.20598284789633,2.08038984374203,2.09184433569335,1.78778957553777,2.23347146856373,1.92541636225718,2.08066760315584,1.00980736631827,1.53627798973801,1.26410567062915,1.82611904220975,2.16618350485312,1.56411897266914,1.79429858081699,1.76964826016217,1.91889239254846
"Q8NCH0",2.40229573556117,2.56248524529966,2.89416112783777,2.61991614707209,2.69632867786317,2.52085351410562,2.86726598852715,2.57227389540248,2.65827784108624,0.950219811443059,1.24891930116742,1.16184841996848,1.23356558222911,1.53471534721621,1.23370611289331,1.15011522304254,0.972925989241936,1.45473488459333
"Q8NCL4",1.62443258422086,1.55511506192411,1.90738175118974,1.66379448815317,1.58453141425839,1.38079456793316,1.83480865070349,1.67858043096352,1.30737189488784,0.03644881830391,0.473164757282891,0.40604159520764,0.460639221702538,0.32118556491384,0.198964758928295,-0.0803645100575618,0.117611142588373,0.533355287769368
"Q8NCW5",-0.376733822977998,-0.614238793085119,-0.626941664782765,-0.216147255391931,0.754633089318627,9.64771400897811,-0.44575347217155,0.163765587813582,-0.161316533139633,-0.681972289801591,-3.1871467261218,-0.863508561425105,-1.32412768744331,-0.407984057474217,-0.724975260061152,0.609210977672396,-0.825723079926699,-0.863961020851464
"Q8NE71",-1.76666280223893,-1.68038360443887,-1.14812070375051,-1.89194962013312,-1.62157867398323,-1.59696086767671,-1.72750626015536,-1.87417707606681,-1.28954069498028,-0.913790982702698,-1.15685802262376,-1.2103007295107,-1.62447839488373,-1.8955428090484,-1.26130242099657,-1.00851273901937,-1.65865475415503,-0.964403242009884
"Q8NES3",3.31416571609305,3.27706005757425,3.94793520902272,3.39313255609042,3.05947840791937,2.78672574801424,3.78031938409351,3.56474812725821,3.59057127426194,1.25120313600999,2.03252106389828,1.93695352841871,1.93587520221359,1.83278177749446,1.02223479563548,0.785527247570531,1.69903995907011,1.86042579480366
"Q8NFJ5",-0.779416651222791,-1.18470546084606,-1.25212505230015,-0.969941533911265,-0.696860859058107,-1.21508477018647,-0.683047809707175,-2.06750944534183,-0.463319521341012,-0.767839071993966,-1.96529881082303,-3.1801307975905,-3.07901951398342,-2.54522340804945,-1.71338807036853,-1.0580633188514,-2.24845174537071,-3.3881825181227
"Q8NFP9",3.55768194628023,3.43580926057014,2.35554053754335,3.45708316342054,4.12723613370827,4.00401313038359,3.08451458420793,3.16448381310146,3.11040014479551,2.56293123484989,2.33926501071942,2.13275431641465,1.82261865937833,2.97956433020165,2.17368590251046,2.69903226389134,2.39281179644355,2.0357708967647
"Q8NFQ8",-0.517948001279199,-1.9675615037228,-1.09566424619395,-0.452990100025209,-0.640164216123068,-0.545934231583049,-0.547464236334124,-1.89479643792174,-0.0499499522801141,-1.69530169573133,-2.01950990999987,-1.88985859429293,-0.989617446754929,-1.61969938071068,-1.6296869941197,-1.6618408098088,-0.959706658842024,-1.05411533364432
"Q8NFZ4",-0.0367572251332291,-0.442555736781877,-0.153967922295093,0.153754611172742,-0.265142952740701,-0.328993578412168,0.107898790421466,0.0355011116248871,0.163530196321876,-1.68368655547336,-1.44053289436073,-0.993358813863151,-1.2501261260205,-1.06686011186547,-1.25612318039595,-1.28865637978551,-0.685199423477422,-1.74971309925048
"Q8NFZ8",-2.66884464303738,-2.20759275225405,NA,-1.34313176412393,-1.71107778356736,-3.12408598842585,-2.06445753777003,-1.55760248926697,-2.08234196799119,-2.17247642019235,-2.53870453152772,-1.59784121607905,0.382757688877183,-0.655228158181088,-0.578615929078385,-0.0597627410760087,-1.53197550150173,-0.102759352963362
"Q8NHP8",2.67382786503867,2.32387339242143,2.72538476375373,2.66599401944591,2.68725036507631,2.47765187958297,2.71604551903292,2.81441744756252,2.71874718224745,2.5748699110669,2.98705270414732,2.57954273507922,3.09096240028701,3.07636716052572,2.80661184269075,3.18435034105116,3.29971938642278,3.12234073225942
"Q8NI22",0.267403245274522,0.338640609986804,0.642433007634164,-0.150754099644805,0.681878035502118,0.165689585788419,0.0870807290230093,0.375656732797868,0.662757506595039,-1.35118654451792,-1.44862414313404,-1.52991793368084,-0.916096368710464,-0.932481540337711,-1.34042771179877,-1.15728296290118,-0.702116962788979,-0.715019336789971
"Q8TAF8",3.24161813217095,3.4084070478536,1.1502308905602,3.20464209891904,2.86915763477883,3.10277491211548,2.80792237983307,3.26710913698596,3.27933666385028,2.86389625930868,1.81065332751153,1.69357051360667,1.29259625594723,1.52451079003991,2.17003555347831,3.01068538421826,2.0371834798248,1.66041868166826
"Q8TAT6",-1.70353896215999,-2.11445171129267,-1.26664411313623,-3.1695176105011,-2.54741794374519,-1.61710454187365,-2.20234606345679,-0.762976345385625,-1.91481754672188,-1.35957520469597,-0.919155968455635,-1.15119325091191,-0.715789950605232,-1.14720560149446,-1.06470865183624,-1.05511706062034,-1.36818396720852,-1.29423868331248
"Q8TB73",-0.672861740565124,-0.11937080900635,-0.0731577837067796,-0.929660362967869,-0.386721480729712,-0.528394510033484,-0.161980955342301,-1.13303984393577,-0.528487633165749,-1.28776985401082,-1.28925332898914,-1.24127524817204,0.377978968795396,0.529436103276549,0.105299601275828,-0.476589277102796,-0.233649250874819,-0.0187460398897112
"Q8TB96",-2.66606113509609,-2.77803177687144,-2.29766850338139,-1.97685687504877,-1.79345387038945,-2.39129494098476,-2.62820025278982,-1.60104372970104,-1.80238561742177,-2.50827020471916,-2.3047874948237,-2.12385215904522,-1.66583387237975,-1.65960786591863,-2.93821891907418,-3.74615796126874,-2.36553206948857,-1.81239562381105
"Q8TBC4",-1.84776406170572,-1.53521967647025,-1.09186146132137,-0.799716022335879,-1.60134065608139,-0.903395149942733,-1.83394915373457,-1.37995808001837,-0.855925446318693,0.0183584194434268,-0.129438332832883,0.09290170772144,0.0739030399240423,-0.392264255226738,-0.345001605986608,0.0776904268714933,-0.153989781938792,0.138201880677057
"Q8TBP5",-2.01375968522598,-3.59844729152437,-1.36448824116317,-3.62334358253195,-2.83426982358751,-1.5664071508287,-2.61253497025051,-1.93965120394543,-1.02087490586607,NA,-3.59423152082206,-3.33123714996496,-4.73891914277011,-1.94189268262505,NA,-2.64537055997474,NA,-3.29389780311378
"Q8TCA0",-1.8867716500503,-2.40476774275835,-3.34282692436682,-1.49158917586728,-3.31166604094347,-2.31779753766702,-3.73657213123419,-3.22550791923712,-1.7739967744119,-1.91140678479669,-3.07650208652204,-2.58774895940197,-3.44797213249933,-2.17175582360543,-2.63644482923802,-2.38434797600806,-2.61864287904288,-2.03720136242013
"Q8TCG1",0.734051910200261,0.461127253949273,-0.122305167740574,0.953348751740053,0.685679847579621,0.898227103220608,0.426787192665358,0.999033120467329,1.37827186001365,0.686281337541001,0.417657706309432,0.436030941566113,0.256914022229495,0.923833757164513,0.745111970092095,0.894491933848792,0.141619094298639,0.44464742785132
"Q8TCT8",NA,-2.91226895165559,-3.26045356171631,NA,-1.63817345879621,-1.36636844982112,-1.60582455966395,-2.77781300852076,-1.47060378403243,NA,-3.65617342672391,NA,NA,NA,NA,NA,NA,NA
"Q8TCZ2",-0.269431273395995,0.0095804584144954,-0.448117937726298,0.448657789007227,-0.562326837393853,-0.205224632536208,0.223929945934513,-0.210522619275473,0.72988922239036,0.00249441182295662,-0.791967790929141,-0.410309527385106,-1.0160659857116,-0.545167568875604,-1.02022265586776,-0.823201251565525,-0.991867587297255,-1.24200043319011
"Q8TD19",NA,NA,NA,NA,NA,NA,NA,NA,NA,-2.2837254724483,NA,-1.51519812925376,NA,-3.62051838858686,-1.78221214901744,NA,NA,-1.7717434916748
"Q8TDQ7",-1.96615972007668,-2.00662370157241,-1.89831038830581,-2.22425771825704,-2.36135884862457,-2.44273242426392,-1.91292263342543,-2.1128117233735,-1.48650036477353,-0.971625497009463,-1.06802898605505,-0.842687765318932,-1.33469158574142,-1.34208179376016,-1.60152872519752,-1.78885681777063,-1.93616008653521,-1.60955157369869
"Q8TE58",0.908629288560176,0.839281049540732,1.16256095156818,0.660931773412877,0.688764958941784,0.62397389112726,1.1169766870974,0.479728847476723,0.812240831813925,-1.39860575706121,-1.25287330802942,-1.4080223580195,-1.71886246137828,-2.10669081157651,-1.25466265618637,-1.34869597051241,-1.33722805657147,-2.07428141498364
"Q8TEA8",-0.349379747669969,-0.217557331712362,-0.594721444867425,-0.0592364596328832,-0.0830025517579198,-0.605914268201161,-0.0229286098582691,-0.317981763453528,-0.215844116518156,0.194741051586796,0.335263983595032,0.636246439963367,0.698302793514596,0.509819601509596,0.644724676534098,0.713198239110351,0.811085625124266,0.885192074353487
"Q8TEQ6",NA,NA,NA,-1.75087951844146,NA,NA,-4.81390016884713,NA,NA,NA,-4.41954448405411,-3.61121254173379,-2.5029511163964,-2.61419675212169,-3.00192655459935,NA,NA,-2.35584841929969
"Q8TER0",-2.19519194296605,-0.590291890832064,-0.840925804837076,-1.05307129350329,-1.44854603419555,-0.982661228901015,-0.819724098779377,-0.379004278346242,-0.957669561970159,-1.33577211193154,-0.621972896393206,-0.851671271525584,-1.06287422568969,-0.322793352706817,-0.553124374319403,-0.670932160225254,-1.17526887619543,-1.26088293355046
"Q8TEX9",-2.43012761569788,-2.81014647896939,-2.72955627481571,-1.75368187902248,NA,-1.77076729510453,NA,-1.72970198486295,-1.57741462940531,-1.99727446491471,-2.48798751294552,-2.39076217501004,-2.01873353428297,-2.35945325919023,-2.2697115145575,-1.79549772008345,-1.81464495624013,-4.06590870211315
"Q8WTS6",NA,NA,-1.27428608593986,-1.6369233036068,-1.0252236270974,-0.772960366281002,-2.05605932902755,NA,-1.31299719518754,-0.158950974750548,-0.603153721859898,-0.578233634687402,-0.743076490182601,-1.00311464856513,-0.460033959507691,-1.47276248303619,-0.571029807802934,-1.44836416754465
"Q8WUA2",NA,-3.09877059001405,-3.45950179785475,NA,NA,NA,-1.87909788504079,NA,-2.0502711612672,-2.8989898056169,-3.07225466282098,-3.04692999162624,-2.98336216582658,-2.85806907035099,-6.5113951992061,-2.81485923272345,-2.87746572644572,-3.0770679692399
"Q8WUJ3",0.630263514381857,0.689340241259735,0.517237449851866,-0.146598977254623,-0.0103031580468276,-0.081766582483862,0.42202764100163,0.277316478726441,0.372685487070946,-2.12857082076243,-1.46604719730073,-2.40447289454506,-3.41945437047978,-2.93625228332973,-2.99629781322592,-2.80445228797166,-3.83262809475064,-2.78658097644293
"Q8WUM4",0.527715195814702,0.692861789745431,1.07211109502076,0.84242201429354,0.961474147442228,1.18911299281323,1.03604930035696,0.473289878912889,0.810427058405709,2.04277624905544,1.71730902530543,1.87493545898268,1.69617653730742,1.79822465708499,1.88361359481119,1.8524073161115,1.748105323664,1.74660493551985
"Q8WUW1",-2.24492219761802,-1.83353112727451,-2.05938988123601,-2.25075754273251,-2.49209895762112,-2.46802813175667,-1.99586567147312,-2.90792875483913,-2.18502712819014,-1.55677650372388,-1.71253752392845,-1.35728827845021,-1.29042470699367,-1.32682638220591,-1.39017271326617,-1.58359307776867,-1.48255944922465,-1.60311948544716
"Q8WV24",NA,-2.62795927511351,-2.48985372452308,-3.01101996635351,-2.1567988685753,NA,NA,NA,NA,-3.03621295291797,-3.34357699868962,-1.95596656016764,NA,-3.08881836584907,-2.30533869367714,NA,-2.37903928068955,-1.8354033598816
"Q8WVJ2",-2.38925379584396,-2.29074574700803,-1.79173002569598,-5.68789518521018,-2.02129776693102,-3.43628420615479,-1.16049159989322,-3.63378384305848,NA,-1.13050911164104,-1.78768769164678,-1.03557425645501,-1.54608719463733,-1.6472486212407,-0.844592019539728,-0.520493273837401,-0.859557562734805,-2.34293156016758
"Q8WVM8",-1.96082587981334,-2.45217108616366,-1.66618839347371,-2.88489300198477,-2.42125692384567,-3.20261163210916,-1.86278594973695,-2.44701532547152,-1.99896997748209,-0.575405868152433,-0.511544949301825,-0.582548421592501,-0.614465555305377,-0.616053561890757,-0.615773827712313,-0.56021269782241,-0.625947017906542,-0.335991457356297
"Q8WVN6",1.81193271646216,1.96981467787832,2.66838437822999,2.18243859798092,1.84001101317586,2.13250130607494,2.27952529326714,2.37076212180044,2.50939753254039,0.655062655370685,0.800796452067333,0.800541936467811,0.341513040704811,0.437821866268402,0.165701852528827,-0.523488210353058,0.0920767198086345,0.5100052740297
"Q8WVQ1",3.17690744364107,3.30876987955839,3.42361619550395,3.59771985306628,3.4357422040171,3.21762777062905,3.70518634579494,3.57945047866329,3.54634897258286,1.7411007828561,2.18492933936988,2.15739519638872,2.23842165437082,2.4542868851524,2.02745603678745,2.14220834796846,2.41356935769768,2.27704665798998
"Q8WVV4",NA,NA,-1.86749810834627,NA,-4.31120719626309,NA,-4.89530236893664,NA,NA,NA,NA,NA,NA,NA,NA,NA,NA,NA
"Q8WVY7",-0.647862572173165,-0.0110552517773268,-0.0655283185488216,-0.109250633279654,0.0530842059417775,0.0632910882750188,-0.261414619227738,-0.207800044780445,-0.0150663706694729,0.458250579267967,0.861878684651899,0.898221988314768,1.01448435921274,0.929826906242015,0.784936351966822,0.477240132119283,1.36104476472965,0.976620112602179
"Q8WW12",-2.47264911516914,-3.26678001003701,-2.45513232409007,-4.66168669745679,-3.1900503053759,-2.63502261666344,-1.76680187565636,-3.19866254382106,-2.67086508542028,-1.22112590144142,-1.63876972462196,-1.94869077502197,-2.1948820212299,-1.62680124225765,-3.29569224435862,-1.80086790792562,-3.09001243888265,-2.45230395668782
"Q8WWI1",NA,-2.9665322667951,-2.49981423049063,NA,-1.94199210181435,-1.82559428869402,-3.89899865441154,NA,-4.10350353039887,-1.67655583886737,-2.82850696244602,-1.94431223314586,-2.22764108838746,-2.90466049834525,-2.52329575228626,-2.13691658410926,-1.69310194279892,-2.13274919223944
"Q8WWM7",NA,NA,NA,-4.08877743845636,NA,NA,NA,NA,NA,-2.8170884391181,-3.45693323013974,-2.69230313443917,NA,-2.90001358530398,-3.19635355212893,NA,-3.03383654926267,-7.81977979230335
"Q8WWY8",-1.21404311453924,-1.29698644431738,-1.3613198136336,-1.29360858395239,-1.05856517668728,-1.58933093841407,-0.53706584863972,-1.28259409342157,-1.35851156753941,-2.44914928373834,-3.5768343958759,-3.63168002273541,-4.17201799983586,-3.48872679314471,-3.65193582611859,-2.90687935800192,NA,NA
"Q8WWZ8",0.975238873170428,0.503011017392332,0.143697386170214,0.431405697438038,0.633651437049668,-0.134402386601773,0.795721486146117,0.621479752734663,0.957674703840523,0.521615147854638,0.338002313564353,0.476147056091026,-0.00475991336403148,0.823693162461405,0.824910590500059,0.432493546668853,0.808476690754338,-0.60848377069752
"Q8WX77",3.8241825131727,3.62747470572558,3.91780508074145,3.76423411357255,3.74193449603768,3.43877618065469,3.86816922265874,3.43795975120954,3.63879072203426,1.68642068260625,2.11712764247858,2.17632166087706,2.40447942130094,2.18103864657862,1.67556419801903,2.00902284115216,2.24526313893232,2.19700311066475
"Q8WXF1",-2.31000853345403,-2.25573869297978,-1.66877175199747,-1.68971937514178,-1.81494729807744,-3.26894894199063,-2.14895885568612,-3.10736670746434,-2.16729272690953,-0.545675922950246,-1.6169339426498,-0.981685906143908,-1.31211279054595,-1.93114147160429,-1.1254736282659,-2.12494216052504,-1.44351885507018,-2.71471848456552
"Q8WXX5",0.21161224728316,0.409886343349271,0.447220021479218,0.500033427354872,0.223307038845512,0.395409559448989,0.238040560765983,0.340251927850037,0.438884622286368,0.681109957289303,0.405360957265824,0.625329821841438,0.695007193204983,0.726080309264969,0.485617282896809,0.287658751717171,0.641585696038469,0.738366447309712
"Q8WYA6",-3.78228548308368,NA,-3.12297583170917,NA,-3.33298531894363,NA,-3.92522434632771,NA,NA,-1.56212619742485,-2.20087879908496,-2.17885396504329,-2.3124385652713,-2.92937002067573,-1.82578535811437,-2.63930202137738,-2.36781834242318,-1.52830707030981
"Q8WZ42",5.3024889177333,5.57424920166481,4.26200587260558,5.31478632550772,4.98492122979206,5.27469406391911,4.91249056283106,5.43320072917345,5.19471391981657,4.90385344799147,4.78684100289335,4.53587260581076,4.66507862096827,4.83605419694335,4.86933702637081,5.06004869123597,4.76871335126035,4.82283838321935
"Q8WZ75",2.41993873935603,2.36475847719986,2.7140869614252,2.40258902548396,2.56869460855589,2.32657067636214,2.34324124764358,2.46642150684277,2.51967333195403,-0.348790969805661,0.493545163366084,0.294071392536193,0.422459594895848,0.367975917397082,-0.172932392528807,0.0410483645561488,0.150990858003199,0.20846073855212
"Q8WZ82",NA,NA,-1.46663144981461,-2.98898314266003,NA,NA,NA,NA,NA,-2.73352171341524,-1.47848644138127,-1.04507045548641,-2.01769108971453,-1.25760566445278,-1.86052741543833,-1.76130250272815,-1.13502878141852,-0.736563952519644
"Q8WZA0",-1.93850204290816,-1.41098092664067,-1.34062932093122,-1.66073979232586,-2.10786970804141,-1.740228878204,-1.55841317189571,-1.91010012167518,-1.59801009865771,-1.35270043971282,-1.85007688153832,-1.33738292709162,-1.35740397607917,-1.31914595975875,-1.80727102237992,-1.73749263535316,-1.41768288303838,-1.05188909731375
"Q8WZA1",0.488393181717614,0.9638824201815,0.955940219578885,1.13463360191217,1.07478062823249,0.241676578753443,1.16994528034154,0.944328447761212,1.08882733858857,-0.372135985336733,0.228880166776351,-0.0183563088723719,-0.188442864084116,-0.0741014725836422,-0.279316724690407,-0.348760298836099,-0.16898084313844,-0.0465440451269465
"Q8WZA9",-1.71208848626762,-1.57260587199812,-1.72403875292,-1.42088443590639,-1.43640122435335,-1.20949647010596,-0.851782903205986,-1.61233630579905,-1.30675921623235,-0.945725581777662,-0.730332884590221,-0.490569761436447,-0.731758522700273,-0.665222203392238,-1.03613238468168,-0.951590011663433,-1.19272264465754,-0.590349965933237
"Q92187",0.837232230664876,0.995318826766226,1.01537808200698,1.39990234878761,1.01617840309129,0.884367986624767,1.25340575583677,1.30241518942651,1.37288348838126,-0.594754391384174,-0.0271234019513411,-0.369467634545107,0.27764469207634,0.501204053920121,0.046986259151538,0.0272844474400795,0.0645539514807183,-0.105279118616302
"Q92484",-0.545179927029867,-0.659610658050553,-0.285927205836018,-0.458359559463341,-0.57752669162926,-0.986486020360081,-0.57902021749938,-0.365059026145099,-0.722137816214145,-0.708049469107258,-0.199733150835906,-0.380377292411143,-0.289680805785151,0.030061322822533,-0.496974987399579,-1.17164846397608,-0.395407253734385,-0.637398809401462
"Q92499",-1.05892247672011,-0.870400358164995,-0.677050603747207,-0.509873552799842,-1.24075014230755,-1.30106579928782,-0.688934106588399,-1.19938587568712,-0.481956129551785,0.173694851966209,0.160923238958215,-0.0514250818314501,0.51360522637593,0.311312276037571,0.253896514920449,0.2764741597453,0.140641203094518,0.150137948323048
"Q92520",3.24768863869799,3.2935027935817,3.34427561329191,3.46173882588186,3.38997224637904,3.15526431960033,3.48815144653621,3.32509496210974,3.58934731346175,2.22010126213367,2.36569689564281,2.38900934010428,2.43474430651947,2.23965040043463,2.0652675298477,2.27681427422754,2.31055830510516,2.36763687017396
"Q92542",0.550780466052261,1.17312617821008,0.635105601951174,1.5348442050552,1.70072895934633,1.19799370800363,1.39793716001889,1.86293795892689,1.73511156244055,0.178540330639597,0.150559391433314,0.165865172080238,-0.0447374486602978,-0.177362024528634,-0.0553385146651468,0.122697656408263,0.021726808972808,0.131297454954744
"Q92597",-2.08499203134111,-2.71268983388747,-1.82256236082502,-2.80799615635761,-2.1984255837222,-2.4176528378552,-2.17045918123202,-3.2423840108176,-2.11094470216356,-0.647992529723966,-1.31145219913513,-0.88775123237062,-0.674580817122301,-0.982332137999619,-1.16880694947519,-1.45008685640154,-1.07351530457865,-1.27584267653492
"Q92598",1.00604866576069,1.17789515007018,1.37705432378399,1.00563753230512,0.685098900037257,0.981622995209342,0.890822378495063,1.29651332032877,1.0293422845219,1.73094994006293,1.32275549829733,1.19643691014215,1.47413045108409,1.32789072206942,1.42738025959805,1.47020478498765,1.29591837917025,1.37450947372683
"Q92616",-3.37008938880721,-2.73428172190284,-2.78515783906377,NA,-3.51138098278916,-3.18835093473528,NA,-3.25847980577877,-2.58512186533622,-2.83885730489381,-3.08710280841801,-2.8694166461635,-3.42144091276795,-3.25136137596963,-4.72032435896928,-3.64972753678949,-2.88951991958866,-3.35327655423537
"Q92626",6.04713991247319,6.11960491193915,6.46424480409725,5.55879245399331,5.32375244490791,5.35081470858228,5.80427080660133,5.21348978230189,5.8807635010354,4.68814416035079,4.98821114012461,4.87941915948561,4.6575701520263,4.65374183218149,4.58856251055844,4.24392206843549,4.49986255779078,4.50177587388768
"Q92688",1.76252190944985,1.5035440460028,1.18339702948933,1.87039491011359,1.66613152062044,1.67504015761252,1.74775413927301,1.6200995057576,1.74677237251562,2.24321017355479,2.13635608085352,2.08054280039059,1.66378121947026,1.96923403267028,1.40165089839235,1.97464410035158,2.07873555859833,1.68361673697145
"Q92692",2.4464034504612,2.41851703002849,2.56484589306704,2.85309801645319,2.81069195153493,2.65024197176959,2.82565977508947,2.77688920206994,2.69111868791578,1.27113924233692,1.62439074758063,1.49461384795252,1.79642003452789,1.89949812405296,1.2431312299175,1.43232204423256,1.42743635885579,1.5498735945613
"Q92696",-1.52787983059189,-1.7602938192468,-2.29517725788714,-2.02140996068447,-2.79995060948327,-1.7255160415057,-1.88311948583846,-2.07244520571172,-2.07773471583096,-0.951300973440974,-1.56719643099644,-1.02787400947359,-1.64154252543569,-1.21491339690008,-1.63104367081217,-1.56336208705169,-1.76457335337367,-1.75674054976449
"Q92729",-2.96707539924733,-2.52060264538232,-1.68036496899743,-1.81065450077644,-1.50538194509715,-2.00354945510363,-1.03728753170846,-1.86858134564217,-2.16646769219053,NA,NA,-3.86468543642553,-4.23928381650795,-3.29733632380331,-3.24045716641062,NA,NA,NA
"Q92734",1.46603480787929,1.54946355359581,1.27978933664045,1.37698058282231,1.42021799745064,0.936401883092836,1.59037580502229,1.2460416954276,1.47652095139071,1.82840609519802,1.87775748606143,1.62683409813019,1.04620582520866,1.79610567638915,1.63191664225284,1.77053736461794,1.44072035632615,1.26377657083911
"Q92743",3.9229825883796,3.94997894124189,4.27239115355453,3.56247134442708,3.73122758324241,3.55367631977956,4.01384210631984,3.53704973879712,4.11059615871508,2.5364373633306,2.61695175852176,2.7097152334752,2.17905335947476,2.37546119353462,2.35842468867068,2.08063311980779,2.08730833125898,1.7832584808069
"Q92747",-0.839436020868714,-0.439572018210626,-0.288017577118556,-0.53109427672724,-0.48294722938061,-1.13787668390843,-0.228449224450198,-1.00417880326639,-1.52699182006504,0.131165835193864,0.196658266552879,0.383297823161875,0.249516091094319,0.238679585617222,0.227321708027613,-0.338241812711296,0.0398580306738445,-0.182861150797628
"Q92764",2.64093324168845,3.18582055474149,3.39106793047415,3.37098426247236,3.24147051829805,3.09579570976961,3.53041837963913,3.3304828025315,3.19451823531921,0.911979250021458,1.33738572945662,1.45909747729354,1.60898559397347,1.37145499814042,1.4115475333628,1.40206988336513,1.60994236622741,1.60444389114295
"Q92769",-2.5957674277594,-3.04970627586095,-2.13276950876177,NA,-1.72387362351353,-1.87436051259075,-3.22213393631791,-3.16170897240289,-2.18952052625665,-1.50635130392242,-3.17911627640104,-1.61885118774316,-2.84167507172088,-2.22383147922369,-1.97827509290848,-3.00279885468982,-2.79379897292683,-2.38016116224708
"Q92820",5.06069941030537,5.1385542936396,5.31171109839378,5.29357831788061,5.01592335424982,4.7856641402534,5.26363296975599,5.24171609389381,5.28052034718331,3.10524766536187,3.73731918109043,3.40999471360612,3.31580274156926,3.80564154356682,3.35492155452551,3.52438165815759,3.72311712317187,3.58757579163483
"Q92841",-1.814553554351,-3.32878136737196,-2.24976995813287,-3.08481853696191,-2.95343411248089,-1.56592048414035,-2.65662652754272,-2.5596061596189,-3.02131178175446,-1.1718242037361,-1.36809452469314,-1.11895499780998,-1.40796267048704,-2.15926797385409,-1.47732825321691,-1.36453108746603,-1.88697842316382,-1.95234053544756
"Q92854",-0.914206677868492,-1.03735306581272,-1.37261332843772,-1.10658966643232,-1.02171863325592,-1.47358527619875,-0.822282091382423,-0.30013636985397,-0.228817336326388,-3.07076383042294,-2.42610675050784,-3.26773883572699,-3.026991954973,-3.22054662363764,-3.18014510195254,-3.15295506336138,-2.39186466893122,-2.73205216797171
"Q92859",1.53987878359286,1.9218949050054,1.85428074508857,1.95667336879582,1.93156344881429,1.72504775276271,1.8793703854901,1.80644076445711,1.87973895411872,-0.388517832828796,0.131103281611562,-0.138907102671277,-0.429247890872564,-0.0439177812699789,-0.244227805692574,0.170889692508139,-0.240928259724305,-0.376685270568439
"Q92878",-0.552411688208457,-1.10791186386855,-0.455147791379139,NA,NA,-0.826566319329128,-1.7077909632908,-2.01164641341681,NA,-1.11153498726265,NA,NA,NA,-0.817627466242136,-0.151553559379563,NA,NA,NA
"Q92882",-1.37541274700972,-1.84117280718265,-1.93314589510543,-2.27793158771092,-1.50406128114139,-1.38800840657755,-1.59713511960276,-1.38222217910355,-1.95636289417763,-1.44512468584393,-0.355083459422621,-0.59726397540342,-0.619996730595583,-0.0774741945501685,-1.24681713194665,-0.818056489140655,-1.96718207666005,-0.432369712606672
"Q92888",-2.32503729098551,-2.5509922481474,-1.0266139658242,-1.72211779988962,-2.50197803808182,NA,-2.61899074131656,-1.77978484592875,-2.7665932753764,-1.44971376380213,-1.85649552364426,-1.6860349992069,-2.6472060691573,-1.99032055379679,-1.64167622250934,-1.35508713634936,-2.55394912247173,-2.49267448642471
"Q92896",1.97208667655975,2.02113209193436,2.01230349378378,1.65564091204262,1.91254280130191,1.87286362691725,1.75039447947354,1.48069727754522,1.79282619176059,1.71821222743047,1.92883711986035,1.87251911271725,2.66255461516787,2.50559085781809,2.42722912337635,2.07825849680636,2.30735731627579,2.33619336437975
"Q92900",NA,-4.09933178699445,-2.65148126249779,-3.97913932089931,-2.47955902970421,-0.619910447085314,-2.25999610829139,-2.15717939643233,-3.59902790973746,-1.69786475320562,-2.11860188737939,-2.73252568951425,-2.31569650141828,-2.78064117886608,-2.26770379535784,-2.90002730370902,-1.73189586574746,-5.12425191859321
"Q92905",-2.92059197336841,-2.31984652990772,-3.01589797160252,-2.27945820487272,-2.7642610945782,-2.59223199749361,-2.16589772755442,-2.60748495710571,-1.97572454850607,-1.81967234413665,-2.38794542696567,-1.67708192805766,-2.4089323087539,-1.95464683088564,-2.36537240426765,-2.02087211483305,-2.14831195297089,-1.97573178114442
"Q92930",-0.164815725582901,-0.650888558026867,-1.33901672518299,-1.19592436894487,-1.72842922197828,-1.17672441424195,-1.3967035379269,-0.740393064504595,-1.59323719134766,-1.21180650966443,-0.834515734804503,-0.91137902989829,-1.12398540720947,-0.789900001247128,-1.650746752771,-0.788071136296189,-0.759583403629202,-1.6099912330818
"Q92945",3.17281068620764,3.02582039436212,3.40710012038917,3.01215415985319,3.2061358057763,2.78015578073536,3.21738064225058,3.03073972847962,2.9632231261182,4.3907813739062,3.92356876166026,4.37482858651938,3.63592093233373,3.6843015737103,3.92123925869455,3.63354697063622,3.36929980390921,3.856641198191
"Q92973",0.263321442949486,-0.355610718547494,0.347579683447687,0.196153356605386,-0.318879205774863,0.0188512485755048,0.0266623513755597,-0.110378316849594,0.400850524757288,0.789978738240313,0.475538805709178,0.57947634535971,0.266319412009413,0.464442153966733,0.633809832340029,0.5620184781041,0.556857989693215,0.0322932638182838
"Q93009",-1.74402677204708,-2.82229851007931,-2.12673932872787,NA,-3.11592587279425,NA,-2.02361099850549,-2.69143025583825,-2.69508740768482,-3.65944526846744,-2.88871427702395,-2.43726091858257,-1.42975992296936,-2.48892456435482,-1.97461567636977,-2.08373335127582,NA,-2.3726165164476
"Q93034",NA,NA,-2.88882725481641,-3.33652004778088,NA,-4.888217648735,NA,NA,-2.63575209071371,-2.49002526333602,-3.03032805120236,-2.42823373293656,-3.67579769871199,-3.70661756074299,-2.8598153797628,-3.50711309129033,-2.17623475073744,-4.61171474287922
"Q93063",4.31775101848453,4.23910081409868,4.47820273089171,4.19416927079395,4.31347759176181,4.19856374625142,4.3039996888514,3.91209679875644,4.38582498443658,2.12021211089844,2.52779947171725,2.45787773878618,2.55598514993819,2.51846666233192,2.13769644697037,1.89791989329491,2.41771241044089,2.39243535899845
"Q93088",0.610535242095585,0.515927742522674,-0.0359750899925899,0.600456385692546,0.682456433896663,0.562404510154071,0.226066624462941,0.770627201063544,0.555172601078887,-0.333766138710462,-0.446304825866418,-0.595584673373003,-0.458252189686253,0.0771945941965484,-0.221631382860165,-0.150663265974293,-0.246460764357831,-0.664403520677004
"Q969H8",0.170330905196742,0.437175266366093,0.817674346979667,0.637538122477528,0.376540335897541,0.216498954729976,0.442517772958647,0.5728449373935,0.953588893911565,0.736770697917121,1.02162676371752,1.36947731481164,1.50787203457916,1.42597214047545,1.27495703380009,1.16433316972569,1.37861445047962,1.6281387117021
"Q969P0",-0.73140479924688,0.0303820138793842,-0.343257453494509,-1.78649338625916,-1.02911512718126,-1.67511794012979,-1.48992004890418,NA,-0.575316953083857,-2.55858641365939,-1.72003661497626,-1.5309080650006,-1.23333766036921,-1.87864090596876,-0.813054125816365,-3.0496469061588,-1.37067933621222,-1.89666752460265
"Q969T4",-0.982681606932702,-1.59056974986774,-0.751227101734983,-0.320342751047294,-1.23999817152877,-2.00101010014179,-1.46471914011883,-2.07586073450106,-1.27685249103756,-0.405816988155969,-0.415518778486482,0.0283726082892315,-0.355708175585117,-0.304256841361703,-0.632680021971242,-0.31926385927947,-0.512911894667604,0.182497555086446
"Q969Y0",-4.1419365027399,-1.79113536740808,-1.88412835093688,-1.44079773823738,-1.62385291708877,-3.54210857106718,-2.07211220759042,-1.30983841924386,-1.23652143717565,-4.50704155642271,-3.86211864289025,-3.64651344701776,-2.4767981660083,-3.76086881498789,-3.290422611758,-2.91835210490333,-2.45555816695156,-2.69368617310816
"Q96A72",0.433614466186514,1.02453811019757,1.13968225871217,0.626566837586548,0.657367625813841,0.88319981387178,0.252049289435138,1.01461883913016,1.08011255587915,0.560513352880083,0.858734737579027,0.726400024437257,0.405705961325342,0.715493030765096,0.671799980162115,0.579590868992344,0.412167047233341,0.515316772310568
"Q96AC1",-0.839495338922332,-0.566165592454848,-0.375648022356293,-1.11175924401032,-0.434504344372243,-0.768050291771151,-0.891399969407212,-0.484681428160345,-0.984756239042357,0.230333521805893,0.192486329215582,0.206772596913412,0.395573073499911,0.128585918964426,0.167264233565824,0.437281976218463,-0.186217609342519,0.0650163037255052
"Q96AE4",-2.21429386815999,-1.72826648957628,-1.60281999294438,-1.43232645673482,-1.49566928232718,-1.75802621196359,-2.08676024534395,-1.5618531839494,-2.13829636787769,-1.0075605042578,-2.05785677273032,-0.689010992052514,-0.930486331247568,-1.63909794247231,-1.39789243110292,-1.22192614937139,-0.840357767278138,-0.978173252883669
"Q96AG4",-1.3242061351799,-1.01600088909815,-0.732760312759656,-1.09518028680887,-1.09707446075401,-0.997664283884935,-0.738463150950555,-0.962142055383641,-0.661216508420186,0.839501492048665,0.754194853707025,0.79501691054311,0.980440531465687,0.651778189134225,0.98669719527375,0.447004246503859,0.618539595788024,1.05830329652517
"Q96AP7",1.36516811023542,1.26006978630805,1.59800765001751,1.31486314228321,1.31178106582389,1.3282656599663,1.46047449927898,1.57050853618589,1.62521992719371,-0.916656802863749,-0.335626693417028,-0.531299199843205,0.229361453532956,0.262636739534177,0.0681445551152766,-0.596607449845538,-0.201342106124841,0.483878262795875
"Q96B97",-4.06197319617835,-3.11138886801494,-2.78589883603351,-3.06257457326904,-2.21595810397327,-2.15214742525218,-2.55263417469903,-3.48071884850985,-2.17677369868427,-1.59389995011236,-1.26469971410358,-1.03587500866163,-2.2277564559726,-1.79517439061587,-1.54664208451582,-2.38638814474051,-1.78151023748004,-1.88087738177859
"Q96BP3",NA,-4.74954696452572,-4.62377930027201,-2.35570227433328,NA,NA,NA,-2.94625197867361,NA,-3.30079508260065,-3.54212107953079,-3.25325869192266,-2.9703055550594,-3.11154679502344,-3.63618575184689,-2.49327898549309,-3.28539834866791,-2.63738436196104
"Q96BW9",1.49308869348009,0.345409513506819,0.0214295274417626,1.05411134392894,1.48423429374813,2.5934075428339,NA,3.07072335238455,1.95267218891569,0.316151356510767,0.576629259648891,-0.0393946889130277,0.807932084640669,NA,2.51959101294734,2.58790198638613,1.83641321949295,-0.799447583363132
"Q96C19",-1.39944900869063,-1.72727483896198,-0.679853605052314,-0.872267897869359,-0.985814690828103,-1.34539204273236,-1.29964306411877,-1.28686588157912,-1.44899487697199,-0.788273262898776,-0.404685232193027,-0.327468302594747,-1.35673196667653,-1.10854415682144,-0.501379501215514,-0.580636151479586,-0.912755350752866,-1.1926474371555
"Q96C23",-0.567242301435986,-0.571743680033823,0.162941050494958,-0.0658609469330482,-0.148950073685125,0.149729468652156,-0.00520039937600458,-0.0272952106069404,-0.148778391445568,0.35107296815214,0.397624289333015,0.581430047791114,0.421781500838566,-0.0311914034780489,-0.122596146394228,-0.142332669488972,0.446586645792241,-0.0509332429950486
"Q96C86",-2.01051651407519,-2.15094947050625,-1.70107480814642,-2.65473509615333,-2.00481293065778,-2.47624931233474,-1.61838647446425,-2.0984638249646,-2.31059810239263,-1.58012371078054,-1.72345168902379,-1.85842028799073,-1.63727272653114,-1.91039663120977,-1.79972946969328,-1.87111216925077,-2.21292470205094,-1.54254132875474
"Q96C90",-1.870645796455,-1.21201451011287,-1.71485466205302,-1.51577232821301,-1.54982182931906,-4.2137661066937,-0.943699406203177,-2.28275151832352,-1.68140214835686,-0.860745195165524,-0.777953441142674,-0.29919399779665,-0.371156429757564,-1.02506460385961,-0.993961643814346,-1.98933986517932,-0.836408592755838,-0.400890956838319
"Q96CM3",0.571759693563859,0.559835095011744,-0.140684151474918,0.614721411870335,0.892571935272384,0.662973233007124,0.288396229034845,0.708563154382542,0.509872876773739,0.122708943441234,0.0548852155346697,-0.455183701954927,-0.299515443481869,-0.0710594293881748,0.206934582116457,0.71962877850512,0.0664055264086176,0.14810723181653
"Q96CN7",-1.26524575682082,-0.876063589020107,-0.762006448374119,-1.88781592231341,-1.03337850400405,-1.57374166914648,-1.12904790612078,-0.805756282697556,-1.19647150388198,-0.426542469355569,-0.467768302227028,-0.369625602430192,-0.078382117182823,-0.333410454585151,-0.373870011464923,0.118244146168648,-0.203089303337253,-0.342294638284546
"Q96CT7",-1.29628599951351,-1.10785406379902,0.0174148284739442,-0.895353542725298,-0.626766178883635,-0.8586156854971,-0.600415417321922,-1.19880128441354,-1.06397080787597,0.299837612443026,0.366405953858612,0.248839214987905,-0.129966993423169,-0.333971676183095,0.0569774068120523,-0.216098179198362,-0.467471477005047,-0.151331936759563
"Q96CW1",0.356464764092419,0.10260122226355,0.632514608207968,-0.0864879109370786,0.0692865424526641,0.460184650034904,0.240393113272322,0.279642531118814,0.194056163977935,0.960671813450375,0.722236192665159,1.15427693882393,1.17746316228659,1.05838379237988,1.09171202928194,1.01187468723613,0.911364254248086,0.518875700438077
"Q96CX2",-0.161449590778012,-0.113552566364383,-0.715320017860299,-0.43879643121068,-1.3488000809873,-0.841977004857861,-0.498055676601522,-0.932545800712884,-0.629569595270416,-1.26124478385849,-0.797452987228797,-0.809788462588561,-0.927163537850372,-0.804177289689916,-0.552612355771751,-0.734020963954653,-1.06494766376396,-1.03584122520412
"Q96D15",2.71037433793995,2.13835622678989,1.86862533467346,1.9140402587741,2.07775686518058,2.37990039456865,2.01884471119831,2.10302143542007,2.08113520312387,1.67821352538093,1.62485968040324,1.56902060194884,1.45083178560615,1.88348802501327,1.9526847429103,1.87906944888285,1.88348680436255,2.0908189754921
"Q96DB5",-2.94674541303455,-4.69519161315302,-3.81208808173327,NA,-4.32436097832832,NA,-3.63298836567864,-2.36948084396731,-2.1866411563129,-1.65085185035764,-3.73815256136385,-1.76220812528379,-1.94333956517254,-1.93789299452274,-2.26208710063819,-2.25022770704789,-2.4126866219253,-2.53556667463937
"Q96DG6",-0.292666881029415,0.132301982405339,0.367545794508784,0.368460544880593,0.228496613208801,0.425343605487845,0.67734587364391,0.530349550485074,0.7652332837395,1.10344993167643,1.08972090006116,1.16199710808968,0.727436722359696,1.06250197291306,0.810279212799031,0.934699677160767,0.899506721044133,0.956835512289073
"Q96EE4",-1.07011852728899,-0.829216841240621,-5.12664048953676,-2.42688135287611,-0.993930232743841,-0.143611614049828,-0.144366869235956,-1.41431322312962,-0.602473966775293,NA,-4.4625802715459,NA,NA,NA,-3.15461144314383,-4.39325468504323,-5.84725076794592,-4.23222427928502
"Q96EK5",-2.50851331906982,-3.94004541322559,-2.73552112809669,-1.29859258941545,-2.53437259618697,-2.57221696350213,-1.70675587379613,-2.54593824483349,-2.19584717215899,-2.5817047558926,-2.85521225017563,-2.71749755958222,-3.09621073581066,-3.04483241531072,-2.33617182986447,-2.68442397009655,-2.95039983060739,-2.94847421062886
"Q96EK6",-1.96819157556615,-1.67763410659625,-1.11541258687234,-1.51398085075844,-1.35591501960469,-1.38700349498335,-1.40796067259388,-1.73242292639366,-1.36986833567066,0.200493825973926,0.194818775958529,0.0648787110161724,0.294779422160518,0.340870371766188,-0.133541973113131,0.231908486290672,0.205450435166929,0.183872398325901
"Q96EU7",0.494418099912551,1.03644487313742,0.754419083122649,0.5313044772218,-0.0251210428565862,0.217373156993661,0.749831172334497,0.373925484190282,0.496064642787404,-0.174892259202599,-0.487167569350844,-0.565323558017665,-0.734757906912002,-0.0805674522913371,-0.268022436366621,-0.884002761544534,-0.262752581171593,-0.547032038500875
"Q96FE7",-1.88796444291071,-1.31169489656668,-1.3130977421117,-1.50639068545839,-2.14144128243238,-1.70043619213995,-0.755189736434986,-1.28868947085227,-2.84303272207373,-1.58518678487191,-0.951272630927225,-1.34239237926204,-1.37809712848722,-1.40443783616901,-1.74796970862455,-2.29428730358175,-1.29857441669945,-1.32608657623647
"Q96FJ2",1.14407483128727,1.38098479978221,1.25777350951753,1.50974890078832,1.20838174062248,0.293811815534831,0.861746103432127,0.225038957656725,0.864361821832524,1.27256848117769,1.29657898885753,1.08943783550103,0.702805320178351,1.1067114787987,1.51588845504495,1.35396383715296,1.6006642619636,1.56364194121146
"Q96FQ6",-0.0468997780103031,-0.119534657027803,0.428396471645534,0.381922207821374,0.0844796927094773,-0.270619086364952,0.549976811018629,-1.03309297822149,0.681872869473418,-0.151268049539823,0.741836194752809,0.840084564191979,0.817951297677949,0.883337109562667,0.657928945082068,0.531704298156765,0.545381096354104,0.290727186382869
"Q96FV2",-3.20160879061809,-1.83871686409675,-2.32038751220819,-2.23559832751138,-1.88623911194239,-2.05164467699247,-1.98667281648641,-3.17836602035606,-2.59655123837491,-1.52511690208055,-1.91261033919714,-0.755638256168997,-0.560548589327337,-1.22412471120595,-1.1654861059811,-0.310468610300706,-1.12883398194765,-0.414087329726179
"Q96FW1",0.472886512409902,0.544382980952122,0.831364860365818,0.732897301436688,0.657913639240913,0.776127088754084,0.650763625634092,0.0927244375086627,0.499352196487905,1.3269696826672,1.60233293271812,1.39082854675041,1.4982386885009,1.35783768117274,1.04944387599655,1.28706683173712,1.3014650105611,1.01740388948922
"Q96G03",1.57711035365415,1.8364338869782,1.81747026193509,1.90123245588949,1.74604443468384,1.38639311522545,1.70394133395433,1.80966786629892,1.72416847859125,2.26801206120932,2.33475395538836,2.48967275880122,2.74836827219558,2.5963843942891,2.38206727241371,2.57063170470753,2.58876062821332,2.77920128428465
"Q96GG9",-2.94164608096509,-2.48501330227129,-1.96135076972075,-2.39217522968705,-2.07243168328395,-1.64747135212038,-2.39421593996218,-1.55720269241629,-1.63992883966486,-1.10820519114731,-1.06254170628454,-0.863740854846603,-0.658147642145143,-0.822338433200883,-1.79881571645886,-0.753830425831893,-0.689389231555175,-1.09685073602661
"Q96GU1",NA,NA,NA,NA,NA,NA,NA,NA,NA,-0.560210143498168,-1.29494126631461,-1.28594528055227,-3.03832752274284,-4.18755320745241,-1.67400128873538,-2.10118544553243,-2.64801387089537,-4.21147048978488
"Q96GX9",-0.214199449200816,-2.93851166317697,0.00859279955447612,0.098071727141896,-0.34408791386188,-1.3872536999546,0.349043966839101,-1.08596225641374,-0.362602270540666,-1.3440344265345,0.214463383499488,0.0755761478757986,0.00628329599150135,-0.0796442594037323,-0.0594319795820741,-0.381514406494031,0.582698958226109,-0.722740765486173
"Q96H55",NA,0.952880615048683,-0.202921188559346,1.56060592293796,0.928897514917889,-1.35360019516637,1.58504071776185,-0.788741683148284,-0.846679615801166,NA,NA,NA,NA,-1.39593870471496,NA,NA,NA,-1.12733939577509
"Q96HC4",0.128465934846821,0.0194208622215228,0.466484155182151,-0.341468700885006,0.129268668788647,0.2881762386213,0.0420481888950857,-0.337609064350517,0.277776784936309,0.705430271986774,0.739009696854184,0.999942631570651,0.368549725791537,0.0427731947264132,0.459729682589034,0.184780753098353,-0.0327381609348016,0.152467668796975
"Q96HD1",-2.2823572634884,-0.517444294330845,-0.917742792588774,-0.286852619933958,-0.18416460112773,-1.27618146646091,-0.705361378555199,-0.166803279266057,-2.01030990648785,-2.13119630371519,-1.52085686953679,-1.70350921283927,-1.99562854407918,-1.03796840916142,-2.0230828777089,NA,-3.22094562309474,-0.631725028114645
"Q96HE7",0.191961398535527,0.383183047921055,0.674871472461055,0.51698786625853,0.819414893287158,0.121609396869029,0.831387043103428,0.182668319637921,0.717547539368958,1.14577831766419,1.37664574549495,1.53718269375499,1.71640416720007,1.42473363297602,1.54325916540521,1.43142526250117,1.7100314556383,1.53475556221988
"Q96I82",1.37846559153713,1.56692791901613,1.63893115274115,1.10776814804374,1.41366680437819,1.21402821252824,1.38671606149349,1.61891207166111,1.61250105780575,-0.821891286420215,-0.00160381469259541,-0.0440835465290945,0.128852491968772,0.146360287658259,-0.452136285868067,-1.2611719524758,-0.49052231544327,-0.55298360282302
"Q96I99",-2.87046104005098,-3.94067420094344,-3.13624069900025,-3.21921402363801,-3.88506420611611,-3.34896010010656,-2.84637776212484,-2.63947176319128,-3.27686104686692,-1.31489549066088,-1.24689997555296,-1.2110408958998,-1.20145991702103,-1.22725243515138,-1.12746744884293,-1.35619605615133,-1.16853521812458,-1.28661785352152
"Q96IU4",-0.481678372608959,-0.849907954718406,-0.146888362302718,-0.720080187571823,-0.62345902386167,-0.798096519315216,-0.620778333244178,-0.336816566619241,-0.751846581636213,0.107951703447183,0.859673807802055,0.566148687641448,1.16496787299293,1.07608007112834,0.7987078518928,0.602638024182296,1.19167556186483,0.777173854780624
"Q96IY4",2.54820601823386,1.88162471503362,1.37858647732307,1.4894825595181,2.16788998329953,2.31839532399387,1.86421702147833,2.101683012211,2.41990420352393,1.5563503703061,1.6853765106618,1.36033135230366,1.43152066252855,1.74629114058348,1.97729250628579,2.00988726580436,1.42609947343059,1.57737741881844
"Q96IZ0",NA,-3.027164215641,-1.80480462468035,NA,NA,-1.88352088529206,-1.81341416610666,NA,NA,-1.12836784020639,-0.84546280731828,-1.46216933488743,-1.45189470063357,-2.11893431026052,-1.47734840059603,-0.979184212850196,-1.75877602675756,-0.688845076847902
"Q96J01",-1.97931556436001,NA,-1.51662046388106,NA,-1.60674523285649,-2.63348157293825,NA,NA,NA,-1.87646552021946,-1.00545153649644,-2.03670065091087,-0.557995068849464,-2.21597940309687,-1.53137706927796,-1.16753227311149,-1.45389240770547,-0.793854123945275
"Q96J42",-1.21668291943077,-0.638898597098534,0.567889924616994,-0.0473027216209783,0.193380484308392,-1.15221975299292,0.836440276912221,-0.516397312505084,0.0607126411494967,-2.35417389632372,-1.41903666635752,-2.30399604526668,-1.32935689474394,-1.42640273570661,-2.14222971450301,-3.74224033629451,-2.30552368111414,-3.61454268243652
"Q96J84",-1.45643884367979,-1.63387274233564,-0.774638477880199,-1.04419093768225,-1.41838976413766,-1.22097393338585,-0.76158729820123,-0.954727480814809,-2.10320071991211,-2.74370631618363,-2.07418089761289,-2.88160531298847,-1.75848883338554,-2.32873979022172,-1.8365365748965,-1.61484646106637,-1.8466353499209,-1.48893041188019
"Q96JB1",8.36828272504923,8.42925358763082,7.74129646605429,8.49745087492558,18.518723550722,8.54006793962323,8.09948177235907,8.62539542446329,8.37694345102229,7.91116785542898,7.77604594418499,7.61753606633535,7.47475894195533,8.02342459521583,8.0420249395587,18.2161237809958,7.81560913193783,7.98112446656158
"Q96JB6",2.53894661003856,2.86424869029191,2.84620826191073,1.84845285521937,2.14632409161723,1.74199115023837,2.04338558359545,1.50243341943747,2.17435733307319,0.669922673114321,0.548313909139443,0.682394466977748,-0.223393771587673,-0.285885741569118,-0.146714759229614,-0.233053038106881,-0.256291796957543,-0.167208831833971
"Q96JI7",-4.58512607372522,-2.46898024985208,-2.40120218231147,-2.54150432091767,-3.52651924433481,NA,-2.82825025879229,-6.14661231502806,NA,-3.21652886537514,-2.81473021478933,-3.76135986630633,-3.12408218608428,-3.22157264873506,-5.71699657844152,-2.20816049240365,-3.29089722837456,-2.76424215899245
"Q96K17",-6.479534369902,NA,-4.40238027415707,NA,-2.71201849954638,-3.88314834192906,-2.26617427755139,-2.10704512998464,-2.04807666720666,-2.45968148775903,-2.44137173108966,-1.91268091453052,-2.28658868693315,-3.49633325774877,-3.38370591906075,-2.82892202439522,-2.80635371582331,-3.72337889371136
"Q96KP4",2.3235345853611,2.42838863442829,2.69456687328233,2.55812199318182,2.62325675144871,2.65421332530298,2.43203797542449,2.45947019988532,2.3970067323584,3.02165859998059,3.07904735705762,3.04494551741378,3.24395702907142,3.11342049975929,2.85261875051964,3.00004872786276,3.0997465132891,3.02831527216509
"Q96L12",0.854869934519128,0.606072179274095,-0.0768778883255425,0.12602789488129,0.474876266301191,0.677725174770703,0.241645187178094,0.646266680428507,0.768467528784065,-0.0822082246642122,-0.204768147781811,NA,-0.219576567972879,0.250323908053202,-0.611030764982417,-0.317873744108866,-0.804691849883108,-1.88992107595781
"Q96ME1",NA,NA,-3.54928832094983,NA,NA,NA,-2.89547300034587,NA,-2.49584938108778,-3.02993571170443,-2.90139175947618,-2.35256465195259,-2.38437931495962,-2.2955753657996,-2.5666369077226,-2.89082135502094,-3.35005676316885,-3.10797311598428
"Q96N03",-0.661231014167088,-0.308779381965968,-0.0751547756881958,-0.49655622331416,-0.681555029763647,-0.216346159958592,0.290341665638639,-0.616649003738965,-0.325272998464289,-0.0263084137027327,-0.243270915629653,-0.471939280726795,-0.8159571187326,-1.17284736559911,-1.21606429879159,-1.09210423303819,-0.505028383751634,-0.765307016805733
"Q96P26",0.61962514540291,1.07039199228754,0.309507105951329,1.5686197811644,1.34079337118528,1.15114965190628,1.5846047753506,1.68972494961724,1.22766156987884,NA,1.08006194109867,NA,0.211867700495247,-0.580481953303169,NA,-0.856733186390047,NA,0.575507518935762
"Q96P44",-0.556812230840507,-0.11731799439718,-1.9791636750652,-1.06703961710996,-2.39895146594375,-0.872167307644782,-1.50654354417347,-0.46980395845627,-1.14731921885171,-1.57575355765005,-1.37801284780635,-1.76667665113949,-1.84725350245252,-0.86898844458959,-0.808198191219518,-0.98291730773176,-2.09102655960038,-1.31245044431125
"Q96P70",-1.68758848909434,-1.67068984274313,-1.3349656643425,-1.53710986598685,-1.31163037726335,-1.09085974827846,-1.15587104112619,-1.43064639145014,-1.69568117641558,-0.652369419828688,-1.1902723031288,-0.979575772979051,-1.01224007328474,-1.12121380750343,-1.26878728010989,-1.03133207766761,-1.23010166585083,-1.0739084506881
"Q96PD2",1.77965176081681,2.33054439488515,2.07242557713367,2.40684435916644,2.30323239142658,2.22361203426832,2.39908648157394,2.19473551339262,2.39990856623017,1.83930112156045,2.34519187535824,2.08930674738181,2.21730545656779,2.35013161526552,2.10935350485286,1.94339118713641,2.26504834780967,2.19365008676795
"Q96PD5",1.97197210995209,1.61394449536905,1.05149587566177,1.61742388311591,1.12796054390126,1.45453275968274,1.36191968062986,1.22246963886775,1.59504619979093,0.759001302769908,0.465974224192225,0.259109471836698,0.296803285957159,0.888425114787477,0.209426639129211,0.376061213798131,0.459817680908555,0.446305031307379
"Q96PU5",-3.4363944107844,-2.69370060939639,-2.93404350265347,-5.91044723614056,NA,NA,-3.99447892353759,-5.12070372584338,-4.03633799080082,-3.5006904304354,-2.80829046524023,-1.69350704749904,-4.01580534199415,-2.43094778767028,-2.87350065795407,-1.84901352918006,-2.44823698233909,-1.50862440994769
"Q96PX8",-1.45569070323613,-0.66261220646821,-1.13557438029133,-1.13320873910537,-0.877102825593033,-1.29705699334289,-0.485197950107151,-0.777254521070714,-0.545341237977826,-2.58616240606947,-3.1637926744609,-3.05588102564425,-1.18413947635023,-1.31561711414259,-2.07560507531287,-1.63348619913312,-1.9654298650971,-1.70334075456817
"Q96Q11",NA,NA,NA,NA,NA,NA,NA,NA,NA,-2.85378153732235,NA,-3.27649825829276,-3.04173924344564,NA,NA,NA,-2.10859472860489,-2.5421592765396
"Q96QK1",0.672038838618082,0.696946136356289,1.07322991271234,0.963808733851435,0.969705987524002,0.946180058044709,0.934594994252647,0.736611870245854,0.678240856668888,1.41450720520124,1.26067294982885,1.49713481676443,1.30362004878459,1.57944236363238,1.4370229814357,1.41149094318095,1.29994962915342,1.27167149631371
"Q96QR8",-2.10304550551442,-2.60275172016767,-3.39280654835021,-3.41855412971327,-3.59847778684267,-3.45522633767241,-2.24095692839063,-2.49743934425855,-1.74759718718252,-1.64379233375165,-2.27294074983583,-1.78860835427021,-3.165971164727,-2.6897269633835,-3.29992733728437,-3.50471181426964,-2.38750630444607,-2.15923439411992
"Q96QV1",1.486097138562,1.32929715675266,0.913152621870983,0.0762790959524917,0.340999248100118,0.668981137722524,1.07425149788236,0.695016894215465,0.782585337329701,0.501882494301775,0.533997818596561,0.43815196835919,-0.0769632390109791,-0.521404269121599,-0.500574361687241,-0.114131089673144,-0.647547892212431,-0.318736695150864
"Q96RS6",0.453457662104364,0.301152958943277,0.855659635874352,0.259523283586232,0.600336462208341,0.293853886087005,0.723589686413661,0.322554153223837,0.390394549474127,0.936524697569816,0.84318698135584,0.907740195866078,0.665183138898906,0.603287138153048,0.802107117053561,1.25555726504611,1.11162336693037,0.988427215684652
"Q96RU3",-3.29781811338636,NA,-3.37909849753079,NA,-3.6227753174214,-3.61492694379567,-3.92245951432527,NA,-4.54724558379806,-2.3362124138079,-1.48508581705656,-1.28369927135162,-1.95011508161739,-1.11116914312954,-2.76257601179937,-1.48243599220466,-2.04382108550898,-2.47335310941298
"Q96RW7",-1.96045802979167,-1.61506856889169,-1.81489897561002,-1.58720482682834,-0.91174504586994,-0.871910714832553,NA,-1.22119719752076,-1.94018793424241,NA,-1.31716284338553,-2.75084281716565,-1.59052758146897,-0.952849913309739,-1.84864381026401,-1.57387446018566,-1.61988785955132,-2.01604677195109
"Q96S16",-0.302874989694875,0.0595309048913908,0.195936825246013,0.123617577819203,0.0161753502870656,0.0216106755964471,0.331370976475959,-0.211372760273377,0.420751746303218,-1.78361913413302,-2.06733267677079,-2.49446523833595,-1.79610502326125,-1.85852688564979,-1.88421163024518,-2.10705364366186,-2.08975052871458,-2.33614410495421
"Q96S86",-0.378563667005794,-0.811592087346349,-0.557435648613928,-0.424816038618118,-1.51595670809134,-1.47397169612715,-0.739953853047044,-0.862054247089739,-1.4110995255113,-1.99321334614784,-2.15870499439961,-2.04126657816154,-2.26607496436628,-1.60512238539275,-3.14306268566683,NA,-2.52754332951905,-2.74055559002555
"Q96SI9",-0.794655333989539,-0.980448276581147,-0.933209880836078,-2.56605665319268,-0.82432619939326,-0.714981899963047,-0.592098809322808,-1.96163926197128,-0.376728976506149,0.694832500074677,0.62406377007739,0.944256848730147,0.195238703308556,-0.676233347021762,-0.23552142567172,0.11012696496786,-0.266228517719359,-0.24726919344751
"Q96SR6",-0.598243217105947,0.439243981345641,0.535278720724936,0.628097172657126,0.592412819932335,-0.174657828604573,0.438662932168567,0.898759523430744,0.74529338945271,-1.64774639186042,-0.902873135655389,-0.722771726119678,-0.622714647912822,-0.0914512845132034,-0.640923779584127,-0.812178918438882,-0.0459584353338727,-0.424588904433827
"Q96T51",-3.27103994422249,-3.02600370725234,-4.07576228765657,-2.87907787632626,-2.67416889902643,-1.25087011705883,-3.24455296388944,-1.71185560285707,-2.56357604227352,-1.64369471087095,-1.96439099329082,-1.81142813026985,-1.79347319398698,-2.21131436792115,-2.17221812055534,-1.71095423613385,-2.27263729096869,-2.3467996833804
"Q96TA1",3.58878396005779,3.58373593134058,3.74295589009614,3.92840588765888,3.64770686330545,3.84159811021603,3.74520896612208,3.25147102987953,3.56538808710207,4.6607986020623,4.56157192558412,4.79303785038588,4.7971291865591,4.72214106293759,4.82530594658376,4.81637710200685,4.82810736496203,4.79796409315135
"Q99075",-2.43199010083289,-1.4773975615617,-2.05403221736243,-1.6211311783358,-2.14618890707314,-2.15658727880432,-3.2503163799822,-3.83097334321142,-1.87236303071314,-2.6359493703665,-2.65374211034602,-3.57574492731554,-2.95576976443664,-3.83891038896353,-2.85431291098444,-2.38997881574082,-2.06058851454398,-4.15389563076919
"Q99417",-1.95029087851266,-0.53237899177563,-0.327006999037145,-0.593861504103445,-1.19840719047603,-1.0148070820276,-0.922924315825946,-0.594322624209104,-0.584389540352907,-0.10955649288171,0.083632689058847,-0.126868188522677,-0.131981513700532,-0.0868639951744932,-0.0798218354577518,-0.714907663980473,0,-0.809257125610995
"Q99426",-0.341826228899357,-0.156888402022457,0.44173183188571,-0.164060292929669,-0.030476397857047,0.351577593303483,0.283947435896616,-0.0160454300007,-0.00517946020374715,1.41651710218938,1.31126561293898,1.34135769086678,1.32995149223622,1.34166371551294,0.886597186056211,1.06703394115407,1.03526645569498,1.00326817565579
"Q99435",-0.433276364231249,-0.919215339244385,-1.13671939721621,-1.03800478843021,-0.715675867490365,-0.759243053201977,-0.808979285570989,-0.845775787558397,-1.08465232912001,-2.13563838738302,-1.85830221994659,-1.26209450463393,-1.93515333022072,-1.5895597669769,-1.76504558198777,-1.12654834233872,-1.62900994095814,-0.820488942455695
"Q99436",2.33098788296348,2.44100342188484,2.64934403998384,2.40469476070283,2.37732798304474,2.41167237253927,2.61558812759236,2.5190439112725,2.1641730670668,2.48979613829309,2.36444317242127,1.95153396821979,1.77768043469539,2.33830928906148,2.30792593998446,2.43265255315918,2.01691509437061,1.88158896216285
"Q99439",-1.6543567813509,-2.2033008027631,-1.88611043282552,-2.12160783117847,-1.62294335645892,-1.00448918463639,-2.49594753375848,-2.06873195469813,-3.00655011680304,-0.756143187021108,-0.76618453806598,-0.296707848604846,-0.326293884560748,-0.363503946346052,-0.283884317594437,-0.0497749646781571,-0.473364625364947,-0.327725289463531
"Q99459",-1.93090000134176,NA,-2.4273787713189,-1.24810451389658,-3.95982645719183,-3.30361972569105,-2.84086623118778,NA,-2.66451504840625,-2.78370034997357,-2.63081248183697,-2.01912192338952,-2.86766377170344,-2.84529689489662,-2.47447961999743,-5.29084805294702,-1.92871497252531,-2.33235443621554
"Q99460",-1.96762779076742,-1.14425551284277,-0.927137192030015,-1.70260549990253,-0.682085890624708,-0.860876306762936,-0.737547354842858,-1.10213817511631,-1.02977829164166,-0.449324117353326,-0.753061509595043,-0.364103742804106,-0.563989359505941,-0.784350394333519,-0.701771412124453,-0.728196863745638,-0.613942868576149,-0.29373945696905
"Q99471",-0.136376029982594,-0.510702563386934,-0.253765291866769,-0.418666301002432,-0.652828638523381,-0.764153602041596,-0.153882436694689,-0.859953068838839,-0.499828226751717,0.443915819897917,0.174178227510721,0.425709503361931,-0.444948770949695,-0.562524264606949,-0.651855350912176,-0.323625776508674,-0.502215260147783,-0.370678844113048
"Q99497",3.65440711161538,3.71921249085095,4.16379780683119,3.94852645894174,4.10422375586783,4.04722668795509,4.05458725246446,3.85478027131885,3.86531337797346,14.4788073612046,4.59979679208357,4.70143503248989,4.63098183486613,4.53781473973414,4.21951406384264,4.39292799929524,4.4963952428591,4.69680932807766
"Q99519",2.59892275323486,2.52697843627759,2.66490906255766,2.68065116906705,2.72734341535569,2.38670907448521,2.61444264285578,2.77224391338244,2.48047831117507,2.16252607663445,2.61422648408556,2.48999761971989,2.88795244766075,3.01860770088972,2.56030807027008,2.63843940407063,2.92120125577535,2.83544727466467
"Q99523",1.69070452644222,1.89120399336674,2.12970964470433,2.14182728649942,1.73677688339687,1.7613543223638,2.22524078877803,1.82608603596378,1.99752150381851,0.555310359674991,0.730848390994121,0.880880944151937,1.48956056193994,1.27332496077457,1.05882342854187,0.996089611318084,1.35694362996226,1.26655145630622
"Q99536",1.77769785670093,2.00109210581087,2.18312582676071,1.88432390752673,1.95105462406187,1.86174450498159,1.85389041893802,2.00832994664184,2.11865288062588,3.26791308969937,3.36962500439687,3.37833376881756,3.24772327058669,3.14683148841211,2.94996294871192,3.01450232091897,2.89412867134048,3.02465078463629
"Q99538",3.32559908662049,3.29601782488155,3.73572374719614,3.21751729070402,3.1627337390939,2.95930805253783,3.53170961674985,3.44332432371099,3.42129653672407,3.25199177195553,3.67558736113729,3.58829090535241,3.96935328793022,4.22071737338396,3.5910832713376,3.7503566686717,3.88550882140703,3.96602000789925
"Q99542",-2.21791203400735,-1.27618022930616,-1.15120857142823,-1.43925898776938,-1.29807634203379,-2.05995880440538,-1.30140112173724,-1.69837983147138,-1.13771566770162,-2.40519376480489,-2.46948032111333,-2.62379626436541,-1.34088239274343,-2.3218201014639,-1.85885056919861,-2.08803654197788,-2.47639860009172,-2.97099490363842
"Q99574",0.652630182151427,0.805638972576382,0.416104950950471,0.910485833225724,0.605790256277865,0.345694136006362,0.959758498482383,1.08230754138616,1.01131063506189,-0.968717400786132,-0.298672971553158,-0.288606443955418,-0.111563658600952,-0.186195151745778,-0.592946646907921,-0.0259417169879175,0.162636888723457,0.0786722751263245
"Q99584",0.211384790118851,0.353868829318644,0.834945683522939,0.20979224754393,0.179089204632776,-0.469680444363348,0.373567330953215,-0.0464976610122072,0.207309117666338,1.44276821944069,1.45548617148124,1.61782973131929,1.56952825595549,1.42443551360633,1.46079666995048,1.21938357590299,1.47197858088376,1.5019199139269
"Q99598",-1.93425530840359,-2.03871752405317,-1.58455686249291,-1.69085937205886,-1.85727730607831,-1.27012742705793,-2.14291608428036,-1.83147081405057,-1.17681767026476,-1.54160134397262,-1.54442277574018,-1.55351893985066,-1.64321341260158,-1.47941710268261,-1.68198035618686,-2.31092141215115,-2.46471943310381,-2.2225302889423
"Q99613",0.316360251021461,0.42118557067994,-0.0437331370011478,-0.0384455050014996,0.215934949102198,0.291124567745486,0.52537634706831,-0.742781202892097,0.586680619639665,1.21402266220151,1.57551481513553,1.10025710441018,1.0023879587575,1.11581920668743,1.28761293956506,1.03966958311915,1.18058418442742,0.282378400727353
"Q99614",-3.45864208092752,-4.38593485505209,-2.7442409548896,-2.15797145154299,-3.09300249284332,-2.03813776308772,-2.5782760245232,-3.2273025338108,-2.87319339300287,-2.18786425431164,-2.34197363750846,-2.07035313632926,-2.01363713857555,-2.27539149249458,-1.43775735081131,-2.32820870805946,-1.80321810473523,-2.71663107462989
"Q99615",NA,NA,-3.11646568233938,NA,-3.40438647393778,NA,NA,NA,-3.22094028652467,-2.33093811487409,-3.8265474824884,-2.38721409020469,-2.91388454226421,-3.42447225550037,-2.8259903610564,-2.03629889575066,-2.69255146683763,-2.06535085499671
"Q99627",-1.54825050588176,-1.19346937380768,-1.05178394895848,-1.81951187465768,-1.54604377536719,-0.885103630912287,-1.72316641071498,-1.37072015736216,-0.983560543877965,-0.348769312177875,-0.721918600260071,-0.82522071781954,-0.825963048415606,-1.19120297381019,-0.635822202618633,-0.452323023035657,-0.603193343790493,-0.809670748631515
"Q99650",1.0854043269536,0.95961618752024,1.17575363178445,1.48938350063975,1.11238787408078,0.897983594997156,1.26149672500047,1.44299454435633,1.12614960603135,-0.227702931790189,0.186091785212229,-0.0883991148048739,0.674544336399084,0.442553632411659,0.475018321768294,0.641599772494985,0.628392734821027,0.628440501312626
"Q99715",2.75243348949702,2.87907200893746,3.40200814463197,2.24743521430177,2.34188504612749,2.35797356819904,2.4918636816067,1.69559908573966,2.34910354494016,1.90774165734143,1.63530067909691,2.02610763875519,2.21453819559603,2.03690057702748,2.35244482271168,2.26921130665585,2.41872746522805,2.73850433337484
"Q99727",-1.74574799070541,-5.24109600627348,-2.04021620580751,-2.23855824499822,-2.79868473424551,-0.603514184456026,-1.95082066585871,-2.92838045289866,-2.58500318172858,NA,NA,-3.83308798645067,NA,-1.67285188445133,NA,NA,NA,NA
"Q99729",-0.201720925504331,-0.174842977648767,0.435153764158994,-0.887311891962698,-0.231067953511523,-0.618970561247735,-0.300310697742217,-0.825235894023923,-0.362568875899727,0.667732627205218,0.557885789726006,1.13718635732168,0.840150099084191,0.5247245225291,0.717703436095219,0.552629071425983,0.475813489627912,0.731599465901667
"Q99733",-1.33276734281877,-1.92810735021061,-1.68386309962729,-2.02687918495162,-1.32878384214296,-2.01538411824469,-1.82671081727334,-1.33830087850759,-1.45836122920584,-0.85597961620673,-1.34309241782987,-1.04865049477635,-2.37100299922892,-1.3479034299598,-1.3408597290184,-1.41734808924275,-1.21921325950712,-2.02064611170742
"Q99747",NA,NA,NA,NA,NA,NA,NA,NA,NA,-2.1853893685337,NA,-2.52898833941604,-3.9930444375677,-2.54581510530665,-2.41553034440349,-3.36741865873356,-3.2422819212824,NA
"Q99757",-3.63006363355962,-2.40942642810135,-3.62851761685626,-1.97790561259157,-2.92672142030313,-3.4222681772742,-2.67673613087237,NA,-4.80293377393097,-3.61563836290539,-2.29204851625066,-2.76970502157305,-2.24280172744972,-2.42012547449796,-3.30700806964339,-2.4896171375437,-2.35813880767944,-1.68813304126226
"Q99798",-1.4223599747716,-0.740280919817477,-0.574577082084397,-0.764840753835584,-0.730860414160717,-1.21441098153361,-0.99612900393767,-0.610753142286903,-0.956349191300048,0.462085127440044,0.715995282530072,0.74147991300814,0.819091556752308,0.707856364843428,0.528070814705611,0.733128296652973,0.340079548855467,0.300966325938706
"Q99816",-1.23110721388344,-2.6464818300717,-0.36908319908065,-2.24513292304895,-1.16864036412141,-1.13760858986974,-0.422686988493506,-1.38934742625741,-0.359579265653212,-0.470648703596022,-0.696835483473372,-0.242270680757834,-1.09084058804314,-1.33345228662891,-0.578092624244483,-1.3180185907443,-1.75914826917817,-0.433156135746513
"Q99829",-0.965535006019194,-0.808475070316212,-0.655501744346742,-1.37567361546658,-1.01334683677412,-1.10897463462331,-1.19803992659831,-1.19271903055483,-0.718387133495114,0.307367683149087,-0.253194714876521,0.0548344825016027,-0.0309956812156464,-0.537828964227848,0.360988486907535,0.124685648988399,0.109991111639522,-0.639819505830228
"Q99832",1.29867409915731,1.34483862277119,1.69915299724965,1.1857885196375,1.15359354234296,1.26909969283058,1.18548730778645,0.775997949716732,1.29016518935133,2.03372711987754,1.79567291576195,2.01028772724371,1.89977395724186,1.79458665313927,1.98548350160274,1.73371930818366,1.75163374332277,1.74796671556211
"Q99873",1.24212997799077,1.34745092420531,1.52424799847537,1.46834414757991,1.37368157352218,1.39754417234519,1.33454802738687,1.34729000382904,1.35025550127101,1.83181710747396,1.79133431467277,1.78057017282482,1.44242233193472,1.55260285269877,1.53160351812955,1.40406949368173,1.27958821444297,1.23655119193132
"Q99941",0.0911645294126924,0.0830980454474251,0.0146299119035564,-0.310281257655554,-0.0914119348765237,0.143981415338745,0.178306383523466,0.160596545377542,-0.252246044456266,-2.33629256988517,-1.25528968843385,-1.6437643585842,-0.892365734792537,-1.44793567698238,-1.90781450057414,-2.11033114436229,-1.3127869688646,-1.05439864533558
"Q99961",-3.11633610875843,NA,-2.00397513705341,NA,-2.44878587272664,-2.96595536061315,-3.65926590223958,NA,-2.76604083914421,-1.51564740023945,-1.62929824839579,-1.37142379383571,-1.43915885089173,-1.49496532510528,-1.56591178726402,-2.6837215282442,-1.52036362428169,-1.51721520003321
"Q99983",-0.101053654791716,-0.415754941466369,-0.201265012766651,0.0984988603184238,-1.43315606278111,-0.0406266217723932,-0.466120492900373,-0.11788201880473,0.430353177934922,-0.693466317455957,-0.78905234113263,-0.269606224472858,-0.455249326244869,-0.282469171089636,0.206381491184395,-0.185763256424213,-0.287261111700955,-0.773056165974102
"Q99985",1.01408372083572,0.819110300746919,1.0068270657703,0.551374014174437,0.58515144495783,-0.0532814266312709,0.740303390713564,0.604646438704647,0.732951267320638,0.372011224559149,0.873383366151367,0.89438151800073,0.53208799138878,0.419595403667453,0.399889863025194,0.210545744988172,0.147678482941561,0.265365402659965
"Q99988",0.342823367311377,-0.526400630005472,-0.185401641437869,0.365222055619785,-0.574354693611247,0.565747589608128,0.0980182177613642,-0.432388966230898,0.794613775560949,0.414698587140933,-0.427111147530186,-3.84635765541914,-2.49832797853351,-1.20994579964497,0.133976593318385,-0.0811029592213686,-1.60660255757176,-2.18290835063152
"Q9BPX5",-0.691863973493966,-1.84432776448587,-0.354948717033435,-0.728358589254024,-1.2675409504223,-0.9251824499434,-0.930895581550262,-1.26081399811082,-1.41965413167922,-0.239253558488848,0.173547532100798,0.715722520193538,0.404639907213285,0.300341631506214,-0.163466283780281,0.132420344175003,0.342467067417333,0.18769867266874
"Q9BQ16",0.856910226030314,1.25557458780507,1.50713429691118,0.624137539495772,0.998760779574464,0.665802162792444,1.38784405412719,0.705901855724399,1.06722536862035,-1.32284998984658,-0.0912805060831179,-0.568665590879604,-0.013537682833995,-0.414307033858361,-0.865540445463521,-0.999682368001901,-0.495632451504942,-0.30081970838911
"Q9BQ51",-1.06405481319523,-0.561315910195264,-0.0880107943512805,-0.912163556892272,-1.19670308613862,-1.06795327051252,-0.615799061888645,-0.953139790232837,-0.337887861949728,-2.03228087371263,-1.44904361665212,-2.18707033193963,-1.12381642744411,-1.2985857224417,-1.09925732208564,-1.74408355244686,-1.44167076176677,-1.44059351773602
"Q9BQ61",NA,NA,-5.17851743034661,-3.82662044566627,NA,-5.6935410450439,NA,-5.42406354745682,NA,NA,-5.02388031316844,-3.72620432624366,-3.60062730569693,-6.05903403069242,-4.20263544708903,-3.09789016266926,-4.97687171564081,NA
"Q9BQ67",-1.59809206512059,-2.66817566479613,-2.59858221354671,-2.22694466404066,-3.50947493053054,-2.16361524915775,NA,-3.09726251706822,-1.83232348100366,-1.16098026078857,-2.78320328238548,-2.31081622523629,-1.79225309116423,-3.3591842102219,-4.40083570220167,-3.27811038762768,-2.52051077714687,-1.91058680892321
"Q9BQA1",0.021967998492153,-0.0525158475459975,0.422461471097364,0.109620502757542,0.254839881439871,0.0240904415991423,-0.193066066956836,-0.422929503291966,0.287832056702966,0.191234982484586,0.175229407671386,0.545318254646977,0.345655636898519,0.151832835379723,0.557315300288924,0.396358812881715,0.514761271518895,0.435480716701507
"Q9BQE3",-1.29172024517184,-0.797609481874549,-1.04453086219998,-0.592822185394549,-1.83680873165189,-0.43044881936544,-2.44652992171565,-1.50842657290073,-1.50551117466691,-0.0257209507181191,0.103002181960631,-0.125174821627999,-0.0740789406196072,0.126009220890642,0.375636206100113,0.0456296410395822,-0.182649792337818,-0.375044266585528
"Q9BQI7",3.04861260250259,3.33745527354722,2.53569244117782,3.28845177744294,2.74947696588696,3.33784352731709,2.91879028027269,3.35786704489074,3.16766192026846,2.72922064434935,2.54973937573137,2.6953826641756,2.4651020003637,3.08148885993484,2.33602601344819,2.83811400972498,3.04322084159532,2.84601307638399
"Q9BQT9",3.07139752834788,3.18049112571163,3.58905287883811,3.4357720905563,3.26660262700527,3.05364680527625,3.65797079821804,3.53208962096802,3.46155242823001,2.16237187023893,2.53880171373894,2.45063023902791,3.10956249544672,2.89791219822399,2.50529023979133,2.43051489726268,2.75878016421495,2.68007048264611
"Q9BR76",-0.0239439633887226,0.00857502834987045,0.22177402217673,0.459926685768428,0.138458501960105,-0.0263853502179803,0.126435020163768,0.0231914752921547,0.156641208618719,1.27944225536107,1.34236498916717,1.42820268121108,1.45025560844904,1.40953868782895,1.34097107738769,1.28699616478752,1.45027365054427,1.32290999832607
"Q9BRA2",2.35405447050561,2.31605938611739,2.79589539741522,2.54113680002311,2.54135294967508,2.58243710753573,2.35841947787405,2.38885634056511,2.47800840356543,2.99667055117238,2.91693895433854,2.96509500690865,3.14691421896601,3.02791228117148,2.85571491030073,3.02420189502566,3.25353854570898,3.22589211867636
"Q9BRF8",0.31208689449206,0.915850043290616,0.77391033145452,0.931059351514262,0.886295140061401,1.04637737134189,0.722161575828903,0.938316601044704,1.19022774372374,1.06153336327734,1.34229771050635,1.41369436292083,1.57340741511371,1.60358779525835,1.31588414204142,1.32900243292524,1.35125659487945,1.80113341761473
"Q9BRG1",-0.729415149145489,NA,-0.1956181741268,NA,-0.375603440600216,-0.405378984843249,-0.162538777587093,-0.239653458010592,-0.0556740128872448,-0.449286792510663,-0.604612197163886,-0.111114746598817,-0.367301092747195,-0.252968892233522,-0.101707600900321,-0.107399288667681,-0.604940471944276,-0.867449294852514
"Q9BRK3",0.346806704608705,0.875697935323384,1.14541847494851,1.43744369015773,1.12962308324138,0.916324546178341,1.06411611803686,1.13329348572603,1.05632661388339,-2.11250802445367,-1.60912249856724,-1.99592705288384,-2.17346019737789,-1.9185513379345,-2.43524364985595,-1.70949092948577,-1.81233965291167,-1.891193210025
"Q9BRK5",3.64518126968218,3.84955463549714,4.02243867608742,4.20000680669303,3.94834622898845,3.89077663017058,4.17215797525387,4.10857649602765,3.89721372525016,2.57218866196557,2.94955845519012,2.96407448679666,3.49471613449781,3.29602043894702,2.6662503995247,3.25080817789621,3.63958724771911,3.51249234007427
"Q9BRT3",NA,-1.16254585495585,-1.27556339302262,-0.393711639235125,-1.31422374426017,-1.53978981198154,-1.20979978669349,-1.49039412822197,-1.01861345340892,-0.702306975633267,-0.211275029430901,-0.814547214225841,-0.467590600301354,-0.871424691869641,-0.754672480252033,-0.0804275167084452,-0.220756769237523,-0.283575696472813
"Q9BS26",-0.43806227599214,0.0390081115317713,0.0760945632208205,-0.355811044326293,-0.130866677634653,-0.212743284159163,-0.330516851908435,0.174803405557403,0.111822304195345,-0.278205505185698,-0.20128365307928,-0.183873838603812,0.088165457557583,-0.323217334037638,-0.590209507321711,-0.600775762690256,-0.374157439922376,-0.146549850961067
"Q9BS40",NA,NA,-3.86809716367547,-2.35720967628039,-2.94652557270024,-3.92181393255059,-2.6409212373508,-3.21980127568379,-2.81881866333875,-1.27006156402525,-0.958503280815189,-1.12446372675231,-0.675526066156338,-0.698045551398983,-0.732041088119673,-1.47518333564901,-0.534397300421554,-0.882870817627047
"Q9BSG5",-1.06592882975659,-1.23652197883225,0.0962276982228136,-0.319850942865587,-0.942300895169546,-1.13368172160972,-0.50556069932307,-0.524155267141044,-0.421885915908753,-1.43824161033131,-0.352442118998333,-1.10485253399043,-0.814847246292085,-3.22737808485945,-1.0236126216876,-2.20782860370968,-1.03905413923533,-1.2742119775229
"Q9BSH4",-2.10708856916234,NA,-2.56947590275411,NA,-4.46462996207838,NA,-2.17793325008736,NA,-2.45189438908076,-1.90241290214444,-2.79202828253595,-1.85735283885014,-2.67892612688932,-2.76653346313644,-3.54797361828933,-1.95036331435959,-2.84448217951623,-2.3179732602546
"Q9BSJ8",-1.30438320622327,-1.83175912165274,-0.954565093465759,-1.44567382008883,-1.73153285304957,-2.27317256772303,-1.09776829599187,-1.49322479939593,-1.7138714859006,-0.615107067955895,-0.519191894827199,-0.396970453628717,-0.557772943356449,-0.665363769932343,-0.283802199722071,-0.989151394422651,-0.763385038469552,-0.831277236913673
"Q9BT78",-0.971858586145556,-1.21261254880306,-0.880360491457793,-1.29881186927221,-1.61321213760195,-1.21485826577058,-1.19019905790507,-1.73557847229887,-0.982328594179291,-0.534849171216463,-0.623094484232626,-0.532317712734599,-0.860524398650543,-0.953260465868789,-0.884383175261921,-1.01003364916772,-0.737025752312885,-1.01048352722395
"Q9BTE7",NA,NA,NA,NA,NA,NA,-2.76947626983992,NA,NA,NA,-3.35939957055857,NA,NA,NA,-2.55448584089832,NA,NA,NA
"Q9BTT0",-0.301717033134617,-1.05420477391086,-2.31566000788366,-0.818520345590105,-1.02156242111668,-0.806919733647484,-0.974931768992478,-0.402343680581382,-0.37842812485705,0.0340970027827581,-0.363467471811354,-0.654888323054815,-0.735180882140586,-0.48415959801264,-0.761074542363087,-0.449340008595598,-0.34591604762916,-1.74028553383486
"Q9BTW9",NA,NA,-3.51443925666098,-4.39335635652598,NA,-3.03202200862492,-4.26428385790103,-3.31207689871119,-3.85878177852149,-2.41502527977063,-2.9529324470446,-1.79842402346795,-2.25904416855847,-2.6764971403227,-3.13915746729979,-2.67076143189901,-2.21069131299811,-4.10540695618861
"Q9BTY2",2.95274449952532,3.11330006283614,3.08335352105759,3.18780478648025,2.99549500385389,2.91664312534141,3.29451592887527,2.99798431438832,3.01672745869384,2.273293827423,2.77533057094074,2.80891479666414,3.57503853594751,3.65383793576468,3.03686336806321,3.25327334995379,3.47629349919084,3.57345878784868
"Q9BU40",1.95574483899979,2.49728879938849,2.63633659516309,1.78583212606149,2.39710369299852,1.98658761612115,2.31029625008327,2.04950085016045,2.32889860807471,-0.163496409308607,0.101941752913497,0.0927711899068857,-2.20111186901845,-1.79339324258092,-1.67971566895547,-1.15484560916599,-1.53987377654501,-1.73612138003416
"Q9BU89",NA,-4.8290478717759,NA,-2.10459187229634,-2.54190326161805,NA,-4.12643829102935,NA,NA,-1.04663972613861,-1.70388832179127,-1.7286158705195,-1.61854208913897,-2.19080419140398,-1.77868579050201,-1.82989467812839,-2.3997842236437,-2.4103288706822
"Q9BUF5",-2.64450501709207,-1.59786412696668,-1.52924340791543,-1.46950404101305,-1.91856921470145,-0.876150239781617,-1.58043694274089,-2.09860804915606,-1.82656097078091,-0.126883810411316,-0.438072542521359,-0.0578179072705733,0.168419386489731,0.0578414211225144,0.431719018564126,0.451790848805331,-0.0283515686585201,0.666259422201895
"Q9BUH6",-4.52777830918232,-3.07139282288597,-2.91697733933237,-3.03359887604577,-1.9520672138982,-2.21348510093707,-3.15330888460571,-2.09390451245433,-2.2551555152829,-2.46688784129682,-2.43125545353518,-2.24375388862464,-2.83613668059553,-2.07074641930672,-3.62843469366401,-2.04118038690824,-3.22292008699062,-2.51374434171704
"Q9BUJ0",-0.978244798434254,-0.679348067581828,-0.0141396981019195,-0.230207174984434,-0.50820303709995,-0.539878214619854,0.274377155096641,-0.12056337767407,-0.237522009555693,-2.79758958149452,-2.03766802521438,-2.0586246552975,-1.66399053281405,-2.02507437209365,-2.43237205312706,-2.54575702705884,-2.37903575501991,-2.3791872409298
"Q9BUJ2",NA,NA,NA,NA,NA,NA,-2.10576852779591,NA,NA,-4.5813465818554,-6.23582416256078,-3.50497903058228,-3.29321858468684,NA,NA,-4.44735790157642,NA,-3.46703610090812
"Q9BUL8",-1.53030676859251,-1.23337584425692,-1.23032179555913,-1.74364649612965,-1.033205714702,-1.21627067570393,-1.80812425246723,-1.48384103674458,-1.76954287386454,-0.203704054284616,-0.271939659272785,0.0903083329149847,-0.252249519181341,-0.0818122310541938,-0.110142969698485,0.0234189762085748,-0.123812843695118,-0.359732908279833
"Q9BUQ8",NA,NA,NA,-4.8346885577478,NA,-5.34892395847166,-4.84575209721154,NA,-5.11947871951456,-4.5657020033311,-3.3094806989128,-3.21792950274533,NA,-5.84805819633893,NA,-3.36299254928935,NA,NA
"Q9BUT1",NA,-2.23624303903676,-4.09212745842258,NA,-1.31471618736325,-3.95286039005021,-1.98916511012417,NA,-3.31790495563533,-0.792712203697767,-2.20480308008968,-1.12894266769735,NA,-1.75669756073099,-2.30665657619596,-1.84608335973202,-1.12116861354432,-1.7658216993285
"Q9BV40",-3.3195674239199,NA,-3.13963615799466,-1.99085475059472,NA,NA,-2.20204843466146,NA,-2.08446284095604,-1.72201280982928,-2.29495952981942,-2.02344368573902,-2.35441090872309,-2.88947562226622,-2.55182082466259,-3.04586787390349,-2.95647913025451,-1.89164766888447
"Q9BV57",-1.90384367254447,-1.90983574739532,-1.60629683035909,-1.55026222723196,-1.97069841306987,-1.190336504641,-2.60154907717612,-2.03835826556246,-1.45610272162522,-1.72705498555113,-1.78848526940516,-1.68671411716049,-1.61514004369583,-1.6014357923914,-1.27734059476041,-1.12717960365794,-1.67551871567821,-1.14311765177143
"Q9BVC6",-2.32508841281993,NA,-1.29437801086359,NA,NA,NA,-2.569674292389,NA,NA,-0.537807606033935,-2.16195028536353,-0.277907891238629,-0.735170884747102,NA,-1.93964219470426,-1.5354949477358,-1.25572744606911,-1.50409123850504
"Q9BVG4",0.227659305976939,0.22619242186069,0.181752608671051,0.0110109086143879,0.352198872705857,-0.521782477500341,0.180014778281384,0.633040946610345,0.503258484011235,0.0520948911795127,0.228558100687081,0.589313928663218,0.641795686757485,0.604945938676401,0.348986206134592,0.0743759818861189,0.289282432779613,0.237593290216944
"Q9BW91",NA,-1.48070954963323,-2.41033276325991,-2.68106929611868,-3.22396419879531,-2.35233386123104,-1.47911006729914,-1.48821942541163,-3.43386682897198,-2.25937668065761,-2.21015848832834,-2.09211375436448,-2.69983275408167,-1.88472451841581,-2.88982465104169,-2.08752609444159,-2.23225748368418,-2.93130523584207
"Q9BWD1",1.66898897077347,1.51981475208773,2.04859144987538,1.83846468476774,1.56777830146104,1.61873326198203,1.8595701734893,1.50941222751246,1.94873712576026,1.54577053879611,1.7756458426397,1.79956742585099,2.01744450927914,1.84869897138505,1.93004959741729,2.09985313043534,1.7694970383281,1.9483320114526
"Q9BWS9",2.78146483597272,2.83141666666707,3.14473615243762,3.07610612929543,2.89979568736398,2.71399975295567,3.23961527100844,3.08586393727515,3.06424453750977,1.48979488235356,1.96826506838884,2.09349669373769,2.20484296972267,2.23938951719487,1.81207923297393,1.63044202730407,2.11289429491604,2.20078331086293
"Q9BWU0",NA,NA,NA,NA,NA,NA,-2.08326288743823,NA,NA,-0.944694577587852,-2.14913731524872,-1.80205676660369,-1.41246042226471,-2.31843683955813,-2.80739313492598,NA,-1.35174091417258,NA
"Q9BX68",-2.06376553332612,-1.17741160183193,-0.907087553664132,-2.43528042520428,-1.98064009672951,-2.65848561876988,-1.98977603054003,-1.2909232123807,-1.77374218155396,-0.380432871972694,-0.54343955672262,-0.303762730212842,-0.599206672291005,-0.71658602709877,-0.543078254423648,-0.678710949653542,-1.24327229277865,-0.413719711849986
"Q9BX97",0.425149470143474,0.424490303229016,-0.104640220038213,0.033743265487896,0.0142185832900505,0.241024332138927,0.0516728233692909,-0.145168283313385,0.746394135803881,-0.76019368734226,-0.364011589325098,-0.255470803406874,-0.540398766577513,-0.296547933569297,-0.195446159965906,-0.19674779168178,-0.703972815575234,-0.206708360553423
"Q9BXJ4",-0.0381910881098992,0.178821102721267,-0.817220658612675,-0.220472003122348,0.0636009225487637,-0.106858113317173,-0.218194087407827,0.335957405218423,-0.0911231670141674,-0.126857675000394,-0.305274954215163,-0.858150877959783,-0.444419934022822,-0.214738539347502,-0.296286606915992,0.106054345740366,-0.122685391260884,-0.419987587209963
"Q9BXJ9",-1.62809119667527,-1.29759998420664,-0.764294635699029,-1.4282104565738,-1.62757762012827,-1.85194970865817,-1.36842759086251,-2.51884287620927,-1.43300885006782,-0.216933647733297,-0.483552348605592,-0.0972274530888164,-0.838895976255224,-0.472870529349424,-0.633348336628814,-0.993273375766457,-1.03139953571151,-1.13989541048544
"Q9BXN6;Q9NY87",-1.50517380964297,-2.03899897324409,-0.941637924393925,-0.875198970286657,-1.34126900652293,-1.59030629551778,-1.63987652466021,-0.70935419881341,-1.84988588599757,-0.984186190588009,-0.75568391977585,-1.13607815639345,-0.151017460836545,-1.59850901262239,-0.447678706796024,-1.32760761903138,-0.651266007842911,-0.573874159137087
"Q9BXP5",-3.93273546982303,-3.07091368993526,-2.99492171214032,NA,-2.82874638499876,-3.90024739418949,-5.91506577036818,-3.97250279242309,-2.379553490879,-1.82370734012104,-2.3731416498382,-2.82329351507028,-3.04162421782916,-1.76276892643098,-2.53507845944405,-2.92056274502871,-4.04525152508625,-3.66853760998669
"Q9BXR5",NA,0.331973986437021,-1.79797527444639,-0.928563839738754,-0.974726793638248,0.044528425911853,1.22526064859183,-0.863647755328195,-0.334917508151323,-0.177945476220991,0.342652897929012,-0.079129783220985,-1.93279424035237,-0.50834156027307,-1.19057604202816,-0.856168412268937,0.562863645980539,-0.0731743294621818
"Q9BXS4",0.403329476615681,0.154793736610566,0.00795693819486409,0.400675022099295,-0.361170935286621,0.415999405013126,0.324589352487891,0.366759342591322,0.198435340377447,-0.235132770896113,-0.247464259500669,-0.938631605684301,-0.591232751311918,-0.589811890000459,-1.13684909292676,-1.55399162581725,-0.597373102100673,-0.493466691400235
"Q9BXS5",-0.70905012078279,-0.115203727381489,-0.681243717193635,-0.455127071420625,-0.335415574425062,-0.284867719860971,-0.445826282040551,-0.962576345849669,-0.413976419055148,0.350447160098373,0.0433510227354628,0.152748238683714,0.202658944771306,-0.0733075336569726,0.0822910356971569,-0.100383771611172,0.106555441209,-0.449760579168117
"Q9BY32",-1.21981790886575,-0.713523994533992,-0.794185493919406,-0.896264547302576,-1.63530367338083,-0.671741066852071,-1.32203932634599,-0.475574392831856,-0.391835006788678,-0.0327260339827564,-0.573243550791076,-0.131587208244159,-0.16382005170612,0.0366065646834723,-0.350930380676933,-0.41139471176094,-0.27279956170123,-0.522056586494534
"Q9BY44",-1.32518564954372,-1.44430760490273,-0.9506785655812,-1.07388597472412,-1.0191075571241,-1.17549718099255,-1.23517843651155,-0.945473217905033,-0.830052780613004,-0.181572681537048,-0.124270620268693,-0.226731044518914,0.166356877768369,-0.00512383508959147,-0.136026199958794,-0.230671148579379,-0.705482468362895,0.146884095160983
"Q9BY76",NA,NA,-3.48405152402818,-2.36544780312781,-3.41499815501505,NA,NA,NA,-4.07967590080527,-1.52729259165848,-1.4249300155089,-1.3224326727226,-1.75520760816258,-2.27857199805271,-0.079917466659845,-1.56492160896374,-2.28819317020617,NA
"Q9BYC5",1.10438789578425,0.806517114378519,1.37293250602318,0.776526618890669,1.13358734580947,0.762702121321015,1.25696785888016,0.743931823962983,0.828098565215342,0.566955399719625,0.939038790636895,0.893146895913494,0.424555721475047,0.404923604731213,0.104834980053461,0.0350793346740712,0.125099953488593,0.380452189344144
"Q9BYE2",-1.35837593359863,-3.10841968021173,-4.05768962690658,-1.0119206109651,-1.54602271121454,-0.85766712681297,-1.21613048094847,-0.921887546451932,-1.61458088638622,-2.33364437034179,NA,NA,NA,-2.26689848830511,-2.28962606413021,NA,NA,-4.41828017189593
"Q9BYT8",-2.1575809335283,-2.620877218322,-1.98315919330798,-2.49629560125712,-1.96845595513938,-1.48574261164512,-2.51067770039205,-2.05784321894441,-2.63074900713922,-1.81799760410864,-1.74444368177304,-1.21752991231892,-1.52556032050523,-1.91884359373421,-0.86033035403519,-1.70588496784211,-1.90223154408697,-0.980026787448129
"Q9BZ76",-0.507253110593185,-0.917437368449022,-0.272412308353315,-0.211446157121594,-0.47689745077904,-0.370302329202461,-0.311128122974338,-0.30665352718839,-0.431430002893503,-3.09189888261125,-2.80659454851913,-2.35733504135614,-2.01493723318202,-2.23099664939099,-2.6814558291521,-2.86816962427871,-3.44215704886567,-3.19283204712212
"Q9BZK7",-2.10951652737355,-2.32690528154334,-3.13084891360477,-2.2629164425692,-2.06643150089449,-3.24819807703531,-2.26576227206365,-3.95488041453745,-2.5226357414966,-1.69841607668654,-3.17657213248945,-2.37207676058247,-1.9058655651477,-2.55062667057375,-2.5315769706528,-1.86322675904026,-2.2795233189958,-1.80920301951223
"Q9BZM5",3.20818771321345,3.33934270116437,3.31504217607731,3.49275433819113,3.34774120729287,2.97826406393844,3.45214916936702,3.60507694761695,3.41528226533234,1.14822371429811,1.74634086880879,1.80067653240237,2.19232799664022,2.13526487095454,1.85049906902134,1.78325052634276,2.34291835012967,2.3882970058991
"Q9BZP6",1.44979176166712,1.90442405862526,1.04449308050822,1.17950205427434,1.21217133424634,1.43919017667255,1.4914089817838,1.81642451252714,1.78886837406814,1.06310891694304,0.416732501441755,1.16573330544787,0.92750517477865,0.376640018196831,0.830102239802644,1.34751661027916,0.53799393184968,1.63134263820446
"Q9BZQ8",-1.84363439215497,-1.86964502550145,-1.19519285532998,-2.01170110784055,-1.35474310503051,-1.81339742187967,-1.14865092196014,-1.75007716518651,-1.46933835280338,-0.879158207164257,-0.928720791160109,-1.01385324906698,-0.878381457830181,-0.76806566973626,-0.909087909659211,-0.811380960172055,-1.1102322771935,-0.836242895052863
"Q9BZZ5",-0.317938379503415,0.29472931517603,0.240097826467856,0.391367930855685,-0.0575490588546472,-0.191475614001362,0.223356224045956,0.15606258765086,0.214156553140034,0.689732348376539,0.928705941011888,0.944848055562661,0.797730387511891,0.44902312225406,0.771007642729399,0.440955072633963,0.652402435730449,0.724021932041259
"Q9C005",NA,NA,-1.11507699370535,-1.34989859335023,-1.62376737841511,-1.4525601227183,-1.70033627046151,NA,-1.11827971592411,-0.818330775001926,-0.883522189632606,-0.952546960535652,-1.64001342704703,-1.75037572735056,-1.71130968327048,-0.775320546345345,-1.81483602994112,-0.90802047059828
"Q9C0A0",2.1322170454522,1.28190458760969,-0.360096287779817,1.66122973264976,1.430242669983,1.47154961790638,1.77833162859116,2.13420741810494,2.11247888572949,2.21182006703855,1.89496546984159,1.54367088021708,0.797656784527813,1.57900828714766,1.78704307601349,1.79820750642519,1.43887110200223,-0.0680555860460146
"Q9C0B1",NA,NA,-4.72179543197748,NA,NA,NA,NA,NA,NA,-2.74997580698757,-4.40872528785664,-3.37497753948345,-3.81579864899776,-2.8918220467866,-4.24265642633873,-3.17698884504231,-3.90788131398362,-3.13399017120992
"Q9C0B2",7.96210255804197,7.87030561149648,7.04505109923197,7.85389209488842,17.838267685616,7.90974227924899,7.3085265679451,8.07592262208513,7.755600109466,6.60872707375923,6.69279181303075,6.38593048403593,6.53423327639534,6.96599999700917,7.08965612323665,6.98673761040896,6.71804701629685,16.8303839827799
"Q9C0C2",-4.20562438774184,-3.98890868559873,-3.43801126034344,-3.06137677610426,-2.55813843335934,-2.97416177612149,-3.11831427901475,-3.06673883738305,-3.6644651536263,-1.85655306853869,-2.81766852569087,-2.95102168991171,-2.26344942472866,-2.64819343656894,-3.29232752305411,-1.83682811123796,-1.98795867082572,-4.8751270968587
"Q9C0C4",-2.45743346273606,-2.20293620446838,-1.7627907836879,-1.89679258650743,-2.32980724652828,-2.18020772290923,-1.69248799077866,-2.16582884304604,-2.80282560848618,-3.18882412426754,-3.62366128787384,-3.79531517319504,-3.00934213346805,-3.74484867188025,-2.84557108253209,NA,-3.22361836404956,-3.40638141412888
"Q9C0G6",1.98785635621817,1.93991244648654,1.07037384701385,1.4732832254071,1.53537757528726,1.69786593979912,1.21740378498364,1.25347144226216,1.54810462859904,0.529319612068118,0.667692366191449,0.492255145271377,-0.0310991059089556,0.712301458093387,0.858796251524208,0.407829188659864,0.248257226898298,0.0988504887357742
"Q9GZL7",-1.25384721580015,-1.03027759340055,-1.62200138025239,-1.48890551363411,-0.816212162792707,-2.47514034294279,-1.39818827363446,-2.9205962441212,-2.26690197201,-1.60744439045014,-2.21349453488315,-0.95883980503281,-1.15120269620708,-1.41546948641089,-1.55400197592887,-1.002761523163,-1.14104876138069,-1.61079111091342
"Q9GZM5",1.6338894686374,1.61678472640678,1.74897651759574,1.94878224823719,1.84997009186576,1.64733143419314,1.80963005480301,1.54793945989015,1.65933938220422,0.00136013892083042,0.210283919256039,0.700063638812885,1.36265820794964,1.24915227561488,-0.00879800226310223,-0.320902321827047,0.700454486735055,0.848756455941013
"Q9GZM7",4.16399179163803,4.21482120371808,4.53978186642788,3.57857137493673,3.73808293026663,3.3906536826315,3.98796838916765,3.06433102576564,3.74338683105991,0.831443931649138,1.39805486645129,1.25531849462887,1.69810964206047,1.5886760881336,1.21101665978665,0.571376746884345,1.51699987542988,1.37559662570032
"Q9GZN8",-3.02505176214626,NA,-2.85477150185742,-2.00460233400926,NA,NA,NA,NA,NA,-3.88795585087314,-4.90987423205217,-2.00128583778022,-2.80299545842866,-2.61660256667892,-2.19322268850266,-2.23556906004211,-1.79259798371501,-2.52611181960166
"Q9GZP0",2.39224333744599,2.11932690888333,2.66144893331885,2.4601975539246,2.32557680986132,2.1581407689464,2.53670810016722,2.09436077635088,2.54816487633386,-0.196515767877154,0.680420698529902,0.585761947510649,0.854980077817855,0.906581715114665,0.260656641280908,0.3392575380457,1.07277148957371,0.865063230921505
"Q9GZT8",-2.83007963952685,-3.35588599825084,-1.78832665570936,-1.44493843514794,-2.67195909876905,-2.20995382496937,-3.03637104257048,-3.00402412540905,-2.81985147514331,-1.31218598084374,-0.707040257667257,-1.82756226578117,-2.18021401564299,-1.48695283621707,-1.89763724628994,-1.51973271184554,-2.98450803756682,-2.01595870346396
"Q9GZX9",4.09696798463152,4.25014284131919,4.51650370615523,4.16908064851702,4.29895370205888,4.06838387932817,4.56959085952034,4.36981839111586,4.33285269088005,2.92110666885501,2.98606410588468,2.88398864978186,3.08049508936483,2.94578627340746,2.63970734329203,2.94042271154285,3.08137908714333,3.12347011575288
"Q9GZZ1",-4.01257149768337,-2.26180321460809,-2.61524917589951,-3.12562125736284,-2.81662284224103,-2.66868968555137,-2.73962571074046,-3.00759774552689,-2.92137318656667,-1.93045367206953,-1.42363874734436,-1.78901751801866,-1.89920425351574,-2.01695635402301,-2.02789454049005,-2.05681773411845,-2.11944792779289,-1.87014822736974
"Q9H013",NA,-2.51354384107875,-1.16874631510236,-1.13017218388131,-2.07987649922855,-1.24375613417881,-2.20994037549072,-1.01743962690935,-1.51941720210683,-1.91076196898853,-0.831099810143767,-0.907432543850346,-0.604683032969636,-1.25356722550326,-1.07850426006012,-1.76568126809944,-0.780667635637525,-0.888016910767107
"Q9H074",-1.28177460225751,-1.23790587531499,-0.915305192900304,-0.545830291908771,-1.06028790701656,-1.05717218196475,-0.943295626671651,-1.22564371262173,-0.924476369117793,-0.302960208208603,-0.524579258964486,-0.140109349735649,-0.718293465100404,-0.32143435022601,-0.701937521954931,-0.606506768300882,-0.85646247361893,-1.05183158537152
"Q9H098",-3.55280519238757,NA,-3.48732640672765,-2.47713021434671,-3.85780033438581,-2.54919719378905,-3.2484655639602,-2.04382696969953,-4.50660501798517,-1.94402938221646,-2.68076000220303,-2.78728829294371,-3.55971800038747,-2.53192525025423,-4.17453284514858,-5.02197341538019,-3.91803436508437,NA
"Q9H0A0",-1.72677638067359,-1.59169752071111,-0.648896661538857,-1.87367068655121,-2.81473184350507,-2.59131997570592,-3.15664174406754,-2.07948325482239,-2.1342358411423,-2.037035915575,-3.85571357884349,-2.94594030648781,-3.38346282898975,-4.54093359477647,-3.993056011847,-2.46656856404124,-2.67629459089339,-1.58995865352503
"Q9H0B6",NA,NA,NA,NA,NA,NA,NA,NA,NA,-2.33419804682458,-2.01571417844834,-1.07001961212532,-1.60481397675758,NA,-1.02867096080412,-2.22911713182322,-1.54295876414632,NA
"Q9H0D6",-0.763203958862932,-1.66858816038887,-0.794791780915942,-0.847758903991889,-1.58503742487544,-1.63958766893495,-1.38434085369446,-1.36298922002657,-1.11315131321984,-0.846242086444549,-2.2164430953993,-1.02786747058461,-1.11749195490712,-1.16174996077809,-0.934646234618587,-1.12226746842818,-1.54983458475796,-1.79597138393326
"Q9H0E2",-3.94688566302151,NA,-2.63859032504826,-2.04707615883213,NA,-2.94887316526851,-1.93266410822275,-5.42538067245563,NA,-1.30639173747631,-2.8803171794119,-1.63553969296933,-1.77718422128785,-2.2284419412857,-3.75857683803844,-2.25902701175892,-2.10678824444523,-1.76086050217293
"Q9H0U4",2.15572605437016,2.4727381520655,2.55428925278266,2.47802677458886,2.51678141705403,2.28169185985678,2.5131767912296,2.07681569619089,2.39091815238361,2.93537553898582,2.94369350189504,3.03775381237102,2.81724863308803,2.78143342743437,3.15633421193191,3.01598767602965,3.04890775613394,3.09485777245386
"Q9H0W9",-0.00299178025579394,0.448688979885219,-0.122642446708701,0.55970158814303,-0.243054782604247,0.167811259959887,-0.0355370110980733,0.269140842497071,-0.20866342623715,-0.262554244442756,0.184979833293429,-0.018852017949655,-0.195321593762497,-0.173463440921539,-0.578818349574438,-0.236108939696081,-0.372564189250788,0.0317876943079618
"Q9H173",1.37081198251059,1.33164447548336,1.63677316927597,1.50543301985396,0.89016518322253,0.924413248349298,1.89595494793746,1.06507139031989,1.7194122020038,0.424904203190687,0.605883758111053,0.312948236214966,0.323896545694469,0.471116118858143,0.025755466349386,0.470220991661927,0.353076458941741,0.513202673072364
"Q9H1B5",0.251831647992645,0.602537699197962,0.656434824555587,0.372061620864413,0.201727065963967,0.0655901158117072,0.578401601668146,-0.216273857526575,0.412003136165685,-0.658207583441939,-0.308373722449417,0.150807795071575,-0.0256793079639923,-0.169099160106642,-0.407934467232911,-0.889856770274173,0.011930117442839,0.0939008018295091
"Q9H1E3",0.189683938785347,-0.409241040732519,0.246048831452553,0.31054010798322,-0.170428408856122,-0.163693704139733,0.174658225075383,0.0704441988145081,0.0858193520989143,1.31203406851914,1.05880216715495,0.676189272001585,0.750084452654027,0.9859925761928,0.628779070558355,0.741612220819302,0.488596995400481,0.756219765121793
"Q9H1K6",-1.50435619127029,-0.0149983243661485,-1.66541691230751,-1.11945004879332,0.135869479222016,0.296183762266201,-0.0380910377391963,NA,0.688535754619608,-0.170634792320492,0.234021531518605,-0.405870514731028,-0.301299006811428,-1.39420079982633,-0.225303938901639,-2.23134195441139,-0.788751048762998,-0.633199170767703
"Q9H223",NA,NA,NA,NA,-2.50539424934775,-4.22675980484423,-3.94453468517075,NA,NA,-2.57755107014966,-4.35185425118585,-2.8453353773319,-3.09915426852435,-2.17467561304202,-2.88762883371917,-3.65596615550558,-2.55178402938484,-3.37510856263238
"Q9H254",NA,NA,NA,NA,NA,NA,NA,NA,NA,-2.3614837215128,-4.5168586846456,-2.88834206966857,NA,-3.89722301949618,NA,-2.21549626387278,-4.37751235039321,NA
"Q9H299",3.18955203424895,3.04872284108116,3.35560991901017,3.3947011662734,3.25360638518521,3.2068488731559,3.34476752359219,3.18241704813091,3.05849135348971,3.68459513525164,3.6066889660286,3.56725503775982,3.38845455162503,3.51969174474152,3.19538184950812,3.52226652305485,3.38622770642709,3.80663395543933
"Q9H2G2",-1.74256147606704,-2.04088246568573,-2.0515916632379,-1.82732226698983,-1.98782337580463,-2.0427463505345,-2.45629407813654,-2.82516351095347,-2.09539514052607,-1.98733069515002,-2.48977625096546,-1.77621331794273,-2.96319136237249,-3.39534163368629,-3.03870904359418,-3.26682672969098,-3.39367591301823,-2.97365398781624
"Q9H2H8",-0.968804464893526,-2.23041947179312,-2.00520172515531,-2.35245935961929,-2.16785007879873,-1.70167737004604,-3.64123204130446,-2.95592858273295,-1.75085355346133,-1.27795269650584,-0.787288605142711,-0.915825300520362,-1.04262002121446,-1.30652584023103,-1.33254412922066,-1.70570274905487,-0.904652999637063,-1.18716155125881
"Q9H2J4",-2.38724454033682,NA,-3.17852889917378,-2.60101875033668,-5.33215875298043,NA,-3.63463230161499,-3.07027832128069,-4.60739701768137,-3.32902936073714,-3.42298950075832,-3.5910636481719,-4.85040764266731,-3.19873582159507,-4.05865521429862,-3.13487221201014,-4.57592439103502,-4.74435086488205
"Q9H2K8",-0.00158559485779719,0.626761858651799,-0.251064647457008,-0.37590041916263,0.395814518064713,0.306879484549027,-0.345194470982358,-0.644066671127696,0.477305795023453,0.0865497905312047,0.261504232292829,-0.466262115156802,-0.972241277996134,-0.570393937711283,0.159584191017489,-0.216690353846925,-0.0603316345030098,-0.281045381951799
"Q9H2M3",NA,NA,NA,-3.05982816041267,NA,-4.83312480118629,NA,NA,NA,NA,NA,NA,NA,NA,NA,NA,NA,NA
"Q9H2U2",-2.61682691942933,-1.65772094032331,-1.82442270130885,-1.95270679212068,-2.54452231336575,-2.24937819793294,-1.68070826234994,-1.59433289046976,-3.05318774271946,0.0259024520724296,0.215927254656235,0.147396947255094,0.253016126692147,0.310566675053341,0.260069863595573,0.0943599238987822,-0.139500347536472,-0.104557300364288
"Q9H307",-3.7292576646863,NA,-3.55773733294619,-3.41423432504919,-2.94014072836896,NA,-2.59705371863858,-1.93544581349748,NA,-1.8493178912846,-2.59203107003091,-1.56568202390755,-2.33778682406994,-2.70498390839962,-3.10059548076486,-2.18951248998521,-2.55068839492949,-2.3072941902268
"Q9H3G5",3.82939735185331,3.89617213031923,4.25932419899806,3.94179443884994,3.81275569548127,3.71000879121337,4.28460088109758,4.22230042716537,3.90115271849265,2.64161859846343,3.32192852405023,3.22813719521633,3.7324200725325,3.61108524068222,2.77741170897493,2.97654578899078,3.56565906274855,3.61308994368512
"Q9H3H3",-0.691992497702354,-0.446928111614717,-0.0261151256238925,-0.165669865412651,-0.499072248035784,0.00468539114919686,-0.110843603376383,-0.135698441127973,-0.159197318978709,0.544576917034904,0.570472607028263,0.824093175251248,1.06212734882642,0.937370324892241,0.860590007620656,0.552524851210338,0.510768071582893,0.954043450225241
"Q9H3K6",-1.09996791439468,-0.621546932326675,-0.163485058289305,-1.47413052634384,-1.66494285417894,-0.836991593476411,-1.20141530457799,-1.48386473493253,-1.86489713855786,-0.0310011750728485,-1.04452108005799,-0.413821038876054,-0.193849668445553,-0.394330649513948,-0.131684225701896,-0.0798623229533266,-0.16658188313099,0.0228071737294968
"Q9H3N1",NA,NA,-2.90444010483129,-6.01193971028325,NA,NA,NA,NA,-2.58059269374771,-3.45650031378113,-3.21767835566082,-3.89126812512227,-2.14193613492387,-2.39865328186636,-4.06374844203617,-2.20185732440578,-3.89250071500367,-4.11883442553549
"Q9H3P7",-1.98547339708462,-1.78324873221927,-1.79051560112185,-1.80526130948457,-2.00374467349961,-2.21104440422158,-2.70001150351553,-2.5836334649961,-2.24825742428536,-1.64206503045332,-1.69441100876887,-1.39569093238538,-1.37676284625156,-1.32736748174303,-1.62651558520259,-1.52280104614898,-1.20108440210335,-1.68861367382357
"Q9H3S7",-2.11349926178521,NA,-1.97991155094763,NA,NA,NA,-1.37403383563522,-1.0741880365019,-4.40991335110453,-1.08307707069253,-1.63594399417393,-1.50884618530417,-1.64431698704598,-2.79452704515413,-3.79815854430393,NA,-2.64115678989837,-2.4315594943101
"Q9H3T3",-0.565186575030674,-0.380859616966472,-0.200803083841173,-0.472785577207913,-0.521352204665934,-0.521396130840785,-0.14912057031059,-0.252248067441835,-0.494291663092252,-2.03413134791602,-1.61876862531188,-1.64148544687591,-2.04708888499353,-1.93341448567749,-2.1239251473932,-2.0764551511426,-2.48464898584792,-1.95718769976288
"Q9H3U1",-3.82330481945002,-2.4319928498358,-3.83170224007314,-3.11920366534187,-3.94355648360013,-3.18745457468824,-4.06227840780235,-4.14638830703522,-4.23261382587356,-3.20657018057838,-6.44306490817582,-3.41331954580266,-3.50914298219269,-2.17776238663543,-3.04985297210763,-3.07780692081829,-3.66243928511593,-3.0689273645248
"Q9H444",-1.96835439083677,-4.02001425341603,-3.14412563336538,-2.60975693562165,-2.62903677622479,-1.3947080000362,-2.33069845841552,-1.40073702679286,-2.70097696923757,-1.23480704905593,-0.731102929987914,-0.98996621039112,-1.0416968718316,-2.13151511037026,-1.27640048748335,-1.6872603341483,-0.989021031874327,-1.00701385414133
"Q9H461",-0.451620916602849,-1.0705443173327,-0.746479013774412,-2.81091169779461,-1.14406766505439,-1.25489540701702,-1.50991800279453,-1.82953585734221,-1.47046944612941,-2.25066327956349,NA,-2.73954925505756,-3.77558152034732,NA,NA,NA,NA,-4.73368510364862
"Q9H488",-2.36851683525167,NA,-2.82782593766759,-3.34882746375298,-1.60343354122045,-1.55958995702824,-2.23109916259416,-4.85346002480663,-2.12404717326964,-2.22077557971578,-1.76455218391569,-1.54996630878728,-1.78566490404609,-2.18325758058944,-2.61000417552402,-1.91124512358088,-1.27128400906912,-1.00499868343128
"Q9H497",-1.75313100817883,-1.86727023746138,-1.13036979261623,NA,NA,NA,-1.48245216276155,NA,-0.60447358260798,NA,NA,NA,-3.1098076626679,NA,NA,NA,NA,NA
"Q9H4A4",0.251239008239182,0.48079843341306,0.628770643549654,0.708258317745416,0.588498267264534,0.577556318832958,0.564348742750195,0.434743991424812,0.308200592018858,1.31455013862505,1.40021487109095,1.35599725239838,1.62934918342757,1.44116529134235,1.16505988227332,1.32804256964876,1.45257839677303,1.5746267558812
"Q9H4B7",1.19978204918706,1.38836485844748,0.598018987083934,1.09350355907048,0.802654860134455,0.921047097590343,0.882792411311208,0.959878142514524,1.18192159145968,0.553185160375952,0.628485259189294,0.184014682507076,0.0414512806206719,0.874902718529684,0.601677730890589,0.293865283937398,0.0977108768351744,0.152643972677621
"Q9H4G4",NA,NA,-3.29432250102297,-2.99859082593203,-1.58589451869267,NA,-1.62693910045717,NA,-1.96009258895114,-3.2333599070476,NA,-2.64803712800667,-3.36663046195059,-2.71931118858741,NA,-2.70813406469793,-2.78384017024599,-3.0705306546985
"Q9H4L7",NA,-3.14320953941228,NA,NA,-3.59974223412023,-6.16195683667251,-5.27777217381798,-2.83800944923133,-4.84670512319346,-2.77366504489784,-3.44562922751299,-3.42293374197029,NA,NA,NA,-0.854108493965287,-3.33185372815788,NA
"Q9H4M9",-1.38758904181766,-1.20871713690916,-0.899449686260106,-1.40139394125708,-1.5164726243288,-1.11813428737293,-1.59230961001633,-1.78976536341921,-1.27113449402631,-0.232445727456625,-0.380752365852136,-0.345603842769814,-0.414359826078273,-0.460902163681864,-0.391186191215787,-0.417092617664759,-0.364615337080089,-0.283165320399849
"Q9H5V8",2.38570902516574,2.43131401196467,2.6729952043908,2.46268736648,2.51552273146014,2.29661884892576,2.76007007124061,2.40902028888116,2.38460822113955,1.43129516453428,1.68067223230196,1.82563733193989,2.24356002804831,1.88562776365161,1.68297253009406,1.46848644839364,1.94696139989269,2.00998028561767
"Q9H6S3",-0.802104338520707,-0.32145026200776,-1.18248143584098,-0.0633129446743101,-1.15313773708108,-0.947089097501931,-0.306440376470384,-1.42679025985474,-0.837221910357806,-0.654361492968178,-0.628318802631521,-0.536453299953187,-0.914436322505169,-0.996033709387911,-0.712932960998403,-0.816047715222377,-1.33421117535712,-1.07478079418739
"Q9H6X2",-1.2639224086134,-0.791403908020273,-0.744228053731946,-0.481686002641938,-0.951106276604212,-1.9140004596737,-0.884420646129626,-0.80940054770488,-0.774783451377608,-2.63120306002507,-2.74801810986606,-2.60238283876846,-3.32103983527009,-1.69467813155078,-2.64310318265522,-2.45620617168632,-2.45325198328344,-1.94555909889666
"Q9H6Z4",-1.90272850961417,-1.73457563995937,-1.62557859276042,-1.09031202256525,-2.31596613790467,-1.8361923354484,-2.39667673640075,-2.01974604342693,-1.74672105164307,-0.965000590543703,-1.0504851554898,-0.988099714727022,-1.59999168314058,-1.20363542256756,-1.36107780471215,-0.982746194307538,-1.27863481152726,-1.61550716869936
"Q9H741",-1.49848091091074,-1.3641292472574,-1.14233258061547,-1.0967009322306,-1.2023955601385,-0.904580941202301,-1.43354369889496,-1.06501920356791,-1.01908069387932,-2.90785475912811,-2.41560428449034,-2.85779916207005,-3.54586778151204,-3.82507476005771,-3.14855598595597,-2.74835752617,-2.73667837308413,-2.00875210321759
"Q9H773",-2.58953876829398,-2.1027958618603,-2.23642439622232,-1.47454408385678,-2.70283778976944,-3.19684791044511,-3.40263309975765,NA,-1.97818648623438,-2.27763976392042,-2.84948857606413,-3.33181686983573,-2.6632904692586,-2.80565120442013,-3.11036642128179,-2.01054290049421,-2.82144476086831,-2.90784146515746
"Q9H7C9",-4.36649290655646,NA,-4.21703710684284,-3.38240014299579,NA,NA,-3.48752827352312,NA,NA,-3.42574777178085,-3.32146427114553,-2.4202683403324,-4.02420987358293,-2.68513387320649,-3.53385669482929,-4.78776782798677,-2.95729888448128,-3.30431601681548
"Q9H832",-2.77892876934668,-2.48069322293853,-2.95309588908715,-2.14646720331086,-2.27813019031033,-2.93691714550553,-3.05391496001653,-2.41722043911362,-3.26168016424265,-1.27685551622892,-1.75439332857521,-1.5549023500443,-1.37315705779371,-1.67881827705185,-1.78181128713343,-1.29056538494501,-1.46522205904228,-1.59962319090374
"Q9H8M2",1.56211395008208,0.766874166984731,0.802754276564338,0.403208150552157,0.60031061617631,0.693786732320678,0.86386537625326,1.14767610211337,0.520553207445319,0.522450753247446,0.427681132756073,0.70601764297724,0.652490963200492,1.12225214881936,0.949367820139361,0.733819701494893,0.597100328659815,0.477837770256038
"Q9H8S9",-2.62485014842229,-2.97532295099314,-2.7960286978674,-1.70594316580392,-2.00086325469692,-2.59973892242288,-3.20366771246097,-2.24855396100639,-3.04400749231485,-1.45056447042402,-1.36652239817103,-1.18404994395622,-1.55291283278011,-1.44952252112723,-1.32201272990855,-1.91223861614046,-1.38074110120151,-1.62395247651566
"Q9H8Y8",-2.52065080278386,-5.43909747581101,-3.77922161085616,-3.35754341778971,-3.83188109898346,-4.03674482655614,-4.38557151037656,-2.98542390012707,-3.46406197983796,-1.68535140445366,-1.88289263715923,-1.89156657633152,-1.98112078268002,-1.78310260430375,-1.8886000427145,-1.7329241445193,-2.10779165600996,-2.88404388689516
"Q9H910",NA,NA,NA,-2.7723827823323,NA,NA,NA,-1.44501562860632,NA,-1.28549810071554,-2.48506929828319,-1.3775480817243,-2.2688147209661,-2.23440156131088,-1.49409194324422,-1.46281315579625,-1.70782564211615,-1.01114253672775
"Q9H993",-2.42077488020451,-2.28460318575453,-1.89674563568591,-4.40699051830065,NA,-4.38392697584747,NA,-2.57357457706659,-2.98402402450252,-2.43422915614448,-2.06973224134082,-2.34327832071765,-2.04614810133099,-2.40490830874153,-2.34538127412631,-2.29856675312312,-2.2434439854803,-2.45160662112272
"Q9H9A6",-5.77859311532896,-4.28083620368735,-4.53802294429022,NA,-4.25241118145361,-3.08994211938612,-2.58579585876882,-3.90567774367804,-2.77567403478576,-2.41494381902736,-2.01963429989797,-2.89285094994179,-2.22053235987647,-2.2751531603538,-2.60115452371767,-3.75740112646767,-2.15745352550995,-3.26184033275087
"Q9H9G7;Q9HCK5;Q9UKV8;Q9UL18",NA,NA,NA,-2.81055398979148,-3.52249758670322,NA,NA,NA,NA,NA,-2.36203542037774,-1.22096002398361,-1.90421736903468,-1.76806964335636,-2.62864938272083,-2.75967755937485,-1.95880409583873,-3.61537166080752
"Q9HA64",-3.01324068451386,NA,-2.19024600640311,-2.58767291630767,-2.09634576842747,-2.05055115921288,-3.34391586453153,NA,-3.23818666702234,-1.88807230052608,-2.90955752387908,-1.69848711603133,-1.52591161998253,-1.84120256825755,-2.10819368553589,-1.53452438496712,-1.63844814789228,-2.11896320277685
"Q9HA90",4.06596594988971,4.43948626019773,3.27103698634739,3.71209130082327,3.82558207722752,4.09966948195011,3.31597137254287,3.73277691866391,3.99783692248009,3.73569760419321,3.71179255039899,3.32356442901983,3.19531131622136,3.34566996637259,3.90367252520532,3.68539966035372,3.07742949437664,3.17668152338812
"Q9HAB8",-2.59063583430926,-2.06041668964718,-1.79414320160876,-1.07730132777797,-1.1684537948015,-2.13968427344386,-2.70662345536729,-1.62601154913102,-1.34528822802591,-1.25177056133431,-0.963015435134935,-0.813801832941789,-0.939686614574118,-0.797365398122819,-0.791069315816655,-0.946797196198944,-1.15330082576287,-0.773529143226704
"Q9HAT2",-0.0343896977214531,0.0644980027576398,0.370123011894567,0.153339434009366,0.0879831782211138,0.130011557646537,-0.230007241351684,0.0104690464286143,0.100607869001589,-0.507640526081067,-0.126149057898628,-0.0350483006384099,0.794042828477428,0.233980085384788,-0.631188774075441,-0.320608931587138,0.330208672379976,0.334319033136302
"Q9HAV4",-3.00778265202142,-1.72346470283056,-1.81936366956165,-3.16242581356417,-2.84421083186391,-1.60333146497264,-1.19874850292271,-1.40379232847317,-2.38872151188624,-1.88297655316298,-2.60443468803532,-2.26886631198293,-2.21320750624137,-2.2563789779244,-1.73714430509098,-2.52021904167934,-2.43461455588471,-2.4586141251051
"Q9HAV7",-0.442927048082847,-1.36163215194573,-0.495805100431983,-1.66090810244813,-1.9873726137812,-1.71666696195674,-1.16559977802777,-1.29576713220659,-1.20250300549631,-0.483147866133478,-0.821347894800172,-0.50279402407941,-0.969649393370226,-0.632717805712065,-1.28068395609187,-0.987927763273833,-1.02537198190774,-1.33581584719011
"Q9HB07",-1.03824461279321,-1.02912509918751,-0.32691767815499,-1.24672065126541,-0.937193831392717,-0.704542744337815,-0.525314937858528,-0.54844801995136,-0.792320613322663,-0.258269725474902,-0.592279644937391,0.0678740193819145,-0.0216890550053801,-0.273362652733848,-0.411378743094881,0.137183007523429,-0.330153735120915,-0.146125194895875
"Q9HB40",0.712034419637364,0.912286864575448,1.05480805677838,1.0852226429013,0.865068303662124,0.659944050678094,1.13979477915224,0.540954493210887,0.805488617979089,0.426108663425342,0.631130242766247,0.700739171554718,1.23556774838652,1.31670036818602,1.21871761517873,0.895914437405233,1.37898994267852,1.41348884254161
"Q9HB63",-0.618101697186654,-0.468012587144456,0.415782083879602,-0.0180234837147211,-0.326545327635259,-1.11589617613979,-0.332230222171354,-0.270125718788114,0.826066594996844,0.396104440844695,0.577193170814409,0.607468163010733,-0.347001170785106,-0.877703384443803,-0.184439847342992,-1.20324680529839,-0.541395986485496,0.162652240721497
"Q9HB71",2.4045680217376,1.95216768851675,2.42488202444784,2.28496945675522,2.28559614340914,1.97248616324836,2.28249587370145,2.13259835216829,2.10533101943266,2.92175211012614,2.8569353270475,2.90486958803309,2.80822993441533,2.58501404195022,2.75858034463709,2.98730878513719,2.86595020394328,2.89787366461282
"Q9HBI1",-0.0424748766644445,-0.368834239000414,-0.771861609252174,-0.162372413778186,-0.414775581213762,-0.775563361314168,-0.501475541487684,-0.172166995621097,-0.35604162180875,-0.729767886845963,-0.618493104260656,-0.976177402292054,-1.33367956918961,-0.379514436183568,-0.36244519844545,-0.151300262807467,-0.398825164104846,-1.67780556055034
"Q9HBR0",-3.29637232988848,-2.44403809369985,-1.8715559308289,-2.45831327355731,-0.896105795947931,-3.13326187039582,NA,-2.1907866523559,-1.66824848339173,NA,-2.88757955416831,-2.23702210928677,-2.85482800201903,-1.44349316383058,-1.53201797936521,-2.84519112594574,-1.60977028100413,-3.01797505236785
"Q9HC35",-0.164259943025355,-1.23728196760754,-1.44734300640596,-1.63623211478783,-1.18430976833461,-2.06902982295522,-1.62270333201264,-1.69622507211309,-1.55356846132073,-0.434505272570014,-1.01810104267411,-0.59175470949639,-0.397673041590761,-0.48720802078963,-0.515682275460185,-0.891272601391455,-1.13944903834887,-1.57583289325008
"Q9HC38",1.46339714887007,1.87281756221692,2.18460569510027,1.94760056733836,2.10889532974361,2.01222090003985,1.91277743645531,1.89376454176622,1.95896351206036,2.48416105269989,2.75389330972284,2.76383309172351,2.90716126229008,2.77023624154873,2.46142186055701,2.52262685355102,2.64491513742382,2.72735892428781
"Q9HC56",-2.00089548328145,-1.88365152004141,-1.99119593564185,-2.49404211112209,-1.76103823518765,-1.55258795086599,-1.65481657609616,-2.23608180237277,-3.11283223383455,NA,-3.88543516605414,NA,NA,NA,NA,NA,NA,NA
"Q9HCB6",-2.45490503253338,-1.38628305569916,-1.38348064485768,-3.18696407788186,-1.90132246437849,-2.06088844525068,-1.68208599600313,-2.4730526991596,-2.27588789290453,-2.12448915999609,-3.05769847376381,-3.43956561788522,-2.5695418013886,-2.55499343792718,-2.82327760234183,-2.18359889143543,-2.24474335641437,-3.29810637136562
"Q9HCU4",NA,-4.3022127259588,-1.72733076098864,NA,NA,-1.89016646777551,-2.61598498095946,-3.99224933971158,NA,NA,-4.14245346826649,-3.84720916643234,-2.72135963562873,NA,-3.45008472829542,NA,-3.96873562518053,-5.32863741757568
"Q9HD42",-2.64705511878089,-1.67401394625737,-2.30245346276591,NA,-1.89845936805755,-2.03561729408696,-3.18336929614127,-4.13092119189033,-2.36606812498963,-1.00249267485628,-1.20941104089364,-1.26639654626421,-1.53260651930598,-1.28304368905378,-0.658498172215156,-0.784328269828515,-0.938371861912542,-1.30038924901363
"Q9HD45",NA,-2.34317784004016,-3.01627480871182,-3.32666119764872,-2.36449200239648,-4.49660638659244,-4.46097742373321,-3.34672882308417,-5.11162903989707,NA,NA,NA,NA,NA,-4.4813837180241,NA,NA,NA
"Q9HDC9",3.07702071659916,3.0927617453701,1.6421202266437,2.84771853042737,3.50122827751298,3.57577517306938,2.42004363996854,3.1674236893494,2.88231311391656,3.39867257897192,2.96089269794201,1.79107862689125,2.19297797795992,2.29537999706087,2.99936838034931,3.2561433535917,2.30494025920539,1.99873268392519
"Q9NP72",-1.14718843698967,-1.44411232246346,-1.47349611771875,-1.62410151436532,-2.29386074743557,-2.04614384995455,-1.01513252454134,-1.3404496493211,-1.53628745414718,-3.4042826913922,-1.42992210804117,-1.02314759369214,-1.11376991452404,-1.26789718003406,-1.90014612588665,-0.336224687145553,-0.548302909145133,-2.08529535750674
"Q9NP79",-1.30955073485161,-0.978928071087084,-0.376017879010946,-0.646202146136897,-0.50511009849741,-2.51999257514838,-0.767116199436491,-1.49343204354463,-0.273974522798511,0.353244347149912,0.168435096602041,0.011879848427661,0.106641355983307,-0.527990964157746,0.391368368186185,0.462366264908599,0.31742143455031,0.181467379178722
"Q9NP84",2.29518606874478,2.6188869466529,3.20503005773546,3.24406301395732,3.18401769557094,3.50574052815776,3.2357717255137,2.74702797543362,3.11022528411347,2.02605327501928,1.87559415893253,2.33519677338619,2.05257182495192,1.84122017162423,2.35701001211391,2.64617813303679,2.30224234249236,2.52603909032593
"Q9NP97",-0.69247244107695,-0.308994490295269,0.409485525982319,-0.390882985111276,-0.346789719161073,-0.189241432510768,-0.353146980827713,-0.579404973418754,-0.319662698766985,0.704846567549488,0.651212332760457,0.703429428268521,0.919462256649338,0.467778512610211,1.07283755057706,1.00982297974024,0.72441934962365,0.574729839380797
"Q9NPA8",-2.27870658913786,-3.10387131656445,-3.6029445565746,-3.30504258955024,-3.11787867132508,-3.89497687603975,NA,NA,NA,-3.33403114347076,-2.93347483467302,-2.84203765932278,-2.6106394387538,-4.58017065661184,-3.24778701260897,-2.56085731692436,-3.13364984370823,-2.24569671032262
"Q9NPF0",3.22459479067567,3.38363286248686,3.16685113131875,3.22656049188493,3.17207303806228,3.03707944415705,3.22757829442284,3.42459340898241,3.33748915497073,2.1071793040009,1.99336869996556,2.02237166321437,2.35652392319554,1.9888998853168,1.59366768350625,2.18980745487533,2.03689510357229,2.17053068665806
"Q9NPF2",3.7777194597932,3.75278424839544,4.10339674767894,3.92768847245486,3.85471853375427,3.59413324229056,4.12915244167334,4.02034309807964,3.95769553400331,1.38963657032948,1.99600715373521,1.92200976247793,1.54715831854201,1.39270130608963,0.94238322783384,0.863027345116707,1.38555368085047,1.0023294001683
"Q9NPF4",-1.9693947847455,-4.48544513054634,-1.79945359979287,-2.17391679715005,-1.51780096391154,-2.43207624789188,-2.19210128599579,-2.39050304784576,-1.36078008405621,-1.53637065638743,-1.44633835825444,-1.91642762143076,-1.72685932213457,-2.38179202474355,-1.16245750254451,-0.984880190645776,-1.60122043080125,-1.82245238020528
"Q9NPG4",0.419587530813786,0.658538870713901,-0.868744457490083,0.780610958120628,0.0554831402078424,-0.382219667005378,-0.0626859435793108,-0.764877924116074,-0.088023358998111,-0.716065886090488,-0.672189040910886,-0.257822385617757,-0.181461930297282,-0.748566565144188,-0.624910950012071,0.249352247462671,-0.721823303255923,-0.185618085966686
"Q9NPH2",NA,-2.30804217255672,NA,-2.16292743868671,NA,-1.03738952669434,-1.42539223726298,-2.09574267946069,NA,-2.70118528029298,-3.54848112840522,-2.89220026205345,-2.61599355234767,-2.49137528373514,-3.03471886364518,-2.41572783928093,-3.52461544692865,-2.91476752215669
"Q9NPH3",3.21450485229042,3.12261876922993,2.99499475631715,3.17894056679806,3.07969937894536,3.19452101580254,3.09693026329696,3.37458816234794,3.13525522536131,2.30741614015761,2.43645507203991,2.53791544772431,2.97334779839936,3.00391576237788,2.78107004407186,2.86364544766347,3.18627992487069,2.92450669212535
"Q9NPJ3",-1.84557187724869,-3.17911759976585,-3.32863659252762,NA,-2.41680185731461,-0.220251082053181,NA,-4.2175758774931,NA,-0.624553798588941,-1.77279676033486,-1.58899337182633,-1.24762187848209,-1.96454601626435,-1.07829140196368,-0.876589345763414,-2.04734566246553,-1.57830950854628
"Q9NPQ8",-2.85571249941421,-4.79120973983295,-2.83196234579849,-4.28199289731631,-1.68218134058144,NA,NA,NA,-4.10859653031095,-2.05506325395294,-3.23411559133475,-2.68915521140997,-2.29392377419283,-2.57773682521953,NA,-2.11912346040653,-3.31629826070847,-3.13804316116772
"Q9NPR2",2.34989506757493,2.24152840103546,2.49887419654211,2.43710750621623,2.44429321361694,1.99386611484325,2.47741071561367,2.25960720597406,2.60885927573814,0.633241481692695,1.18322082497199,1.29598213484395,1.49527616986379,1.66171020903748,1.10227354415184,1.13455067717905,1.50482851271327,1.62778383714985
"Q9NPY3",1.99248464667047,1.75039575064296,1.29589678501286,1.89335547388213,1.59168796244646,2.04723028430537,1.49787930579948,1.93964187841372,1.79316164472353,1.22906430877661,1.39186777899709,1.56618785925619,1.61331580344824,1.36958777018811,1.51148151896314,1.37566575302807,1.82960060740117,1.51514187054353
"Q9NQ30",NA,NA,-4.92656294169126,NA,-3.32645033243782,-4.01263482682321,NA,-5.40496158423946,NA,-1.96970737342824,-1.61836483400986,-2.12104290520369,0.600952365213312,0.665351206753257,0.594282306207591,-0.0931206574254659,0.572089209973202,0.79006674732552
"Q9NQ48",-2.03977466181262,-2.06543658395633,-1.76316659975358,-2.41625253860487,NA,-2.13620896704336,-2.03404481861729,-1.54419912173096,NA,-1.31277091189986,-1.29838662736563,-0.990872430113829,-1.41695962665966,-1.93255724805839,-1.4126073912403,-2.24859446310646,-1.45235839562183,-1.65493051630117
"Q9NQ88",-3.57881981293341,-2.82733727029435,-1.77165709745202,-4.85990538112268,-0.933476927219987,NA,-1.90058834744594,NA,NA,-1.46977046039167,-2.3117624559196,-2.20399968519237,-2.23516161969909,-1.96779400548578,-2.16624463963156,-1.28314034861203,-2.23100488309885,NA
"Q9NQC3",0.800767391434244,1.01207351094977,1.02048628096135,0.429142209382716,0.682014959858353,0.396942912953723,0.385532232136995,0.625964290777359,1.07967169416304,1.61599734166952,0.933341385728045,1.22116521638727,1.39734313046881,1.5633812525387,1.57017924761469,1.52890246921093,1.53695319432061,1.46460717350389
"Q9NQG5",-0.941689114875233,-1.09766099824489,-0.705427996381791,-0.740942883588381,-1.04485860796966,-1.76965079459049,-1.13049653432786,-1.26890429485821,-2.1248045745767,0.145557967021571,-0.13037092758027,-0.0155234210762973,-0.466488612790087,-0.527808333313843,-0.582079031059848,-0.558602145222163,-0.501862118300575,-0.534265729013932
"Q9NQP4",-0.291380123071031,-0.71055767733445,-0.139985702349247,-0.705527465638198,-0.81875883769998,-1.02306192917114,-0.811487147993494,-1.59147484847729,-0.497435479906269,-0.508983425954562,0.230415115578943,-0.418176210279416,-1.18644014513537,-0.754012115259089,-1.34109244405686,-0.41163297306087,-1.52194597294444,-2.39373010468543
"Q9NQR4",-1.15686416104229,-0.560530824424562,-0.651629096961651,-1.02503969579103,-0.79319458367543,-0.769619310415282,-0.707363133451905,-0.735793880830148,-1.24310707942654,0.155230181985543,-0.241273522178044,-0.43505426038413,-0.394346623036956,-0.159511587322894,-0.151799316206787,0.0511249363300657,-0.884607586431788,-0.765086225977999
"Q9NQS3",-0.483842351321179,-0.451431942577065,-0.577833556110653,0.052556471234336,-0.591818456760746,-0.931027077972637,0.238434803168893,-0.409686102074959,-0.191372324199047,-2.58950925593153,-3.38539052000371,-3.04133763401611,-2.92265875536061,-2.56984452195474,-2.34918490376134,NA,-2.15817802012921,-2.25251857620373
"Q9NQW6",NA,NA,-4.40607519685129,NA,NA,NA,NA,NA,NA,NA,-3.18565328050803,-2.27611499828169,-2.41578678701073,-2.94001960568775,-2.66911003631802,-3.16057166670158,-2.8964978272377,-3.66995024445354
"Q9NQW7",-0.367938448716579,0.144871097800227,0.207352984133722,0.0476589724891507,0.247086207275126,0.0849330420569689,0.535977166931211,0.140298541892756,0.203114155862149,0.758526600366993,0.808238803523354,0.932798080827359,1.45248289652637,1.20648901472558,1.13906775313733,0.971479757181248,0.877412145647369,1.05934614848681
"Q9NQX7",-2.5832512512707,-2.45537461280614,-2.06647896685983,-2.7855326541043,-2.6510973067806,-1.75104851192727,-3.13849907205305,-3.19533800187628,-2.46799555420517,-2.97909934000783,NA,-3.23775954224009,-3.73005122210657,-2.50235371734546,-2.21724089246827,-4.70260611638672,-2.5441594966692,-2.19476603617092
"Q9NR12",2.00934488208195,1.30365094638723,0.837644646797081,1.43761586887092,2.39491544634493,1.48418979211614,1.42834592698137,2.79170835046954,0.68899643577091,2.90691484136329,2.0156773958411,2.56389826781972,1.98509781303817,1.89457618320943,2.53768547434921,1.57673023498395,1.78056552032931,2.58908342646309
"Q9NR28",-1.28000970800944,-1.21439659497655,-0.973321518201424,-0.908328553523119,-1.70893556029551,-0.752480471843144,-1.46756337638175,-0.673743142127678,-0.336500986130154,-0.555639634161494,0.0570422728972595,0.163910876666831,-0.516043347931799,-0.690642991749904,-0.680138136762304,-1.09202200299543,-1.15255809223459,-0.826107224481409
"Q9NR30",0.330995334742951,0.862145497511069,0.782878080997603,1.08450711549762,0.787928560714496,0.945868520239124,0.627806310112433,1.28254804939648,1.17822698588615,1.50029810974085,0.922217238447573,0.787449801425151,0.106300120632961,1.22735582655702,0.525949742291266,0.801362151925444,-0.288867768823213,-0.259407603897456
"Q9NR31",-1.80868869433899,-2.90965130058155,-2.17070011797609,-1.49722955983875,-1.37682866253345,-2.16340513190947,-1.84504425777302,-1.51065965271753,-2.25651193312308,-1.06107826580651,-0.798949521846947,-0.463651579445401,-0.661828262678354,-1.73821207371453,-0.139662561667878,-1.20615391025463,-0.664779655817819,-0.357938573431939
"Q9NR45",-0.551261132519368,-0.494515928927189,-0.237354783296395,-0.366240489717258,-0.0606594984757436,-0.174294752161527,-0.462747388447992,-1.74118334913603,-0.559538179715656,0.525611233466361,0.269943541558488,0.452080679470424,0.193612324830491,0.0896160243995325,0.600808044997303,0.414144667768133,0.102978476327502,0.352160816972596
"Q9NRA1",2.93499329640638,3.05240036982084,2.89001259714029,2.3563392752892,2.6118739795861,2.11456388515596,2.51063226416354,2.18321845331918,2.51560065966977,1.23662953384308,0.401771822307577,0.309879434841996,0.0881461590898986,0.626715624495219,0.842738087246525,0.539995808127856,0.158744488029892,0.0251415733045466
"Q9NRB3",1.22968366045899,0.922743699865009,0.891848071409422,1.3965935082712,1.07237102062366,0.934894766086568,1.39633733439847,1.40698303959229,0.96188564314807,-0.846783699567879,-0.461615799401272,-0.338413396766728,-0.328706719259802,-0.212386059014198,-0.54527578427267,-0.605251064685258,-0.481617847098172,-0.72814671946113
"Q9NRF8",4.0272323170457,4.40403147944782,3.94483054080019,4.49942481686255,5.07389240217346,4.9545358022202,4.47811893258034,4.82962110205161,5.15149509089308,5.35200786507768,4.2980746973158,4.2018156671604,4.70164100678416,4.66745195599407,4.86289131277336,5.05678504339073,4.89143702555772,4.45231329235157
"Q9NRG1",-2.69959520698898,-3.14465052568985,-2.37651456005164,-2.41162988332669,-2.29073696414407,-2.33857103466639,-2.43614633140739,-3.9199530172483,-2.7415553297039,-2.58771203211634,-1.49424110435939,-1.88952232180887,-1.7738044040609,-1.9314745602545,-3.11506446383341,-1.08867301408779,-2.43398379563248,-2.56050827787944
"Q9NRJ7;Q9UN66;Q9UN67;Q9Y5E2;Q9Y5E4;Q9Y5E5;Q9Y5E6",-0.376160886744369,-0.851487096621497,0.0465340390890407,-0.412536124035194,-1.04953413117062,-1.3606957963034,0.263992520368625,-0.635499804052269,-0.260407194045282,NA,-2.25217336518943,-2.29049621718251,NA,NA,-4.27945403104423,NA,-1.37181039898607,NA
"Q9NRN5",0.370198788686784,0.239941527086028,-0.118660147242082,-0.020564906455192,-1.01887030042822,0.450544581424216,0.0241279127985177,0.239507142321299,-0.0287758349717215,-0.573278658742988,-1.0409260110256,-1.30027626267125,-1.25703236168704,-0.595608608483197,-0.991130380821063,-0.651789945752479,-1.10471089695417,-1.56761433989308
"Q9NRN7",-1.6104062597004,-1.04217321081525,-1.61578441825773,-1.51103262093899,-1.5058365978575,-1.41612678216986,-1.24555954821622,-1.75255177368956,-1.31390286885251,-0.97221061306555,-0.781588109987501,-0.841881232301928,-0.904585184569544,-0.603087370874796,-1.34688830275238,-0.805679817940843,-1.06938738894607,-0.610501176735747
"Q9NRN9",NA,NA,NA,NA,NA,NA,-3.41977337607529,NA,NA,NA,-2.44572256474999,-2.85592145643066,NA,NA,-3.35146028006086,NA,-3.58697474353429,NA
"Q9NRV9",0.0111266353791031,-0.146689025045523,-0.204864235323912,-0.329771687402891,-0.833565857310322,0.137582090558,-0.263910416799451,-0.524662615338821,-0.972605223185035,0.943585474625472,0.843081272110034,0.893912765126576,0.828893583115146,1.06200176474232,1.19307400806601,1.14291479906773,0.823384233749026,0.891342484035475
"Q9NRX4",-1.95843591865035,-1.76753096201554,-1.58370579827676,-1.16146465152888,-1.06094385967879,-1.34632972049518,-1.3055078303321,-1.73194124832978,-1.26046296605357,-0.486714587502891,-1.10124580895278,-0.470282691481466,-0.677178641434942,-0.419967951395964,-1.06974778384967,-0.725057940656383,-0.591348510052208,-1.56656500307155
"Q9NS15",-0.331535382976343,-0.449569681334218,-0.0925649409207967,-1.45667528072271,-0.70231875258703,-0.505832528438061,-0.204725602248084,-1.35269263087483,-0.348185412080742,-1.71718306175157,-1.05593100496493,-0.917798394296375,-0.229014719520546,-0.252453396321691,-1.01842893839646,-1.07904251021959,-0.573073845450049,-0.899979213789786
"Q9NS25",-0.573268590668389,-1.01395785536517,-0.250296855328058,-1.21381286623773,-1.21977810619563,-0.63030444855876,-1.51167014912385,-1.24690473567425,-1.05644103084397,0.416343047068334,0.172291740430765,0.461487980178918,-0.090914182238528,-0.102477112065436,0.387408065159233,-0.536255640703452,-0.547185244669236,-0.164674479635778
"Q9NSD9",-3.46738372816847,-3.54363123398369,-2.03807702520139,-2.24586472714729,-2.58691191486909,-1.97524426172506,-2.74416339184631,-1.78509699410157,-3.02009257645446,-0.923094914127923,-1.50449386026723,-0.797343713245742,-0.463807400540965,-0.861378810058192,-0.713561507704506,-1.00415600884298,-0.794116791580565,-0.883665922362145
"Q9NSE4",-0.764198523502913,-1.91674951551904,-0.920424762105142,-1.76499507138314,-1.33863561890227,-1.67471919305548,-1.07830989194306,-1.58245896916715,-2.51712657330682,-0.818363874178726,-0.563842465405549,-0.477963941060404,-0.491344659808332,-0.391787041279086,-0.654974724854126,-0.43480794291777,-0.389599246324844,-0.45936830500135
"Q9NSJ1",NA,NA,NA,NA,NA,-5.92979114945649,NA,NA,-4.50858675604487,-1.30713126778153,NA,NA,NA,NA,-2.42762648229456,-2.55718007509174,NA,-1.52421170185247
"Q9NT22",-1.57011177346889,-3.64229779384466,NA,-2.89868884878489,NA,-2.69739588555692,-3.62536487453532,-2.37968182968316,-3.5014647961495,-2.58074693369198,-1.73632570216591,-2.53951798631852,-2.90201193851575,-2.06093198280002,-2.03573682036614,-3.64381028316352,-3.37167311311526,-5.47456725676335
"Q9NT62",NA,-3.07205306271483,NA,-4.00504403058593,NA,-1.99593948225996,NA,NA,-3.15028539959437,-2.10400762270001,-2.27938897263995,-2.69556556664176,-2.84203127272618,-3.80394507144973,-2.30118756294686,-3.44658919134673,NA,-2.80935866085875
"Q9NTK5",0.846410510646429,1.06850659872928,1.35137227295086,0.885525063181005,0.919104464904635,1.05120823842122,0.881920900733036,0.914969056572051,1.04574465757403,1.84515052631518,1.80432868061782,1.83920734843297,1.7252746346046,1.78177221980834,1.50724711082488,1.85053888908106,1.63746372051204,1.90404570061211
"Q9NTM9",NA,-3.95449605378521,-1.64872410977898,NA,-2.81786468758582,-1.40318276936381,-3.08103415765672,-2.03309099031734,-2.70237409732249,-2.02979925646209,-1.33802429285389,-0.813612339794519,-1.9510796699496,-3.80781011066828,-3.5664045089964,-2.63877896665911,-2.9964559420701,NA
"Q9NTX5",-4.24142964473669,-2.01107859887143,NA,NA,NA,NA,-2.80991236162494,NA,-1.16072234694212,-2.25966652244679,-2.70715257501089,-1.9852632922287,-1.96261483362264,-2.21852933874315,-2.32186973999107,-1.37273007099514,-1.90925307332924,-2.30319461843411
"Q9NU53",-0.686722803585933,-0.750471997928788,0.0374947029148469,-0.0959311838477568,-0.228443173074741,-1.10048510169823,0.236761003792157,-0.117933437320723,0.044184771185332,-0.616272197190598,-0.561796624144958,-0.471262417196083,0.579576181693831,0.252611498775765,0.513550877579542,-0.561783360045686,0.360039560374799,0.498221751915819
"Q9NUJ1",-2.89889349191915,-2.19090574498619,-3.01502771473876,-2.68314298077555,-3.27323878546181,NA,-2.79914625857189,-1.59290592926468,-3.4501187929879,-0.593957372482986,-0.352276211245025,-0.425234431078807,-0.069766888410614,-0.237720038064705,-0.208760681585646,-0.610474070367466,-0.211051583951322,-0.363007392386791
"Q9NUM4",-1.2463528303853,-0.0136113159916533,-0.399040135946044,-0.0419419041783922,-0.25605281559811,-0.448428797613309,0.339731126674412,-0.0954572394079101,0.166955250467865,-0.510601959573657,-0.310547442663321,-0.347586231626097,-0.307665387265338,-0.0957526796929908,-1.45752074963647,-0.477087207522416,-0.632616617112314,-0.100616693696216
"Q9NUP9",-1.83545930174416,-2.19940807228518,NA,-1.88764944528997,-2.20691541319001,-1.79479487550145,NA,-3.36779293953201,-1.15008775656282,-2.07807859581525,-0.859211465474985,-1.55643047154447,-1.98379823559156,-1.92496683463466,-1.90236897214985,-1.04381980201753,-1.56944740528416,-2.31537413947254
"Q9NUQ9",1.32620043740256,1.48882879151268,1.71178080901491,1.36772839770945,1.13441870217831,1.41527727587455,1.4742076028906,1.28622754513728,1.43123819152407,1.84529960274904,1.70969527666595,1.88788148002986,1.61824056223037,1.60848277062364,1.46618192981473,1.57512505497516,1.71535494002885,1.70390587873092
"Q9NUU7;Q9UMR2",-3.87918067760442,-3.72093464613611,-3.66205702755788,-3.04009273593106,NA,NA,-2.72429693672896,NA,-4.02913083530756,-2.42920429581245,-2.55148422094458,-2.82954986886351,-1.87804134563069,-3.43823554970298,-1.7152809132249,-2.66759597386924,-2.24467400177234,-1.95206490949078
"Q9NV56",-1.63490404359569,-1.07551247759435,NA,-1.29210171680125,-1.48952918940914,-1.73619903829004,-0.809028824416934,-1.69427924525588,-1.5575231262196,NA,-0.172425112679846,-0.504465837757351,-0.868307539133254,-1.4031009467635,-0.480999981805011,-1.49740846159459,-1.48529263568675,NA
"Q9NVA2",0.404008233575953,0.82591358334439,0.775733475340369,0.537646523641785,0.594873608472957,0.720120888049239,0.772028282541626,0.295159824133444,0.570179204261169,1.08739058175172,1.08307457831928,1.07475696541628,0.852859076981,0.995383606177626,1.02096978241882,0.90038572358101,0.949704515767635,0.789589721394405
"Q9NVD7",-4.19623837368698,NA,NA,NA,NA,-2.73542520287842,NA,NA,-2.43188413202967,NA,NA,NA,NA,-3.24130477627642,-2.98866158646189,NA,NA,NA
"Q9NVG8",-2.79549463994232,-2.69083176385233,-1.70751381696902,-2.40340345616393,-2.14423417903539,-1.95010260417664,-2.91064905435235,-2.51210801532524,-2.2345067408334,-1.62152181861002,-1.57916143567167,-1.59431241704446,-1.82249984201997,-2.26916905302166,-1.90166267246097,-1.60293672167248,-1.27731621800088,-2.68665755141208
"Q9NVS9",0.166190648544273,-0.0672861122166282,0.802759853497733,0.595585182130957,0.576062175199946,0.57260232645984,0.579057485780792,0.52600463704019,0.487579884247353,1.47924291301413,1.66963741406197,1.79891968701474,1.40190666208358,1.44251713488729,1.07105958004708,1.2941920713428,1.40608331002184,1.41789382341933
"Q9NVZ3",NA,NA,NA,-3.20679201267176,NA,NA,NA,NA,NA,-3.14506797907988,NA,NA,NA,NA,NA,-3.25509951092372,NA,NA
"Q9NWV4",0.707317996871273,0.900228582383365,1.13167185187109,0.893327591454153,0.962611521212919,1.04983506417286,1.02093628308677,0.531956004662041,0.623353387621982,1.31839579824969,1.24260464068993,1.39135041088195,1.2454452376217,1.43247919769862,1.27079788771089,1.2914703189443,1.01145926687805,1.23540875791947
"Q9NX46",-0.459068172932039,0.0507314427913954,0.227987612497229,0.233365801425117,0.162825914168254,-0.281982232332901,0.237580071176891,-0.0572995464930752,-0.158911188132851,0.592534469251168,0.590105067725405,0.716713308160884,0.676705898959112,0.5674271805391,0.570021756549018,0.448774157206124,0.702087161640167,1.049070361703
"Q9NX55",-1.30775565658693,-0.847251195130837,-1.37567037411954,-1.24766248423649,-1.01926446635256,-1.58569598367173,-1.64852793518051,-1.69441696067209,-1.00024531607653,-0.996246427717545,-0.981537891587593,-0.871158616980077,-1.09783570946853,-1.04798941148355,-1.34823910327235,-1.79042636725435,-1.32698618697318,-0.915776852944964
"Q9NX62",-0.243483238633027,0.345850932565797,0.220292493332655,0.604568349607188,0.233293088007889,0.303709702839006,0.419997546568327,0.627354871990532,0.533006713211899,-0.727291780247545,-0.457406871377471,-0.308229215822548,-0.561332555423253,-0.425040423303527,-0.862309158005237,-0.381244358725928,-0.40391117199205,-0.144854288361259
"Q9NXG2",-0.973805652839709,-0.70768560807639,-1.28096170982456,-0.0566311671602229,-1.28794969804924,-0.728473515278123,-1.44919138002424,-0.924708821255794,-1.09029136382328,-0.212757044604622,-0.146347068703223,0.134951595336775,-0.397218037875457,-1.35786295554786,-1.37093317956376,-1.31788714144013,-1.92678860978092,-1.0758185788732
"Q9NXJ5",NA,NA,NA,NA,NA,-2.1462500414797,-4.26346475873835,NA,NA,NA,-1.33678104116894,-2.68586408971527,-1.29754364295956,-2.50224389426574,-1.23661702922026,NA,NA,NA
"Q9NY33",1.25014017555639,1.10390266395904,1.46698279426511,1.6096223062395,1.52916869945915,1.62778973996119,1.58176745695509,1.61183142564216,1.47210468273104,1.8238452125935,2.11419464701128,2.06181611670752,2.08407731036583,2.14315295222453,1.68478991433876,1.70085471862437,1.99281259110255,1.96336871387543
"Q9NY97",0.559211066393537,-0.476588320828805,0.00126389125665582,0.410290925068953,-0.231865341625877,-0.0724004648525369,0.155731207375846,0.473422043722081,0.0247309792847865,-1.75647173769317,-1.08750274892591,-0.932136916781565,-0.944327940556552,-0.607254617611949,-1.46035960824189,-1.66462645239079,-0.434902219493672,-0.983960957459654
"Q9NYF3",5.94091747709166,5.65868138525646,5.02962585788724,6.03873927086282,5.45053828777796,5.95278446931748,5.64904426459244,6.02374176894537,5.82835851131306,5.47565751709373,5.38521903001462,5.25072452410823,5.2557041824955,5.44767482227563,5.45179067678071,5.44805256967387,5.61345864561417,5.51710064334248
"Q9NYF8",NA,NA,-4.23369720240159,NA,NA,NA,NA,NA,NA,-3.10903739548376,NA,-2.3905196757963,-3.60574549831568,-2.83213276614303,-2.50032210229636,-3.20308966404923,-2.78283697189193,-3.83129441922565
"Q9NYL9",-1.57420178624173,-1.6943744493617,-1.12693953571872,-1.60110640082553,-1.49550806612948,-1.6450648454468,-2.00406370887885,-1.57751649647682,-3.2923036257866,-1.25959639409332,-0.920607726161506,-0.456902169901257,-0.784722814218385,-0.490840812097056,-1.33189409384075,-0.68608319390782,-0.472409255915485,-1.02767210814141
"Q9NYU2",-1.49710390781478,-1.72880624619335,-1.02335954627343,-1.67150845848389,-1.73934039644075,-1.35103962473328,-1.5284930315914,-2.19366378638557,-1.33941947973038,-2.31782473092658,-1.78449901051556,-1.39495730023512,-1.38829122243001,-1.37260519750455,-1.15090428060324,-1.44666519759591,-1.41133261966523,-1.34612539820693
"Q9NZ08",2.35195123492098,2.29301830336946,2.56322197427644,2.70141758483269,2.38930362169651,2.27774974529598,2.62015603585928,2.56955377304348,2.52752662615495,1.83767107443627,2.15794136044725,2.12119144906096,2.19973321949849,2.1793787060432,1.86046747129268,1.97228211561459,2.2695197092827,2.16645632474961
"Q9NZ32",NA,NA,NA,NA,NA,-0.934704421129669,NA,NA,NA,-3.49678325540402,-1.85377317235166,-2.00010622509535,NA,NA,NA,-2.20371214275933,-2.19942763901107,-1.88767341037446
"Q9NZD2",-1.95687232165514,-1.39011320265512,-1.62932604230576,-2.88994277260899,-2.21935033547541,-1.25992442557411,-2.32343349762322,-2.02496462331825,-1.87221283407832,-1.06750202855042,-0.78092706146587,-0.644080157874434,-1.47271074862581,-0.996812439600065,-1.31175460306378,-1.33774896337974,-0.950520568130221,-1.57242434443563
"Q9NZJ4",0.41672614198616,-0.708469176054777,0.0108723679306912,0.613725814859915,0.231744572263187,0.190748727394025,-0.640141829871446,-0.298031640109309,-0.217041482250513,0.276965628860719,-0.841278351256422,-1.2942855488654,-0.598082101655513,-2.08759983258142,-1.02814718414733,-0.688118517873113,-1.36799470227165,-0.386144255845281
"Q9NZL4",-0.799974626002393,-0.558997602109379,-0.457162085500772,-0.294906838066431,-1.15879655482554,-0.556793489916826,-0.880049509605019,-0.683863549660724,-0.419766847795602,0.262020540046224,0.184714602480403,0.462356569962528,0.0724141026429113,0.226980273379583,-0.214113175926267,-0.233580182358807,0.063509530686483,-0.00420157017914313
"Q9NZL9",0.696159312509785,0.641079779049301,0.881005039062506,0.978259278757339,0.589269400246371,0.66277052739331,0.920011341676156,0.240769527395386,0.677506739976565,1.04776932117587,1.00343818891909,1.42283877329877,1.41984659723815,1.09113739687319,0.871839274982793,0.818913348594904,1.03045451661794,1.16173019557066
"Q9NZM1",1.13966263648684,1.14471130591878,1.39812875914388,1.43843664423087,1.1376378898997,1.23338311728023,1.46663310169676,1.10861864162612,1.14932799816916,1.32121926188884,1.49712944776788,1.66355643637278,1.58624844583892,1.32957353291514,1.38039033878031,1.24641956201981,1.50792376074689,1.47619895615624
"Q9NZN3",0.455216005490909,0.272297908233227,0.295969645174777,0.121101815702234,0.3013754856372,-0.119367849361382,0.147077662510375,-0.0623344354481539,0.515308596306545,0.628116549521486,10.4363011570986,0.4024442841646,0.139195110658642,0.557747426376961,0.886628088044136,0.621384253492714,0.0650193356896089,0.0558627003820025
"Q9NZR1",2.15045068458343,1.87784956195674,1.35938169523273,2.10352367996523,1.60924637004944,2.0737379355844,1.27851338859341,2.07039496104595,1.60619195427207,1.55432690475321,1.25736153518568,1.39993883537657,1.51275498513212,1.19361063191665,1.27417064023113,1.81846201257291,1.65082554658975,1.22116139193878
"Q9NZT2",-2.56406415250754,-1.99073350495236,-1.69055493345004,-2.60003959095499,-1.08820792136673,-1.98177418948585,-2.16126357758798,-1.71931077253266,-2.1091616227979,-0.941318684892804,-1.31535707394805,-1.20246899079924,-1.55497913073821,-1.67431420115825,-1.53133678313703,-1.31003638156253,-1.59132632321088,-1.60260149635113
"Q9NZV1",4.50924867468791,4.75553237845397,4.45590239063904,4.82756081714781,4.8987061419197,4.72508944442978,4.77191575351014,4.63323956571276,4.75333298148978,2.37533539482189,2.50752355235646,2.68549913359882,3.26584074033243,2.7945640539319,2.63054421501998,2.79194545542573,3.09608988925549,3.22251655481892
"Q9P0L0",0.517032448571793,0.336956433648234,1.06332187515688,0.648119102612885,0.84806052559003,0.397279826926541,0.683582337159182,0.624751856675013,0.686872841596616,1.19890024240027,0.862349708472738,1.04109029984645,1.21884691155441,1.08708193757195,0.960531972648537,0.962298445518199,0.907485674892275,1.23209008193635
"Q9P0S2",-1.31820871405278,-1.77006087313537,-0.318147150102632,-1.45845147680379,-1.5870989270972,-0.78438857822001,-0.646186735645318,-2.11913849043966,-1.43358390463673,-1.2011145414671,-1.51712381105438,-3.89944363924476,-1.41816840656006,-1.10439786292874,-0.234673763638618,-1.2465660245394,-1.78499460523854,-1.41445176213815
"Q9P0V9",NA,NA,-3.24420071171598,-3.53771947235348,NA,NA,NA,NA,NA,NA,-4.04324207999446,-2.36621067188055,-2.40867420632796,NA,-1.96927200949327,-2.78611662801999,NA,-1.7114224093561
"Q9P1F3",0.147735894521443,-0.0953154127343492,0.848941020401755,-0.0559139031929252,-0.255912866212341,0.374715981117085,0.227641436953999,-0.367593648572011,0.0114051633755086,1.01095014762868,0.90965815035454,1.06626434005445,1.17896347157671,1.28379505439062,0.952200139278927,0.572572447290053,1.21817315671883,1.49918443354868
"Q9P258",0.241713941869275,0.0667070067096827,0.549536119418427,0.14398368889348,0.13824370963582,0.125705646884677,0.362897999063559,0.222183660443379,0.311822893906838,0.62754033370155,0.68891622735037,0.807026793572252,0.107536433102421,0.232900957101332,0.437967833580144,0.384474154458195,0.17091945522402,0.353362868395838
"Q9P273",-2.31296838703055,-1.64643876363737,-2.14651769845424,-1.38528579105259,-1.61650259547235,-6.06299100535625,-2.39314314203102,-2.79563493581807,-3.30849719816267,-4.12606200961981,-2.38473531769248,-2.35361239100539,-1.70662745411837,-2.98800337035289,-1.40465447804956,-1.47650220679339,-2.72319490590487,NA
"Q9P287",NA,NA,NA,-2.16197452685656,NA,-2.22229999275059,-2.28390635744108,NA,-4.76945075103101,-1.86380178804739,NA,-2.66476969391248,-3.02129301932147,-1.80918330780986,NA,-0.836333655665173,-1.04340092909959,-2.57106891521541
"Q9P2D7",NA,NA,NA,NA,NA,-6.9319350084181,NA,NA,-1.10408374109774,-4.06945153587457,-0.231396785413748,-6.41751325602248,-4.58926466663957,-2.81334309240789,NA,-1.92572451293568,-3.26961227595058,NA
"Q9P2E9",-1.47722184093045,-1.54376463767296,-1.6350877607524,-2.39338816462094,-1.91337769983383,-1.01036818026156,-1.81673553411752,-1.62622977872821,-1.65182092070162,-0.917698179702406,-0.948925243966068,-0.966174416316435,-0.828517774038963,-0.975648877764957,-0.699248751589111,-1.12151817440772,-1.08466484881145,-1.26466905496782
"Q9P2J5",0.98140677532021,1.37697899412358,0.9115979354237,1.43738207262823,0.882856996518223,1.07831171535762,0.641184279263792,0.585615573938151,0.772135869028149,1.69231952673955,1.52592533670586,1.67884450598732,1.55077889881411,1.18902645682965,1.45135918731719,1.42306951852973,1.70613623487341,1.89692502503006
"Q9P2T1",-0.755032597823647,-0.2378855203026,-0.013063373119758,-0.379421067351615,-0.0776868222903833,-0.0962776542662347,-0.516772621593342,-0.815258411869113,-0.491323938001692,0.77506690772198,0.686483605356152,0.821588227459875,1.03392556494887,0.975827553923603,0.853182702413216,0.800472283638939,0.705883774320695,0.909766154379296
"Q9UBB4",-2.31871631600691,-2.0972146989543,-1.85298060534686,NA,NA,NA,-2.34867229989636,-2.5296462114392,-2.5630558810969,-1.84848393191669,-1.53005285187442,-3.19175759226782,-2.05712557397741,-1.71229446768683,-1.74231984489622,-1.92166537777581,-2.01130719169907,-5.07150902286588
"Q9UBC2",-2.86400328942206,-2.96112922836288,-2.03795244849927,-2.56489679048457,-2.22590731055652,-1.42081215256206,-3.13672390011919,-2.07063907272109,-2.57628335961632,-1.4248662459024,-1.62738984586451,-1.38494227718556,-1.8669785680468,-2.8858739319412,-1.79020357392255,-2.37760892778587,-2.29507404356725,-1.67352144544066
"Q9UBE0",-4.51604105076264,NA,-2.80186866895137,NA,-3.06626278823993,-2.25517854853181,-2.62782877290024,-3.28153248197891,-3.76981540009543,-2.07870174383184,-2.36152685310538,-2.14208550733021,-2.34700700730995,-1.89563582713637,-2.20846576829025,-2.76794671622305,-3.33476247974498,-2.36190110672521
"Q9UBF2",NA,NA,-1.80790658390346,NA,-2.94016954881869,NA,NA,NA,-3.13001524729726,-3.25948706098774,-1.89470661166576,-2.80761337425246,-2.59346304260893,-1.64387985861079,-2.03726807357925,-2.41044428197767,-2.3339048480847,-1.75573184458703
"Q9UBG0",1.78452656768432,2.06102002126054,1.51867712784109,1.84060625507277,2.01477119767082,1.77769921905097,1.69830277425094,1.83966532617102,1.91480102371183,1.4274833570664,1.57657188515886,1.22320322074185,1.70345326544375,1.939175247491,1.63625185554851,1.47670214837131,1.56490286289301,1.61444244340375
"Q9UBI6",-0.483132274989364,-0.808898550210716,-0.109276544422872,-0.703540857481986,-0.27918412218332,-0.806036151458668,-0.799520342091349,-1.38699477806409,-0.810262254250468,0.296398236125723,-0.470853166274697,0.360491542071895,0.383258398264724,0.000816863153390912,0.367453720873609,0.420339995006078,0.677149355137816,0.570269043028427
"Q9UBN6",-0.69123647445289,-3.25136860856684,-1.65692567301079,-5.08188229518611,-1.80370568594947,-2.66825799433221,-2.76429399435255,-3.06936806013835,-1.47780615939575,NA,-2.90884021147789,-2.06646623840403,-2.61897377790603,-3.42390627897159,-2.27992607358213,-2.98830808197461,-2.49610112348942,-4.07098480070569
"Q9UBP4",-1.08154583512198,-0.328420006092378,-0.700265348965878,-0.488065201550768,-0.341733300811583,-0.445475745433647,-0.823439009464907,-0.135462131026754,-0.372322423822469,-1.36398721833558,-1.65943071260916,-1.06854088574531,-1.08462280654801,-1.52749224434984,-1.77672499458913,-1.57757958577009,-1.37918303919397,-1.11559806595844
"Q9UBQ0",-0.400768143030023,0.153736019700151,0.345654655531584,0.0611743664868118,-0.216459090955906,-0.17003730310439,0.0305765566480183,0.312326548273026,0.0128778648338894,0.86020521610723,0.491574363843377,0.768060001185978,0.756472249272955,0.82972278832141,0.855033818544875,0.877633090266572,0.602344477118418,0.850106128420819
"Q9UBQ5",-0.908795229797378,-0.988061936572396,-1.08740513808066,-0.815434430320274,-0.93880536688914,-0.919925568243876,-1.42001053668327,-1.80464587658966,-1.61291506995571,-0.735204113908724,-0.377217271960966,-0.544277248092239,-0.208690592548182,-0.542714141992429,-0.0362376803493483,-0.268615549109789,-0.426158237650128,-0.667663354025969
"Q9UBQ6",2.54141399924529,2.61419986091067,2.96959803315376,2.80124740566664,2.80699394508694,2.49289718302432,3.06846534634318,2.6618444422662,2.98328475328676,1.44744553959184,2.03473863354678,1.94851792664151,2.14627985208816,2.35998355253257,1.8604178438911,1.79258153061095,2.24334423531309,2.14669541790996
"Q9UBQ7",-1.25314093878997,-0.607963900047981,-0.581933170448357,-0.48018113697537,-1.09435646838183,-0.0718515380721438,-0.531129998658788,-0.966465333995046,-0.208361784020015,0.521251453538364,0.373626916839404,0.816399423180508,0.625423632603514,0.833444727052399,0.581080699451439,0.0479973149064303,0.57755537283874,0.223184121760609
"Q9UBR2",5.42977129217967,5.5437175046659,5.89730439808819,5.71471573316392,5.72609364699138,15.413686286979,5.75754979143293,5.7327573038895,5.64652717653932,4.73240240411991,5.21799984917409,5.02882774406448,5.49870136433757,5.7280954908108,5.170920251128,5.1399086350734,5.47465648701616,5.49176915045431
"Q9UBS4",0.499756655303219,0.6325649421868,0.972814047862537,-0.233321625330731,0.40395194707747,0.323304778608199,-0.0898608380750137,-0.686953202293845,0.166198100900278,-0.646993928400772,-0.59062604745426,-0.482067435375654,0.202268361731401,0.364439542787309,0.271890287953388,-0.488665548701903,-0.0445647879229423,-0.123890610312761
"Q9UBS9",-1.57915842337749,-1.56445419396944,-1.72664696140426,-1.53191670165061,-1.92073348843203,-1.85207847241908,-1.06479321497287,-1.7619498019548,-1.13043706593071,-3.35421302660434,-3.64250408859123,-3.68749167967807,-3.06860921693666,-2.85036352531102,-3.48162776727602,NA,-3.60016301740068,-2.09771218708062
"Q9UBT2",-0.73559637616955,-0.666185450651519,-0.65695571266185,-0.327393138132001,-0.566079621548447,0.0428508142795803,-0.406530392327536,-0.599293021808418,-0.92880864489678,0.467416658721797,0.401122492803751,0.343780644999628,0.118419153552622,0.324206662812397,0.308820742696371,0.299445756163349,0.249733132852468,0.141257634525264
"Q9UBV7",-4.23889501670248,NA,-5.63477428727821,-3.33304700435483,-5.07849340952344,NA,-6.25314218387566,-4.04873582112654,-4.10116986841722,NA,-4.75076912601568,NA,NA,NA,NA,-3.96035574499236,-5.05562543082511,NA
"Q9UBX1",2.4108370243502,2.18628040720525,2.67307774576723,2.36469143836894,2.1760669201891,1.91654827485539,2.5118738620363,2.49203012722602,2.57803294484746,1.51859196263137,2.13607724210159,2.08780274308378,2.53287122876973,2.29493643089203,2.12105902954344,1.97217388597709,2.15241653324808,2.1351810869025
"Q9UDY2",NA,-4.54448269647028,-1.54847924528472,NA,NA,-3.34052169787207,NA,NA,-3.98269741818031,-2.70771633072933,-3.26676580984333,-2.42702517281751,-3.53051623878952,-4.082387095912,-3.37588141183639,NA,-4.02189536213872,-3.69542045361519
"Q9UDY4",NA,-0.810978286378812,-3.04930245000276,NA,NA,-3.8400417687008,NA,-4.83649478008279,-2.67396720985058,-0.861107036030303,-2.05323626348689,-3.38429441680033,-1.96666725075016,-2.23796264331495,-2.94809406746509,NA,NA,NA
"Q9UGI8",-0.898952001852551,-1.20827367515857,-1.07837578190832,-1.20998273063676,-1.00264568268032,-1.36131232545478,-1.27779930867101,-1.22493182292361,-1.27322272951468,-0.483766766500705,-0.170909528607437,-0.125971443823184,-0.439647505026283,-0.366806071438388,-0.916029779327928,-0.318437730501651,-0.68761107792247,-1.02543255983246
"Q9UGM3",-0.90815163702128,-0.232422058007383,-0.272166712671423,-0.770710831027342,-1.17064771004327,-0.426719860647696,-0.442766086844632,-0.221364295605479,-0.368289234173872,-1.76983862777385,-1.3747138805194,-3.9419496536256,-6.21532829208947,NA,-3.78304777119174,-1.17608024964533,NA,-2.60611157871893
"Q9UGV2",-2.99646545055715,NA,-2.53159273214321,NA,-4.55220552543824,-3.74316627744244,NA,-2.89242545008607,-3.86761154090722,-3.27120056350727,-3.11237212526909,-2.83355556040309,-2.32081139939279,-2.4668814911272,-2.35736605616397,-2.25332095621839,-3.76947338041484,-3.23398337310661
"Q9UH65",0.292530551947941,-0.0564659798888378,0.630186812569722,0.458674261809408,0.383704466975251,0.411419747528209,0.21160343155864,0.225846942972483,0.660199595969447,0.896431793052804,1.15008834679297,1.01725004798013,0.597953781591796,0.976172849086957,0.801696688193358,1.0430196607104,0.714942984738483,0.652111504473268
"Q9UHA4",-2.36716227024589,NA,-1.65884627282953,-3.18186445485014,-2.56414113348304,NA,-2.55862989139496,NA,-4.05512886181153,-1.52433360477848,-1.88403617737908,-1.16912575355171,-1.63682797341383,-1.59357187044786,-2.46624632054994,-1.61818508683613,-1.95179440484891,NA
"Q9UHB6",-2.39135311119559,-2.46362322593655,-2.64088627693358,-3.12398739852711,-2.63939162776321,-1.98002773269189,-3.01443922207796,NA,-3.74649542391945,-0.961105459135629,-1.09127021925825,-1.34625710807713,-1.32276750921198,-1.46818255362054,-1.32591273784367,-0.904558002172892,-1.85676081567504,-1.21093573043773
"Q9UHB9",-1.74806342675231,-2.62543477135508,-2.43142377481149,-2.50656320712225,-2.8966060675486,-1.34072147266318,-2.89909167977373,-0.888439017158694,-2.72534932804363,-1.39332148454351,-1.44583901644276,-1.54487836282405,-1.38127980373216,-1.87583958711937,-1.64655339550032,-1.5334052158747,-1.50851835645621,-1.81389579894718
"Q9UHD1",-0.972541112087169,-1.15474543361849,0.126252170468819,-1.25247472005338,-0.419926838050745,-1.14109025374676,-1.36052483759791,-1.09218005466548,-1.08607053620406,-0.245281729304498,-0.57425648547217,-0.418489426070016,-0.0250421083785994,-0.482184775229678,0.0481252210973278,-0.767699861883787,0.00973627253629772,0.407549616248694
"Q9UHD8",-0.351478818978318,-0.916981898532829,-0.415414260671501,-0.359651319914862,-0.601746304616402,-0.177606870730264,-0.645252156513241,-0.89319583436679,-0.567977142753431,0.754808159158037,0.178936341833118,0.29093881831815,0.159302607778221,0.0283888879911292,0.578555025759233,0.700919370166176,0.148390800310926,-0.108208064227048
"Q9UHI8",2.95599352520714,3.18320793872059,2.67966782645745,2.70793160447755,2.55791038625594,2.60837685022801,2.43426726885277,2.18653363651295,2.68374692834721,1.73209952984528,2.2169154604498,2.07212281959718,1.78460730750953,1.79416274374594,1.68743325196379,1.78165309714134,1.78684446909602,1.87020693462931
"Q9UHL4",-0.583290299504082,-0.299754564351373,0.000281560839825445,0.606315136003145,-0.417937416496427,-0.224308800143859,0.178338157705154,-0.0316727668013215,0.044969856037488,-0.303670614935948,0.386096622637913,0.0615667744459714,0.265447021879581,0.276154122981213,-0.232752779222341,0.348897726521036,-0.149279074584914,0.317775282538353
"Q9UHN6",0.557141942761113,0.718934938116623,0.38723893994403,0.544655802576109,0.504645265064159,0.328272655824136,0.587621603434021,0.729616281226443,0.489160362794724,-0.196033981198456,0.0394033215670948,-0.160522963794342,-1.04244738086871,-0.860647686438077,-1.04309791726242,-0.580829941782931,-0.796992732791164,-0.477873833649701
"Q9UHR4",-1.24317351134069,-0.936186549273622,-1.30680333767401,-1.05897466950486,-0.599470815152713,-0.371377096165595,NA,-3.2917076695942,-1.01823012122294,-1.2476142165307,-0.892888017223854,-1.89715932147011,-1.87817579324085,-1.29997293349929,-1.61367582374409,-2.95924312166778,-2.62946539411611,-2.22308128205036
"Q9UHV9",0.479723372738084,0.215517158339249,0.973287346589146,0.302043543136126,0.564029337129224,0.194713872896585,0.273087171108266,-0.0636390825012558,0.497040110832426,1.03926775998139,1.12496179368554,1.35916686431788,1.01006789669698,0.816196850898868,0.772891328392211,0.569345545621879,0.814602937854019,0.653239584267894
"Q9UHX1",-1.05134812424107,-1.34922615056606,-0.447421125679334,-1.12657767269661,-0.553493562695479,-0.5238556437869,-1.08218842260113,-1.38186392051006,-0.582866931154982,-0.299402250226294,-0.217615818969232,-0.437798716062489,-0.561890899422051,-0.542963551319609,-0.816045450276028,-0.49455965970089,-1.05095316758883,-0.533378429693653
"Q9UHY1",-3.70998260227476,-3.02540051729346,-4.19627999606949,-3.39174120711174,-4.96215974248914,NA,-4.68924717460129,NA,-1.92343207693276,-2.7379441626319,-3.22066924404898,-3.42907184865895,-2.76353588285578,-4.65156957566347,-4.77691818349054,-6.10558554342031,-3.56239680867518,NA
"Q9UHY7",0.317248525948633,-0.0826680150022678,0.405183768761582,0.512664376261574,0.29112548014535,0.243035756081138,-0.409135924179838,0.105016307842273,0.10334969181914,0.559551389528695,0.849281826188111,0.848672022931645,0.845671844901375,0.661782690978031,0.18193332758135,0.220926100382774,0.310513093689208,0.747182137780934
"Q9UI10",-0.512462473687414,NA,-0.815787527476691,-2.30498378945009,-1.43609805070042,NA,-1.37367083241602,-0.9175719595825,NA,-0.591085918916138,-1.19473086075205,-1.48614841942325,NA,-1.50902960086613,-0.874451671265847,NA,-0.844175304162513,-2.58342584445264
"Q9UI42",2.23211603270524,2.21540621129955,2.67533960849205,2.46218932989228,2.35421700177879,1.8614195180564,2.50941719727972,2.51737580227244,2.47515131180485,2.10725204831995,2.25677134676348,2.24723268761663,2.06990910518722,2.03618909940817,1.86994116795507,1.81666935806554,1.78775128830076,2.04722485397431
"Q9UIA9",NA,NA,NA,NA,NA,NA,NA,NA,NA,NA,NA,-4.99219719904682,-4.31147452559398,NA,NA,NA,NA,NA
"Q9UII2",-4.77354322737626,-3.6675795450619,-3.15214263323937,-5.0956415131499,-3.71627474012967,-4.01247932025413,-4.37365124240477,NA,-2.54256865960613,-3.91792011212607,-1.95976289365878,-2.87063490658179,-3.77108403639057,-2.71820611673541,-3.11435919688909,-2.84908032271603,-2.47389971019722,-2.31954474708473
"Q9UIJ7",-1.7875462558381,-1.90828310436887,-2.00762543353533,NA,-2.22051545807818,-1.6405853251945,-2.2863659005439,-3.21750233393,-2.32016037340557,-0.1660357519324,-0.198048613180816,-0.108517880319306,0.0693096711939809,0.396846401070091,-0.142435689795049,-0.260652085802111,0.166084284144093,-0.132457487103462
"Q9UIQ6",-0.798575682857482,-1.12864865669191,-1.22229923716943,-0.489233462296557,-0.701185481362645,-0.351450315237708,-0.415208353377198,-0.400683307735264,-0.635930821204941,-0.6576578970536,-0.314459872605658,-0.379943580319879,-0.533197993247683,-0.786459007755409,-0.629583024167347,-1.02962703371665,-0.362798355045184,-0.796153908268712
"Q9UIW2",0.241179414578045,0.644208435869841,0.0458805239184557,0.602076577381126,0.361070598860644,-0.108897885151377,0.630495845577961,0.406744016874791,0.462764559534367,-1.1257700365176,-0.530551024637906,-0.414194863666228,-1.02267749502904,-1.0096459696726,-1.30332491369217,-1.28515527457085,-1.49020084376365,-1.2248292562315
"Q9UJ70",-0.7930931633748,-0.373241592432702,-0.613982092258757,-0.539600373905214,-0.724907206969975,0.0207308215884314,-0.362517441009624,-0.0870684274190658,-0.830200672980146,-0.176331435956566,-0.225518435338547,-0.0068307707415709,0.121887711250794,-0.301266513453369,-0.197687495808301,-0.275658781523783,-0.480150084440144,-0.38948124156124
"Q9UJA5",NA,NA,NA,NA,NA,NA,NA,NA,NA,NA,-2.90401732105462,NA,NA,NA,NA,NA,-3.23749800359529,NA
"Q9UJJ9",1.28070407493515,1.57740834058764,1.76463264736022,1.53040233277869,1.54039738874012,1.18342711879771,1.94315883733626,1.52858433308558,1.51617205531217,-0.23601200874783,0.305075200388753,0.504758441908992,0.926462262484435,0.768351285113447,0.456288180889302,0.274122614255125,0.766641958217466,0.699949906743154
"Q9UJU6",NA,NA,NA,NA,NA,NA,NA,NA,NA,NA,-3.5752041917161,-3.508192059708,NA,-4.17442355743453,NA,NA,-4.53994597890392,NA
"Q9UK41",-1.75899932106835,-1.78422516217004,-2.49923485356459,NA,-2.11985011571097,-2.67764485012453,-2.65261206736119,-1.77759234452621,-4.60945396503926,-2.50638172427642,-2.08672904193199,-1.90434928688894,-3.57366059350448,-2.46344872452667,-3.30137876207576,-2.31966636995467,-2.3969733723456,-2.32161766935302
"Q9UK45",-0.801398733392971,-1.40565629072975,-0.701131812418691,-0.823190902104226,-0.228245508926987,-0.47833096956005,-1.02980316144493,-0.762343286495222,-0.193187364430832,-0.147010024513058,-0.31181139736316,-0.437674413436924,-1.08921715259698,-1.19627055431064,-0.452254306890056,0.052918483188952,-0.707439946421029,-1.16781178050149
"Q9UK55",1.56087046152446,1.68542099922007,0.624943691327537,1.58033290540689,0.961071036205162,2.05098466613781,1.10718936162183,1.01416873121019,1.88680635329979,0.115543624015649,0.301271760508532,0.621102510933397,-0.0633056753924102,0.098539356203494,0.779477683555591,0.716014673245969,1.19893161477615,1.20668461961105
"Q9UK59",NA,NA,NA,NA,NA,NA,NA,NA,NA,NA,-2.63938408386218,NA,-3.22308261050603,NA,-2.99587575104987,-2.42956016494844,-3.13610796343286,-2.4833187408799
"Q9UK76",-0.830818528250879,-2.06609640715873,-0.76660680161574,-0.358200375339877,-0.773665826488325,-1.09727533220144,-1.12234153783187,-0.720417399585568,-0.962242272203511,0.284754184713155,0.0321753794456434,0.462547813368426,0.584818217375734,0.214953969480602,0.475853568265958,0.773944125223609,0.29381503933743,0.728800892968705
"Q9UKA9",-0.548264881449541,-1.03984174501143,-0.402243127247267,-1.9260491062755,-0.409235454519635,-0.857328434081823,-1.38721033556832,-2.19257729651713,-2.71904918555932,0.83879310061284,0.318750293968506,0.832618682667844,0.577848918570776,0.332187013853876,-0.266188524589666,-0.288059731854643,-0.547287436855727,-0.00409226215547065
"Q9UKK9",1.43342249965093,1.63517218711256,1.73909414959363,1.88584053989143,1.82429377535138,1.67608175338776,1.80832382370942,1.81446311043596,1.9401034558895,2.26499320206637,2.04948515855839,2.28460736990781,2.25884808660376,1.99305322935408,1.86657812298006,1.93208432150964,1.87516793293359,1.81185672094163
"Q9UKM7",1.91205356004942,1.59683982499779,2.07087023331287,2.16050760976753,2.14965044465399,1.82891786408735,2.13435386387698,1.97756480882239,2.37116870200123,0.121521688999946,0.709693800601269,0.758065348479347,0.746964359075747,0.70685082013822,0.34231203009214,0.400361233048923,0.941780525701121,0.664937124335895
"Q9UKM9",-1.58629675926983,-2.46969828160275,-3.24812911686174,-2.87151612643442,-2.34527473329315,-1.81122218160173,NA,-1.86780764183158,-2.09318715577072,-0.173212735774561,-1.68567046880537,-1.20402122044695,-1.31426100890501,-1.55222507215703,-0.894286449111152,-0.515236795269999,-1.67807865814525,-2.20061852603387
"Q9UKU9",-0.908248173726349,-1.27819893306073,-0.875965009130531,-2.62471768507697,-1.73988195033276,-1.43795820111343,-1.38925638176479,-2.22806502393366,-1.04301927270531,-1.20639168019516,-1.14460582691718,-1.16981070230576,-1.16636324062253,-0.990869494527685,-1.55635380460277,-1.3453908024732,-1.13419233461006,-1.7940608040928
"Q9UKV3",-2.64516855573146,-2.79105348198942,-3.12134465634875,-4.09059181677975,-3.90138733619557,-2.77570698000402,-3.68808296651805,-3.76151781564531,-2.72914218566825,-3.01157934197637,-1.89866870009217,-2.81279972046572,-4.18388143247025,-3.04229508724485,-3.14229637894459,-2.56339844051713,-2.22264584603086,-4.38371317868846
"Q9UKY7",-1.46263061566574,-2.14489053120375,-0.741872132618282,-1.5660120156023,-1.09013908145731,-0.749193174708829,-1.10486332149147,-2.30584422532585,-1.09364393645488,-0.138223397610435,-0.237702372906011,-0.24504955127035,-0.0124840094159797,-0.0283576653394171,-0.334757998214634,0.105287755063365,-0.46604398728574,0.0233925197941716
"Q9UKZ9",-0.0853259832228357,0.699413720334741,0.367912829428544,-0.185802875119554,-0.447189914260155,-0.332319356129567,0.0224151796721053,-0.683854273311666,-0.803079329808744,-0.0752149130320046,0.102279865705718,0.0528848896928586,0.837278098193357,0.8454002281931,0.64461584890469,-0.341839046842027,0.617423340351673,0.591468399682777
"Q9UL03",-1.43800575122446,-1.56361158267482,-3.17553603027323,-1.8409945387507,-2.20797712883085,-2.14085284878642,-1.4537429252185,-2.59789806751529,-1.84202384501953,-0.667542018664718,-1.2890489755972,-2.78280369774825,-2.14231383747102,-2.65955963485185,-1.63779241013561,-1.28776186485532,-1.40189881120208,-1.42713952769886
"Q9UL25",-1.85377209941028,-1.67552506637873,-0.91212421423791,-2.22955382928726,-1.38724318921024,-1.42444545242534,-1.65512410768857,-1.28128048205396,-1.55730100975643,-0.600393443433482,-0.561710907560492,-0.501640111524503,-0.87068421811149,-0.913913927385175,-0.488672094278383,-0.462468544358615,-0.563866654383623,-0.659347954976136
"Q9UL46",1.76029025116948,2.02148856629321,2.29758658967587,2.43225942138274,2.34322704504694,2.31817369498239,2.19513629550608,2.23817364897728,2.21000756016567,3.23942540431329,3.32733762452584,3.419251008827,3.48631494227261,3.48503951284892,3.16613752486085,3.0114705029193,3.16959511747084,3.07419189055081
"Q9ULA0",NA,NA,-3.05688037785199,NA,NA,NA,NA,NA,-3.11663042414267,-3.94910536921406,-5.16306150297218,-1.5835161525397,-1.13860692244062,-4.31163196875081,-5.51675423753969,-2.55146700278905,-3.99626885796204,-3.26159166932617
"Q9ULC4",-0.321502681483132,-0.15207058025001,0.191597760902845,-0.198364631032925,-0.125075142961,0.499917031153187,-0.132481200295517,-0.402058546816837,-0.422596119281446,1.58252269963363,0.944170624904839,1.40211634126721,0.832683308462622,0.654767623448,1.12905360586852,0.83134706235124,0.846655181896127,0.489386722410348
"Q9ULF5",2.94581868855105,2.69948163343849,3.42949970500388,2.52249776589341,2.77430236393341,2.41948744394915,2.94978608762055,2.71701710548265,2.79201113614952,1.48118859094327,1.98180280298073,1.89471345916106,2.24136708926286,2.24104493013478,2.19150088503467,2.07625063919435,2.62879126593039,2.2909796862057
"Q9ULI3",-0.700361568171964,-0.78818391482704,-0.700806292303422,-1.12838861674662,-0.824837309884915,-1.54939312400157,-0.441563937555159,-0.543507708804496,-0.288542433376868,-2.5989222966632,-1.58908701391412,-1.71225981934533,-1.94681654435137,-1.97583177545054,-1.5769403318744,-2.38291056294355,-1.75539396333544,-1.58163967611085
"Q9ULT8",-3.18686280325475,-2.72814962009356,NA,-1.78780657723635,NA,-1.92925603058667,NA,-2.14693697927395,NA,-3.14249919228667,-3.3085100757478,-4.53042045348936,-0.960392954157046,NA,-3.34925784364549,-1.55117684569031,-1.8372677741117,-2.82599196393568
"Q9ULV4",2.57497007619513,2.59273950129132,3.01152879519587,2.66377223978989,2.75687621661758,2.68356972647586,2.66476294517266,2.68094722573422,2.71787607061672,3.29608790083805,3.55602144163896,3.61114800073286,3.61123272608356,3.4320724882505,3.38196713239148,3.32339762627067,3.37324680883465,3.37331504335756
"Q9UM22",0.67723973035806,0.99009074272549,-0.239568754652113,1.24925372917962,1.17834322484037,0.72397111833518,0.424920409688845,0.649457924222952,0.820425004091849,-2.32914884108403,-3.69282444843674,-3.39896275846366,-2.23540310317439,-2.15751594349485,-2.66140663201812,-1.36818176279496,-2.14214891238467,-2.16426775289351
"Q9UM47",-1.01032665017035,-0.480241644839252,-1.10574712489397,-0.438195134392872,-0.428864907124872,-0.389052063454496,-1.01096090366181,-1.21146436303319,-1.01012788567388,-1.16256480015012,-1.11230065329635,-1.11619104786846,-1.61260524283619,-0.90939116956711,-0.839493605077939,-1.72911033865182,-1.23688809414001,-1.03102884986581
"Q9UM54",NA,-3.38030673710413,-2.29409501583968,-3.51088518811229,-3.70508623985484,NA,-3.96727815125694,-3.88514508583505,-2.34499995436235,-2.98359196364738,-3.48541360364794,-2.93391579729967,-2.80034539977796,-3.01233866305893,-2.583612184855,-1.54683104136086,-2.51086910679119,-4.9625790088793
"Q9UMF0",0.189846798189462,0.130430644763845,0.394285692116565,0.444246927713232,0.0627475078964981,0.406555550118885,0.222414446350657,0.427866028950543,0.500295828884997,-1.36486361789069,-0.443466080640594,-0.572973738075235,-0.210114670300515,-0.409673740770659,-0.69470232635126,-0.650190103600072,-0.272759811127486,-0.380850586897646
"Q9UMR5",1.98689959131668,1.9386419893898,2.02160138409957,2.11914737275203,2.08942246064094,1.45145516581003,2.02196651059911,2.13884654859377,1.93003441517902,1.22988490190903,1.6113167069569,1.19934660825156,1.55522364126651,1.94960171066551,1.60055759371921,2.02021557023318,2.03661267679051,1.41430593017049
"Q9UMS4",0.524600279869135,0.0611438321195692,0.470696433268456,-0.12036028735087,0.00784300172666086,-0.093616502587869,-0.177125516188537,-1.13904924304422,-0.0282413621709523,0.396728556063383,0.249757607373517,0.217299837106106,0.0329090848938236,0.288540984008582,0.13933399714718,-0.222436703142836,-0.254557948733041,0.139550779010431
"Q9UMX0",-1.44839495171564,-2.0259606560146,-1.3397325088974,-1.56425928539874,-1.84002617809479,-1.82299116070661,-1.63144579749088,-2.00009995103274,-1.63163626225969,-1.27255835543991,-1.12481947610724,-1.45693260785006,-2.10558512765129,-1.51718497893939,-1.52319926386897,-1.92348443707949,-1.8687359214675,-1.46005028094406
"Q9UMX5",-1.05526032142444,-1.54186758141894,-0.663610401687759,-1.15693625948593,-1.18654510886885,-1.14259717106628,-1.85923171176168,-0.575459023617201,-0.715228793846966,-1.07025400576082,-1.18139418370075,-0.919182599522719,0.110208084280197,-0.380015022003446,-0.396791389727479,0.00824078238482073,0.116873346888921,-0.302165096667208
"Q9UMY4",-0.925161720598443,-0.589651170158609,-0.708310134321376,-0.770461314801762,-0.772799792127954,-0.461377427227749,-0.359853812123093,-0.596466761411886,-0.347085763704053,0.387051993290745,0.442445476072344,0.628272714032386,0.181928484758892,0.201228869192068,0.512182370431514,0.480284409456825,0.132224732472562,0.542116005290966
"Q9UN86",-0.923278083500248,-1.60824138720192,-1.42695027989767,-1.68092033565733,-1.38467482135319,-1.40266434419595,-1.82096635242582,-1.83396786344949,-1.74321941624579,-1.14906377925386,-1.15013154815357,-1.30235084236216,-2.04663368041961,-1.4407184906954,-1.78920296919416,-1.38875138088606,-1.80127474133356,-1.62091921836845
"Q9UNF0",-1.25463934409173,-1.51806260477263,-0.840471836762823,-0.769811241416302,-1.07795814124316,-0.98003117551886,-1.56368485788147,-1.88780926690158,-1.32555645684929,-0.578763294732318,-0.523279536654742,-0.218408109525319,-0.545202258455618,-0.545583885385454,-0.484706700079254,-0.819268997597844,-0.859571873142595,-0.559328130317652
"Q9UNH7",-2.22583927464153,-2.03138803230469,-1.89059998227164,-1.70397854177423,-1.65507699260549,-2.53522365884237,-2.78170621831988,-3.08231065316721,-1.59142710118517,-0.082102739452095,-0.201358592821256,-0.247743369330431,-0.0884028908363348,-0.326129691414575,0.0614199366059278,-0.176640698465551,-0.201915623804327,-0.0641635250970278
"Q9UNM6",-0.359871305095389,-0.311153663416039,0.0951573192866064,-0.193509202873136,-0.29661848558624,-0.507524253998142,-0.23325511862547,-0.656243963766293,-0.325336434313131,0.121086105868487,0.098997599602507,-0.073642218003835,0.0927687581279084,-0.188259908036724,-0.0252944596603033,-0.202150610431291,0.0280103664418032,-0.00579771950945585
"Q9UNN5",-1.70379987968401,-0.664892336319204,-0.810309437418574,-1.29355641946642,-1.01914594055035,-2.47278367941097,-1.60789225972159,-0.408792403641957,-0.815353168587987,0.0489779066240317,-0.181537147700299,0.117246230441712,0.316241492295074,-0.536443663572058,-0.0803350462702337,0.0935472479087061,-0.265940586004593,-0.147741161508307
"Q9UNN8",4.68761966939102,4.6702749424101,5.19241697877958,4.85663496236318,4.61354690825811,4.32959032145828,5.00327339264038,4.82305790737584,4.84454969108947,2.76274118933438,3.55249602117948,3.35161704661403,3.76309561543593,3.90822293913184,3.36428093950244,3.29794933281221,3.74379150835215,3.52532043509864
"Q9UNP9",0.833709349631068,0.750747179565895,0.862319756597582,-0.0370109620746408,0.727744563906233,0.624683504294662,-0.348712475325625,0.998153782733025,0.360776094925695,1.0524436959363,0.875550739404147,0.956873582980636,1.47725708287775,0.969272033830334,1.11561984466424,1.13374553114761,1.18186849462018,1.54619488813328
"Q9UNS2",-2.7613388526401,-1.67673117735642,-1.9279075421559,-2.40762299680018,-2.05228943348286,-2.8012175436979,-3.43700546432422,-1.9431809606466,-2.20072284688611,-1.43413588090929,-2.06746603740984,-1.71998505198364,-1.80250493227008,-1.87683882171904,-1.89452189105033,-1.16788802199175,-2.32336447272509,-2.85778050548351
"Q9UNW1",1.44422304504469,1.21403513177152,1.58355089614911,1.68152271719132,1.29225334153615,1.15848495243686,1.70976628922743,1.82396739152328,1.67006266081136,0.263261730526773,0.436108665982747,0.261716902732294,1.16418205522369,1.10608478070042,0.512704897014183,0.592199051176401,1.34325681668688,1.16476323748962
"Q9UNZ2",0.436939016176614,-0.21362075676293,0.347377164257839,0.2866300447855,0.37712046045346,0.219625929213198,0.296064254362507,0.0247947273717717,0.279895157676245,0.961658320569621,0.730813642289029,0.706756280845044,0.538439869352127,0.636455569918358,0.531955181709204,0.644757052067307,0.562568637099551,0.544199070117321
"Q9UPN3",-0.488741529718222,-0.614762535731922,-0.0889368572521825,-0.884164274967454,-0.712747013272943,-0.524236333748926,0.154729994353062,-1.34441842916854,-0.66986768871172,-0.0207854587855483,-0.399852459068246,-0.391648524908977,-0.208213405650483,-0.183666851206469,-0.713303268029839,-1.10465737476013,-0.981405007281595,-0.924886909085749
"Q9UPV0",NA,NA,-0.346886403238422,2.57372998153186,NA,3.48516322236815,2.23337678126404,4.45272926173847,3.07421666172274,NA,1.99262964433847,-1.50861299953047,NA,NA,1.81165127009507,3.03392347962545,-1.56969338388651,NA
"Q9UQ53",-0.0701869306554084,-0.472744545318703,0.157121060455049,-0.241863599940512,0.0895579405144851,-0.142342988175127,0.128731853519392,0.0215094532890276,-0.383192730116008,-1.51319169246219,-1.25421054988599,-1.04513212451805,-2.22318390773345,-1.31153963345111,-1.45155768354572,-1.61538789399873,-1.45109047832806,-1.41175897258599
"Q9UQ80",2.69978136249961,2.82304368890378,3.13307913624562,2.83810769300292,2.85119881920668,2.80288811904893,2.84426291755202,2.65114114858531,2.76057452270104,4.06236919167241,4.03957831150809,4.18194866858282,4.06485234715729,4.03627790702672,3.96978676647557,4.11612869622133,3.92562717631687,4.1627959857651
"Q9UQE7",-3.26936748189386,-3.76767502854962,-2.60892516605488,NA,-3.1897702044479,-3.72340223277244,-3.58238066315681,NA,-3.23762403836408,-2.35173317068986,-3.57833617682575,-3.08656001053097,-2.76146863547986,-1.94446083436894,-2.35212867064824,-2.16123548949071,NA,-3.34749306638386
"Q9Y224",-0.824332699424523,-1.05667018647909,-0.665385731621385,-1.33075954814317,-0.852208538585838,-1.07090830283772,-0.658750816379455,-1.45702892889539,-0.997830211021615,0.20416919818679,-0.281578436471062,-0.24629555141945,-0.343279019593513,-0.350356913248172,-0.388440907036818,0.150488833079198,-0.17391031372831,-0.390499066944056
"Q9Y230",-0.179617734391767,0.206111501291666,0.748065787997353,0.0590928975037084,0.161159489763454,0.11547462745752,-0.339134847263647,-0.474554208232757,0.181820295870585,0.711967305168685,0.578685590253274,0.855917529098617,0.739895457996331,0.88073625403092,0.742314015815863,0.690688003386956,0.689151366481081,0.544084163739909
"Q9Y237",-1.86559588299044,NA,-1.81791888121466,NA,NA,-2.24887699692537,-2.46119375650161,-2.83641277165312,-3.63698068205568,-0.571816913634959,-1.62316037779061,-0.751687785282176,-1.65225259384546,-0.940317778572023,-0.618265138100667,-1.72226052728572,-1.15385432246898,-0.615950343876018
"Q9Y240",1.2388960656137,1.07037809103612,0.145214813959834,0.27611824852116,0.745425962956325,0.247424386724241,0.00791481548854023,0.594575165583169,0.783144098020243,-0.0943161180576766,0.0117076757264183,-0.222009813141323,0.138769920529365,0.0526105005914648,0.265538068814239,0.374816208862471,0.0448905920174774,-0.207175516198394
"Q9Y262",0.135455565444838,0.264409448850124,-0.026204009758743,-0.140204786853046,-0.1290860650453,-0.480620983102702,-0.50427267007607,-0.493302892302516,-0.361433456489022,0.552801687242498,0.584593820538542,0.347918464783826,0.436903531985445,0.426956409446655,0.532887980525096,0.368461424994916,0.206469542619423,0.181704927086503
"Q9Y263",-0.706668333957798,-1.34753215322894,-1.8039636201114,-1.42319150521952,-1.85419430534952,-0.519581847552191,-1.61860946891512,-1.70701216740751,-1.83480354650279,-0.510601959573657,-0.387344845483838,-0.356189480594517,-0.883927207170092,-0.549473814276047,-1.24791716634298,-1.01081576188395,-0.714395362821818,-0.536119294238333
"Q9Y265",-0.575098630957257,-0.33897479626062,-0.0772007200931117,-0.568848935583698,-0.599711014291741,-0.652192823159546,-0.182256158282719,-0.767035009550848,-0.668007699065947,0.432292290906705,0.0459093252077309,0.620442601411698,0.459320809233759,0.0804301104062013,0.564259577328226,0.216294803867168,0.407570512609373,0.0794527774502374
"Q9Y266",1.75760639833826,1.91268960787259,2.25214864159827,1.79750232750431,1.85854653726211,1.86282070281788,1.83617049013777,1.65048421229454,1.72207183200409,2.61618309244528,2.53503474045477,2.59076333772247,2.63125833845728,2.50202563688963,2.42076168297889,2.58742376139563,2.54587886066493,2.79106525864583
"Q9Y274",0.448567666067682,0.286020978126665,0.244267417865952,0.460097945196383,0.231461410952566,0.421490065677437,0.420430036944056,0.68181249511548,0.474354094995844,-1.2476218442458,-1.78058743536348,-1.13176272653809,-1.92599207655291,-1.50560772347446,-1.60376641256693,-1.85817585564045,-1.60563982230422,-1.44926466889109
"Q9Y281",0.813400530617352,0.320822131010098,0.880014962142617,1.07614490929091,0.943788232886288,0.989685692826457,1.49361052926372,0.360671986167219,0.436379644272263,1.26477281870007,1.43245529118688,1.45443363072328,1.46818765433627,1.00661866425192,1.34516496430209,0.946546290922202,1.27190003980705,1.34088206765472
"Q9Y285",-2.51834580475788,-2.18405557279587,-2.29274625048488,-2.21091905265479,-2.29557681157688,-2.50449003180765,-3.3951540991683,-1.96879861430941,-2.77468894558026,-0.309440023965182,-1.04023134934189,-0.715258646432869,-1.01012872810776,-0.87613004643902,-0.624181357650889,-1.31723066968051,-1.09720235731403,-1.3525400189585
"Q9Y287",3.11200869150803,3.20356397642324,2.75948621678594,3.68162302807973,3.54738460314534,3.42762916493067,3.2398114848779,3.65825968709807,3.5712018719948,0.437750203771213,0.615207598190128,0.158199359519205,-0.321907715521712,0.617027624461358,0.170583074449752,0.641806901098613,0.56589600153487,0.353391274710395
"Q9Y295",-2.15799410309915,-2.05294215996374,-2.11779017104152,-2.18901346784538,-3.83414746203091,NA,-1.7789676069618,-2.37846566537289,-4.07554613302755,-1.21580815086118,-1.46942777042459,-2.18673573243451,-1.40896402601761,-1.83002523503644,-1.85284860072886,-1.29093834307972,-2.08095613073234,-2.33561619616932
"Q9Y2A7",NA,NA,NA,NA,NA,NA,NA,NA,NA,-2.52573748044616,-3.74377304365213,NA,-3.78953227240134,-2.19907925052623,-2.06534607454619,-2.74419316814745,-2.84011949250847,-2.33918177869759
"Q9Y2A9",-1.20098753986364,-1.0299797440073,-0.675519925101997,-1.90056824760869,-1.13075890005303,-1.61625028313265,-0.959942340205744,-0.948558498300143,-0.838411800557253,-3.84365801100637,-3.17702738210534,-3.18257464096767,-3.54032290338766,-3.25675823276471,-5.09381284625535,-2.72361783281645,-2.94816277630746,-3.19130034507568
"Q9Y2B0",NA,-3.50587427385952,-2.09039352708574,NA,-2.96481277365345,-1.41447611267686,-2.84258759148062,-4.67761148580876,-2.91387583462576,-2.49014885271443,-3.47823906299665,-2.28977487569576,-2.74647771930553,-2.81630009383005,-3.14613616711604,-3.98809511010096,-2.36702967819611,-3.03721348072174
"Q9Y2B1",0.0317771152318702,0.393800333240156,0.189516398771469,0.456341086765573,NA,-1.12386277621843,0.196516356002753,0.475230862348015,-0.218524338347979,NA,NA,-1.18321146573507,NA,NA,-3.48804026591541,NA,-0.0084366857308531,-2.86204383435954
"Q9Y2D5",-3.75427395567683,NA,-2.80407084216185,-2.76891864736415,-2.23742205767087,-3.42087968780951,NA,-3.79490489444476,-3.14931431351999,-2.22564173562845,-1.9994013078339,-1.65506623877456,-2.06498928081859,-2.4323738973351,-2.26877287680894,-3.49906373609152,-2.14662067345835,-2.05350419321053
"Q9Y2E5",0.36889876956322,-0.00767740998830035,0.233574327185933,0.490732166622657,0.154696572916782,-0.302213479240912,0.474006357726113,0.446132093655192,0.459191363152062,0.00853219144594242,0.630110768909784,0.554855653195816,0.987971567785348,0.878199905266243,0.490774467900708,0.538374205416474,0.69414991120931,0.811357684968563
"Q9Y2H0",-2.96392646301779,NA,-2.89502514705605,NA,NA,NA,-1.8353754634239,NA,-2.27886624991978,-1.32956417160765,-1.49329318498543,-2.18832522746443,-1.66860357351226,-2.36227470819188,-1.42673069466124,NA,-1.86687986320823,-1.52411714197575
"Q9Y2Q3",NA,NA,-3.79666650721711,-4.2545219877908,NA,-2.6546926260724,NA,NA,-3.11829647561044,-2.36141866099187,-1.26567015584016,-2.25184757839783,-1.47188484449706,-0.960650350000572,-1.21293460769337,-1.17305114660928,-2.44884457071796,-2.20863802370032
"Q9Y2T2",NA,-3.27121205822752,NA,-1.75101701545125,NA,NA,-2.24828157448753,NA,-3.65061411061274,-2.73187087660465,-3.59988574000611,-2.81786777436454,-2.85635594468535,-4.19096947485783,-2.42826913877557,NA,-4.26134812335611,NA
"Q9Y2V2",-3.24739539127182,-2.16283670932397,-1.67401598404753,-2.10921054542477,-1.13514514558388,-1.74485931504931,-1.57828722324479,NA,-3.6165737830761,-1.21387227308673,-1.62832782053636,-1.08139887260177,-1.71390229429508,-0.990709056124655,-1.63849414755636,-1.60378818310774,-2.20450133745476,-0.98308504034324
"Q9Y2W1",-2.17041854848834,-3.15152156124202,-1.30496983482205,-2.57183649315479,-1.42019930324944,-1.59394253159896,-1.74842235015207,-0.902269620671272,-1.39393747582039,-0.638501104370049,-0.655420375608348,-0.344447283771222,-1.46516145039586,-1.17712849357715,-0.964656550356404,-0.700038966755944,-1.41529720983295,-1.66569599319291
"Q9Y2Z0",-0.297247014493912,-1.12381639711681,-1.16701662389137,-0.905429053397754,-1.30668726499547,-2.25485200675124,-1.30225731903193,-1.50167479505068,-0.636776697139751,-0.530510748496619,-0.74623125107313,-0.247414324737157,-0.31886315695016,-0.868301891308037,-0.0105412407978172,-0.124137722324635,-0.701939847752194,0.319639082946345
"Q9Y316",NA,-1.91189586267072,-1.9336812180186,-1.87878685261397,-1.61758362535118,-1.71146314198382,-1.50751910432183,-1.05855018716044,-1.72394807008198,-1.25421333304117,-1.10044701293342,-0.748048313729598,-0.434398020177735,-1.04214639953971,-1.71955971307307,-1.79076091460106,-0.930919113608866,-1.47959532019661
"Q9Y333",-1.26562718110864,-2.17510074610125,-1.6358745770018,-2.3929803812961,-2.58519212912807,-1.72885744810392,-1.6870136135547,-3.03227231713793,-1.79742494570043,-2.26023762987887,-4.86179652527007,-2.13668352801178,-3.74753450326383,-1.26409612064348,-2.31497086284336,-1.33405335889716,-1.91731690491679,-1.12898690850806
"Q9Y376",0.101929232545492,-0.505488418424759,0.113557019465578,-0.0853992019851013,-0.318858322264314,-0.0446092463621461,0.227137134717367,-0.380721800483919,0.434055836920455,0.758010176699008,0.568418184858091,0.835970979146046,0.662519997387937,0.679851297688488,0.540878971157344,0.911997222686143,0.449508433143874,0.525256670270881
"Q9Y383",5.62555774351901,5.44682909149917,4.72730320531913,5.06116666756193,4.87533347945735,5.50093290794988,5.43283072949655,4.95470281839398,4.94918700829796,5.35107030151143,5.47625422141256,5.88828378095119,4.51667425416156,5.23631997762032,5.53349122477578,5.49588008995617,4.66355215663681,4.75244195468377
"Q9Y3A5",0.686162008779235,0.57976990798719,0.81282554872986,0.733554733268111,0.914505024543864,0.469040780182015,0.508380228958822,0.566082747957044,0.524804297186781,2.10273612322986,1.6393051492397,1.84228714665385,1.81752450190638,1.65366962316093,1.9225419235998,1.74172392171369,1.80671260874178,1.79668667802141
"Q9Y3B4",-2.56060820452621,-2.94644164838959,-2.45642344087505,-1.56111878344153,-4.14683318440799,NA,-3.17272707687679,NA,-4.08128168651735,-1.61937694649766,-1.80551145411755,-1.62541474926755,-1.756723741321,-2.59502221803059,-1.95019658941097,-1.89089221627448,-3.19518525716877,-1.8148934286834
"Q9Y3B8",0.869214784441786,0.300979389564525,0.940258363641858,0.705228466578493,0.249559510996221,0.552238078500432,0.926874539725885,0.457691014254891,0.497848626558223,0.780100586196831,1.04165217161502,0.662341956321177,0.343340214567773,0.850403053298828,0.822805267919092,1.00036682218057,0.885684375927429,0.830645851317147
"Q9Y3C6",0.657502422888243,1.06446554428842,1.40002459839949,0.764222678766998,1.1359597126457,0.767633173735701,1.07199282783041,0.634201514001814,0.944263909165441,1.49759824716529,1.2431141950925,1.72210666855668,1.61463063481048,1.73820964360543,1.73218151410724,1.70774552635543,1.66783076147396,1.89065895356764
"Q9Y3C8",-0.14817514835182,-0.580176095792034,-0.408759490472905,-0.0988526633575741,-0.575895217826075,-1.01710054598551,-0.344488814624611,-0.317747800190093,-0.640683569442719,0.16316917594445,-0.455400508861819,-0.0307371320958207,-0.0994155223539543,-0.218647559447648,-0.316333303590742,-0.845718780955012,-0.0334032732821026,0.262307739434384
"Q9Y3E1",0.408498726842135,-0.37856653407867,0.617028835563243,1.67618768154493,NA,0.809880495102538,NA,NA,0.527991054940333,-0.392528501198674,0.191744761938235,-1.10671541451983,-0.540836554498807,0.84504859161364,0.313910193511896,-0.762085382319216,-0.0664467006278926,-0.145750337957201
"Q9Y3E7",NA,-3.41734845601847,-4.81794055724196,-1.93718532083438,-4.43111294641737,-2.8315866127588,-2.86137501331015,NA,-1.74897917119403,-1.60413337013373,-1.52424139209633,-1.40699751169677,-0.967649307974357,-3.48227091697671,-3.44431936661414,-1.63700032634425,-1.90219100979449,-1.71688834746795
"Q9Y3F4",-0.218928249354381,-0.0172156257543339,0.233664768144767,-0.00297901037537152,0.108331031597194,-0.234333277692103,-0.0231923317427203,0.0894549056905056,-0.0955309498751067,1.10662319166964,0.521723664802259,0.745565681409225,0.406694771165794,0.433201525829389,0.783122599877135,0.640084977667858,0.479521836404366,0.453333864292556
"Q9Y3I0",-1.21872351236262,-1.24383963572738,-1.32719769304964,-1.01488148343425,-0.859290099801458,-1.45483796005135,-1.13650546159334,-0.991978397517801,-1.17393570049815,0.154674975521347,-0.695766318364668,-0.276875502749229,-0.612158229227646,-0.529356910627905,-0.127877434285208,-0.29867309794769,-0.349935666831078,-0.787880040028908
"Q9Y3U8",-1.29256719115634,-1.51224294568672,-1.65617637548362,-1.08529096132566,-1.12993360891342,-1.28073835024716,-1.76723645677662,-2.44935834746102,-0.992970406557628,0.0708424842131841,-2.13179644529415,-0.297834045499968,-0.385919490863409,-1.23842202268097,-0.846925368442228,-0.15209955856402,-0.424842654956501,-0.549298983049249
"Q9Y490",2.94581762038834,2.97645110899203,2.67174599899987,2.65115665762908,2.77874030723125,2.83312565758074,2.59658749619397,2.71009862344536,2.87151667203468,3.10216280344267,3.05683586648211,3.04360611450454,2.9283170056341,3.14372561907203,3.09172053186159,2.9175165027625,2.76196508015323,2.76351672114984
"Q9Y4E8",-2.61974413561195,-2.13033076299128,-1.68452387368147,-1.83671897191441,-2.3933975751075,-1.88075729934487,-2.09110613916565,-2.31048090028767,-2.36572107208995,-1.21972453785349,-1.17022589950542,-1.05626493051009,-1.11628731663377,-1.45188727988323,-1.75061540613227,-1.1185948951792,-1.61978247634238,-2.02032331216175
"Q9Y4K0",6.83395176956804,6.91916383494332,6.9406933277078,6.53844592790434,6.64089739130215,6.44297707433583,6.71244969106403,6.10585414683156,6.74223899504526,5.40698524402362,5.65926809535705,5.56959797739759,5.75471390348549,5.75718518435912,5.51310184835701,5.23300630678522,5.4889559053817,5.63419218566835
"Q9Y4L1",2.75506249523614,2.68736490209126,3.04536433346022,2.93552137273213,2.7533980149022,2.50099767946568,2.86149948638582,2.76547501277071,2.97262438582165,2.09772178090519,2.14236138513304,2.16937830930794,2.61651437159044,2.56107091544382,2.50247986904745,2.40857657053073,2.69554717282639,2.65614320897407
"Q9Y4W6",-3.6095234791087,NA,-2.3523728758569,-4.47382680447135,NA,NA,-3.31563792264007,NA,NA,-1.33338372214976,-2.49724751672598,-2.06525326323478,-2.16370031186158,-1.74706577078211,-2.80653086060049,-1.62284205804857,-1.76429609350337,-2.12539247657365
"Q9Y4Y9",-2.09079612766222,-4.45932410547147,-2.65641019632652,NA,NA,NA,-4.57385390929033,-3.70013925911054,NA,-3.93547781900999,-4.17104420958123,-3.41407039616426,-4.46226885400732,NA,NA,NA,NA,NA
"Q9Y520",-2.09234409307666,NA,-1.98763407673637,-3.12062159685395,NA,NA,-1.48892957971057,-1.62908479517827,-3.10440771104576,-3.000453832766,-2.28815815601755,-1.46249441240273,-1.83523305621987,-1.89800584157527,-1.63142960558941,-2.89513850214305,-2.64851959957249,-2.43650938476976
"Q9Y547",-2.38180876186431,-2.15703499643002,-2.15281860284056,-1.89370241961654,-1.76919543384924,-1.78767122825834,-2.21096043315209,-2.65774453650605,-2.38685635339035,-1.45540926424728,-1.76470723572379,-1.09328242113685,-1.67409814185387,-1.77842440370029,-1.51778132154522,-1.57987187129996,-2.06929481174516,-1.48715576902559
"Q9Y570",-1.20977743925329,-1.50883065768219,-1.12439983776303,-0.948862376115157,-1.57618082494142,-1.05815395716281,-1.09532537831831,-0.880165848868574,-1.69794433063661,-0.866829491099846,-0.519750069855014,-0.466657983270351,0.196239520030634,-0.350213115014627,0.159378788614523,0.243302038136596,0.207033113187057,0.421808316443093
"Q9Y5B9",0.0089934473670894,-0.0481309953238309,0.380433005646211,-0.063337872555369,-0.261236382916923,-0.0781612089603758,-0.254755947446428,0.234118131529454,-0.235296811296783,0.0562405840806779,-0.0694281019215843,-0.317931081674727,-0.539251724967404,-0.202448696518577,-0.561579566580557,-0.372253123526155,-0.405681945306659,-0.564356464052212
"Q9Y5C1",0.818486548430373,0.832241004834964,0,0.801312073462245,0.694907831481308,0.931828224922199,0.227954160184579,0.85674523106678,0.96860228445488,0.392087032384989,0.176091452365714,-0.0798628651140252,-0.0998074195100234,0.703054730979826,0.713582134282568,0.411688640454145,0.372475215160742,0.560238851301872
"Q9Y5E9",-1.34697270384107,NA,-2.30332038833905,-2.28412703909337,-3.48826142669953,-4.54875072392142,-1.81413051494799,NA,-1.47731235014599,NA,NA,NA,NA,NA,NA,NA,NA,NA
"Q9Y5F2",-0.0119557555975298,0.40394760611504,0.831366227223999,0.491045081754889,0.409192657869831,0.1537723696984,0.754128767750581,0.765373546344918,0.38321836951798,-1.10731538459214,-0.831467887221566,-1.37453439025436,-1.061446004655,-0.940591445758949,-1.87888022198932,-1.50554553372707,-1.04207128277217,-1.47611452785141
"Q9Y5G0",3.69941775025999,3.6371867282365,3.06392242693402,3.74188151372416,3.79448703586825,3.76419824462383,2.69863408976097,3.55783326492799,3.04823037481291,1.70270274714005,1.54489359546731,1.17560643902195,0.94514861824652,1.74493243373368,1.99234143852703,1.85294866135432,1.5973464955111,1.52663715550131
"Q9Y5G2",-2.43140281557806,-2.0541927460938,-1.85451287077791,NA,-2.04569030687155,-1.0842292569326,-2.32878712199783,-2.57339564727073,-1.85124637667689,NA,NA,-4.6617932582378,NA,NA,NA,NA,NA,NA
"Q9Y5K5",-3.31699979849398,NA,-3.05554504130773,NA,-3.24202943496654,-3.36136295531735,NA,NA,-2.67016115957396,-1.9204965494299,-2.79464357222925,-2.82238698224792,NA,-2.9774365000737,-2.44398430751678,-2.89518692066846,-2.23354464064473,-2.69095817203524
"Q9Y5K6",-2.98108362744407,-3.09480130065941,-2.29816417892171,-2.99607331880127,-2.46276795530858,-1.76224505593226,NA,-2.1027063150464,-2.18969183865087,-0.931432740619957,-1.4942931498446,-1.1744156430627,-1.28158462741973,-2.36072512187677,-1.63808937790875,-2.12931693612648,-2.25991507708449,-2.09188066924505
"Q9Y5L4",-1.08768622073712,-1.48386892593622,-0.930033760040067,-1.60539732349794,-1.35971071295764,-1.44318338797243,-2.44659611848748,-1.34261777556223,-1.92410816332103,-0.0291201302753592,0.0695439358126855,0.0404202224228101,-0.902558186485222,-0.808097812214975,-0.983152297417663,-0.976090078727023,-0.784788441446512,-0.583642818491853
"Q9Y5P6",-1.97323686506603,-1.25628512446904,-1.14970001013633,-4.49841932506149,-2.35242062234857,-1.34286241013694,-3.11652232368787,-2.51848166019791,-1.1986046063178,-0.423881489036496,-0.846934743872223,-0.329335292773363,-0.299135447732922,-1.87563444111243,-0.866962501990697,-1.42105064437544,-1.65377907000131,-0.719966541043409
"Q9Y5S9",1.0830961002251,1.2288158994391,1.61844196170655,1.46523767346722,1.38390549390262,1.15973022863158,1.36091381420834,1.29018299357665,1.37326878278159,1.41421360904074,1.61765851722462,1.44238037159419,1.57301472439181,1.34793362983514,1.02356790842469,1.23967355272205,1.13787838622663,1.07546629921027
"Q9Y5X3",NA,NA,NA,NA,NA,NA,NA,NA,NA,-4.07126655582181,-2.44869296394007,-3.6657370467536,-2.98975332493716,-2.17092656350883,-2.86359991162101,NA,-3.02714483095418,NA
"Q9Y5X9",NA,NA,NA,NA,NA,NA,NA,NA,NA,-4.58589142328436,-3.57689210854862,-2.92376006489361,-2.40412062490966,-1.86379276714103,-2.88843463480113,-2.00556922677042,-2.76411578281804,NA
"Q9Y5Z4",-1.10980464412391,-1.39743514045276,-0.833625460909252,-1.01012869697458,-0.825057329247858,-0.781447804768346,-0.676159316053982,-1.30252568771771,-1.02600344028087,-0.738625889816751,-0.0934519528399864,-0.139606713245209,-0.133477189654849,0.0774967515025402,-0.55154865455067,-0.27913949726898,0.298713896338642,0.0464713854502694
"Q9Y608",NA,NA,NA,NA,NA,NA,NA,NA,NA,-3.03572242227347,NA,NA,NA,NA,-4.34127130948213,NA,NA,NA
"Q9Y617",1.7703421649428,1.49163409703478,1.9987107927762,1.60132637239102,1.6927752569924,1.77588272308756,1.63214311395288,1.68477642718565,1.65275969646265,2.0968290357404,2.12866738932946,2.3114898684613,1.93973709636646,1.89720076876001,1.84676430811266,2.11979070078133,2.08390953977083,2.11861213847841
"Q9Y624",-0.628883064981552,NA,-0.884041693101559,-1.17992133813507,-0.715088646173093,-2.0165986850565,-0.841293419131928,-0.917376654272808,-1.41265451506248,-2.63764300180474,NA,-1.92424463702163,-2.04074071570609,-1.90635361657788,-3.30295956765809,NA,-0.787275837780232,-1.82640823205312
"Q9Y625",-1.74884397307322,-1.93607306270261,-1.32656587207532,-1.79642514163662,-1.6887144532425,-2.21344540936829,-1.59351038820069,-2.28373624037002,-1.80882746031699,-2.19152600961874,-2.27736243434729,-2.21279151729753,-1.7189215503559,-1.54215613795852,-1.86707978843912,-1.70875451363579,-1.81283832309836,-1.17743454033367
"Q9Y644",-2.77286912660459,-1.66133932814025,-2.46130218738838,-3.8639639108953,-2.06867849025241,-2.80280716000378,-1.2901281654584,-1.9072794086978,NA,-1.61522737860695,-2.73833534102049,NA,-3.72712459741718,-3.92513987372277,-4.70531626808547,NA,-4.72758392124138,-5.53981820380538
"Q9Y646",0.514173240433477,0.279258761959799,0.87851041841177,0.628218642040094,0.332715712757883,0.0648341207994747,0.843182670727209,0.792698744726327,0.513521435361548,-0.410537857480479,-0.034448284601627,-0.194195622373238,-0.215966311933984,-0.351918880000284,-0.513783909851417,-1.20640011950114,-1.12868550486982,-1.02112876123917
"Q9Y653",1.41787504077653,2.14568099659656,2.33562550727844,1.68266997099233,1.6382515192833,1.17358964096688,1.97549112041652,1.42239120822925,1.3255718240996,-0.667122082541995,-0.754085676499781,-0.768634487954562,-1.84932092688446,-3.08306006203836,-2.41023592484297,-1.76692825696993,-1.92713981659799,-2.02180226911149
"Q9Y662",1.67440743174658,2.1581733120296,2.67185015490842,2.41844142745377,2.1259429211126,1.76693956263995,2.70335827398041,2.26113973504551,2.40245978044881,-0.100377728148576,0.0815908453886376,-0.14488477695067,-0.407848248517642,-0.989435455973721,0.0227233213943467,-0.428382330225711,-0.364798605229369,-0.406522290422112
"Q9Y678",-0.641282195536796,-0.397629393974762,-0.325066574570977,-0.360654319120362,-0.338875133257028,-0.440865013035831,-0.881960238713948,-1.02346374319356,-0.276541905282595,0.139720728589781,-0.211240716370266,0.113145105363966,0.0612416724659592,-0.164341412838052,-0.083844880886657,-0.200629879226851,-0.0169939454978127,0.215300155997559
"Q9Y696",1.64301848607181,1.658582609939,2.0356933593042,2.09553970625726,1.82655350816294,1.91074170636979,2.03185463525826,1.84213234956033,1.49859484658443,2.7355360038207,2.39802891331427,2.61977688390735,2.40928665628543,2.57795816376346,2.56988018639765,2.69968946577028,2.34335705904707,2.67212447918683
"Q9Y6A4",-0.455457606067528,-2.81780494473528,-1.53104955738372,NA,-2.15746763508648,-1.83680724925258,-1.57938645406863,NA,-1.99613734846066,-1.09274255350022,-1.06500149024088,-1.6569963577826,-1.5500404705776,-1.00094480736921,-0.839043867254066,-1.04055457256504,-1.49455553479268,-1.30127894603134
"Q9Y6E0",-1.55159869684135,-2.30406896823764,-2.35866111305167,-1.62601584966756,-1.53360082075859,-1.76896933492714,-1.95981462414466,-3.8244822171525,-1.75511387750375,-0.849383371434814,-0.810105593603837,-0.928673778944169,-1.0190476317312,-1.22537554835997,-1.06677293662077,-0.564012440683649,-1.0309118460325,-1.73898354087555
"Q9Y6E2",-1.12265917757627,-2.04601854283418,-1.85729941246432,-1.58684384326102,-1.90342535229079,-2.19610363175713,-1.60043689765587,-2.55214531658326,-1.72524840861058,-0.667134184754835,-0.477414370040748,-0.929504735590472,-0.779416820528869,-1.01695082276028,-0.87841318064419,-0.538545506414913,-1.1113001173567,-1.21030153924597
"Q9Y6G9",-2.05434937877639,-2.61942419669892,-2.51626995423442,-2.67225382301694,-1.90667659588247,-2.65548073978218,-2.51930487469271,NA,-2.41446704149241,-0.940665682960775,-1.93904250556312,-1.40435531333056,-1.73041885349426,-2.47929850979362,-1.70591225294999,-1.17359587290039,-1.59496562463953,-2.03203927139583
"Q9Y6N7",1.2203137365101,1.43987915068086,1.71302831683565,1.82536676351932,1.67312988448104,1.40568604685083,1.94433792523128,1.76283023815718,1.70275420238998,-0.348724393690018,0.287790005310884,0.00302217319252662,0.130832095863092,0.190365952908213,0.0076844574898054,-0.116541087576918,0.498350144059064,0.645717014875027
"Q9Y6X5",-1.43052456955237,-1.42719744359204,-1.11351874535561,-0.774936965029584,-0.963662905997264,-1.37366106646181,-0.847053382517331,-0.607345510703933,-0.764866228504621,-2.73669796443727,-2.16760713815933,-1.89083460752836,-1.6374459213933,-1.88549442816798,-1.70717491619763,-1.69634592783017,-1.55445007030218,-2.54631577551636
"Q9Y6Y8",-1.18767769929097,-1.51200223510958,-1.15280267989652,-0.966540297258544,-1.30556213285065,-0.844330054302735,-0.970438907155228,-1.91165706070753,-1.23907354192901,NA,-2.58740392073086,-3.08283505495938,-2.72665942057284,-3.09326138938266,-2.31815445759564,-2.42002800286919,-3.97763701381308,-3.26114017308301
"Q9Y6Y9",-1.4259547400609,-2.5663631922127,-2.0443637854273,-1.8045153797515,-1.88055676452957,-2.52703427088178,-1.95774634200469,-1.52277602073802,-0.888703818940211,-3.52354520937325,-2.74132619199572,-2.03558334804455,-1.88979341617252,-2.28714429407702,NA,-2.40049387813501,-2.34648610193853,-2.04970932823579
